227,0.6922345850612878,9.423594914492654,22.97889776605673,12.415225681255604,2.7873168973784113,48.887086460185394,359.07403557510423,0.6816279866657277,1.0994033200613889,2.278014614093636,0.4786245162752452,7.063128642211151,0.24582875498370155,25.03311998875792,25.042595594382714,0.09940332006138886,0.6816279866657277,0.23399214636819995,1.002219982670512,0.4415418575888018,0.86875391055184,15.677494735560144,17.082020662535236,0.7892552755243979,6.73711101599355
201,0.46787853467052,9.265996304393123,23.403539693998372,12.686370843895721,3.816128668567907,26.78628204971411,93.35237854932252,0.6440071066649927,1.1048107570667431,2.123731954049737,0.32824353956290697,1.789676808777414,0.27345316961209554,67.48743856087218,67.49059263301612,0.10481075706674314,0.6440071066649927,19.46816470546941,19.568792462903573,0.4866232131590146,1.9213014613333756,185.0236393259811,1290.7883008273081,6.675487764139496,1277.4412426042654
46,4.3687937666180785,6.487516368486647,19.357198937217124,10.131360803435454,3.058654411885312,56.08727793103607,354.98677455349286,0.18626729451107416,1.1690384506016431,1.793988330907462,0.2823005559394081,0.34937105337854585,0.056246005971365844,17.541898454229834,17.543701743967755,0.16903845060164313,0.18626729451107416,13.492743464110053,13.71291251213009,1.0368899787816948,2.2169128419835316,14.195057514452674,14.610444796116147,1.0845589339250818,3.284687385518041
401,0.10685596908679389,6.655781414571395,20.880348760152852,10.494283928085547,2.7929831833442953,29.69364332482175,130.16221028251087,0.3734274381155499,1.118878133060025,3.1445391032871943,0.44662504825192917,20.43313869115308,0.19267543039161683,79.55714275840734,79.55810797111543,0.11887813306002504,0.3734274381155499,1.092751186001973,1.4345439985661181,0.6734334076587479,0.6405456851485885,5.112095532907262,6.338408958196569,0.976792819209794,3.617704129985799
41,7.2819566428985825,7.931396625764711,26.11571929783913,13.100965996516207,4.687060975271347,58.593311152813605,137.3921576851656,0.8058309556903207,1.0409327897006906,1.256495198616701,0.21731549920128884,0.06694828943367957,0.14039089526932827,3.208608892384529,3.308505712056506,0.040932789700690586,0.8058309556903207,0.22907429787996914,0.4453813103349217,0.2316794022684625,0.30366779910122,0.6998441895095504,1.1179603427774107,0.24455081958989022,0.8368084219644417
643,0.021866776288351195,5.961510630894729,18.912316196503298,12.527671724128087,3.6258074973314978,39.98149446626698,139.4679979763194,0.9263611046742859,1.0391197637658611,2.8050441747110115,0.4524947474789825,23.28711006112239,0.1031980351146085,56.806874231307816,56.81444037552244,0.039119763765861126,0.9263611046742859,4.201582562595565,4.228315157591428,0.08686184580938683,0.46669911222638816,4.719147845663448,4.881402511182738,0.17922213281513288,1.235157283126477
73,4.685872793851887,4.217742207111443,29.591395746520014,10.61380062869945,6.0139102052682825,57.06519879295682,357.1275609514959,0.7156759953250368,1.1035155378100319,1.7803350867467134,0.15938107390625023,0.36125729741136714,0.13024288720946678,6.753493848948785,6.792097375968756,0.10351553781003187,0.7156759953250368,0.05187890002697269,0.505595572169001,0.3798067089007099,0.3296700262427603,0.30060879806571933,0.6569910264510778,0.37785400193347385,0.44553104559119416
162,0.9352390430750693,11.351467611492264,38.55109252219973,17.323867289758564,6.698700346502217,28.343862027447496,103.07330753384727,0.46687441324684587,1.0587390586768872,1.5528736811017585,0.3880841843065949,1.3269790410583584,0.22818317700367058,31.141362318916777,31.144917226937824,0.058739058676887224,0.46687441324684587,19.245625790401366,19.324912844060236,0.5298508706584752,1.666554055896322,18.764665169419008,18.898126075875897,0.5206383054631519,2.180698515196024
466,0.04151772447594417,12.605117463732004,26.828689885802834,16.836102550787565,3.7187000147729576,9.880514392818885,76.12587917151069,0.4464862303014555,1.339689912978177,8.813813927121156,0.08328322397243237,45.502881197250744,0.24554410368777407,11.458549738581484,11.472275332399136,0.33968991297817697,0.4464862303014555,9.215488355430022,9.30340943815918,0.9139554910831921,0.8904419718779277,17175.890676311745,46508.84698841847,2.070641901658698,43221.07846155566
93,2.2151215806354934,4.407437696349437,26.025652661434613,13.615051207762969,7.5127095596112525,62.25722939185073,114.65078047247664,0.005018815653584419,1.1049289344658124,1.416634265586402,0.1449165501402287,0.6401365821725213,0.07439292943826877,2.964336150146143,2.9661969052748254,0.10492893446581242,0.005018815653584419,0.1341549729638543,1.5460461884819792,1.103953516548497,1.0740334694267821,0.14344118963634672,1.426378735689362,1.090950641583779,0.9076384855053437
112,1.805111363760372,6.145893921585155,28.555364028808842,14.420748859550311,6.602940683849944,54.25436433772509,255.4569547325335,0.12016823606867488,1.097897804769926,1.4685039838784886,0.25344960590319243,0.48635357362665,0.16921097212429723,17.571532732967146,17.572216336332605,0.09789780476992593,0.12016823606867488,10.131915977150308,10.21749137246275,0.9726345916443615,0.8918466961613043,9.91035762240292,9.972255371242921,0.9586678854144055,0.5582516196472009
31,6.2220629869259225,11.248144443660392,20.18030425782001,13.808795915000928,2.197947357529254,30.63797532869922,161.10120457574746,0.6478661022791615,1.0409903054736915,0.9684302618530842,0.38692724153003444,0.11032978944201481,0.034034861453528686,1.1069840597887377,1.2832865620162845,0.040990305473691535,0.6478661022791615,0.4359660718781741,0.7425616550215448,0.37852271373339164,0.4669603311496162,0.32191517236089406,0.5867647224615249,0.3878852730937957,0.3003472594284117
84,1.8128267418888548,13.503973761571164,26.686761284069703,18.81983258661011,3.4549305391718725,36.24640974267297,359.23456165491984,0.09041399663914462,1.1930566221739005,3.695985760191918,0.27481456727405135,0.4913498441324967,0.26634794566105474,5.514094845190175,5.518214159663099,0.19305662217390052,0.09041399663914462,2.5264894078818987,3.5708184839848447,1.004900498846172,2.314685919265746,0.45111250541868764,2.0846816368140186,1.1195694833686611,1.6996938566206798
135,0.9971487116612303,6.047548780036467,23.84595340689477,12.060921707332986,5.33430010610011,85.30135729184903,349.605446708851,0.4180541983559455,1.2477744925225935,3.3621380307482416,0.227720598372449,1.8179398884891274,0.0193384633134405,16.48707219631808,16.494232662312985,0.24777449252259354,0.4180541983559455,10.875605103256957,10.912961543414937,0.766385221369562,0.47602203576186963,10.651166636638742,10.731002539038501,0.7226167845436259,1.0885264140572568
754,0.04281390255388221,5.896203112793086,34.56320696933275,18.267005072032028,9.20305752263325,65.56026255455478,358.6256755126332,0.7624132130186769,1.442541635157521,9.95727627277876,0.39493471161499044,22.869638502116384,0.21250149725284437,17.996543986069923,18.018121779163966,0.4425416351575211,0.7624132130186769,0.18594984407844675,0.7128010520017729,0.6684488902145271,0.1633526136705581,1.0989550238473558,1.354264547537219,0.6523612587727583,0.4480570369152441
121,1.351922908244336,7.938300029313764,15.196651710469844,11.584524527682838,2.163847718916877,47.87922745774953,256.02585938261467,0.667246545659758,1.0077795608052407,0.8924213520011254,0.1839645984630336,1.053887609783373,0.23282567135362414,20.0483658834853,20.059467915983177,0.007779560805240671,0.667246545659758,0.18274846552928403,0.41686805520886666,0.3343977371695974,0.1689974176612401,0.21683957944212073,0.7370913159721995,0.3623761750631498,0.6041255768593103
420,0.13577475149724136,8.408843279331325,20.159333746615154,13.96730242726203,3.171075993714661,47.09195908201203,120.78237337864137,0.012485403532616957,1.4893712578705018,7.440926709989833,0.235506440234112,9.185491980421535,0.17184128548497854,35.77594450098683,35.77929352364327,0.48937125787050184,0.012485403532616957,15.631759481902941,15.698253148046765,1.4206101552710366,0.2551748162308136,265.7403383101292,3510.200060964822,12.829619697427065,3500.103132973467
174,0.797193031377588,9.689950607020522,29.181123398971867,17.32187197211714,6.003901221578512,30.90908678030405,180.01266431195634,0.2512625352072486,1.1992230045391956,3.760823883873372,0.26253863908046354,1.9451256260937335,0.15098500383430835,22.005737613790163,22.0080737592847,0.19922300453919561,0.2512625352072486,0.376087466542555,1.1335999720572436,0.9357212193770201,0.5177189524880932,0.5013603906077886,1.734385069736571,0.9626075698911469,1.3528177982429845
290,0.5972189768744954,11.242829750073541,40.44235159137228,18.676709619998203,6.497954344105728,68.88242561367721,73.38145078850778,0.5357093534454658,1.0426935356583802,1.338645753359628,0.3201761719300798,0.49263307319477556,0.17266326923992734,5.807808536398923,5.832619243943854,0.04269353565838019,0.5357093534454658,0.6119780356612815,1.0782544256264135,0.5030733531740452,0.731459289077204,1.3997568377711727,1.6585412901345264,0.5025504519125341,0.7340865408631696
71,1.987931489990713,11.447392524288821,22.909228624330726,14.403984141000432,2.560750899830644,64.98492807600319,356.9867613762437,0.23613345706810818,1.461024593021835,6.856589084973065,0.1234230588770237,1.3397620605945086,0.2167663156057494,29.80321180516236,29.80771270306205,0.46102459302183507,0.23613345706810818,17.967221637425265,19.203220219592286,0.9120253321751914,6.716459128682765,17.872251149677634,19.17604477550257,0.908678182839032,6.890401732479632
126,1.3773542184465901,8.091225378188716,34.996872334574256,15.697910515404027,7.01457322389968,67.05495975720208,358.39273694839824,0.9248531345702725,1.0521588549194274,1.6705526460905005,0.3162004533886528,0.22775745135678369,0.10004655860786141,5.526523678061897,5.603618280258726,0.0521588549194274,0.9248531345702725,0.10762614187085,0.33294053528445555,0.13448760999940002,0.2849194559487729,0.3217246302221091,0.6062841576127237,0.13404264961182688,0.49609103012013644
82,3.2962091820249046,8.212391870055999,32.77127016804263,17.285254360275026,7.264934820801555,41.93443031933053,356.88313820674745,0.2774729383342899,1.1754332756670154,3.309947627081467,0.0022294228944551575,1.6235042087093816,0.17691646420570226,7.197058252029757,7.204541314256498,0.1754332756670154,0.2774729383342899,0.005096106545092539,1.2729036289623996,0.8979864557520728,0.9021518739156715,0.09887203985638092,1.1510166698056545,0.8970371352341092,0.7144144958748526
43,6.332400750501924,3.704135179563897,23.027514363596335,9.58144597574049,5.078846912045539,41.5104361372554,147.7544316031843,0.8619511715056156,1.0186061002150737,0.8333983405795365,0.4498589362648105,0.1653960316177827,0.09573838471543195,7.126598332747181,7.178559034049941,0.018606100215073695,0.8619511715056156,1.250110621425113,2.168236448804517,0.21966628944265443,1.7579020033571373,1.035024270821584,1.8218901387030886,0.19174990264447578,1.487024011625112
22,7.172224839174634,15.347235585754003,24.511714739760095,17.595958829082402,2.3656790922010855,26.06047323780447,94.7440884009626,0.8956081823822507,1.0397125356695966,1.6112443765968747,0.16644549986365031,0.025300749411923073,0.03662726888687394,27.00586796128392,27.020743798869425,0.03971253566959665,0.8956081823822507,27.316097532807703,27.78829758695726,0.025565034440373502,5.100945479854257,30.01917697112331,30.05197572827948,0.072329424214854,1.4017944228279065
307,0.40697818961914023,15.274375362662381,40.30967919333916,22.0902807352727,6.518916989415504,50.36583105990241,112.94424246901495,0.5136851835106208,1.0434611209669258,1.4343477598304557,0.41677143205874456,0.2682293263128779,0.029825178127817074,12.405718862349897,12.416425485157074,0.04346112096692578,0.5136851835106208,1.7115357153261954,3.3230586286936608,0.5745464201602258,2.7898495579474014,1.2947640860064809,2.596799109779505,0.5577377135591303,2.1807980697472344
53,4.181376030172012,6.364901659980886,21.01249396610057,12.756163778906215,4.195763831315973,67.94475565592282,355.37137927506836,0.03663969709506998,1.3946674580861798,5.097004677138522,0.09350291131648869,2.73879745681119,0.19722463672935622,10.571494883923608,10.57892286344401,0.39466745808617976,0.03663969709506998,0.07739310914241854,1.9932855832783527,1.361890790245852,1.4534273970880422,0.15146198444529685,1.9380628325514222,1.3574104801757105,1.3749849448245903
235,0.724460483055942,1.6641788464035938,29.12412612832496,11.206194745886672,7.781081426075161,24.477219868315586,359.1093159402579,0.6440120309427623,1.040451703641445,1.1253214833255485,0.13239903163018468,0.13244420194121778,0.15735268130439092,2.8741524696257295,2.9456986021964635,0.0404517036414449,0.6440120309427623,0.15607106458761175,0.47245756815708,0.39222225945716016,0.21217840534255972,0.31944075178121956,0.6057753274446924,0.3969253702860315,0.32767606544493044
35,6.920958495377035,7.523403804887477,29.757074438042938,13.568297410382451,5.352751892400151,57.77325820139075,356.43183008416537,0.19657286238454597,1.0266961403916226,0.5468765997891519,0.07217134404702497,0.025943700467858745,0.07189512382770613,4.484409132414786,4.488794809414103,0.026696140391622603,0.19657286238454597,0.1084379266878266,1.14516064542038,0.8300045174297945,0.7814900005255349,0.1138790061316039,1.1514757198332384,0.8274789737124506,0.7925947598815818
93,1.7906975201701227,9.872673019868959,23.441958498393422,14.024164674666828,3.117865159165216,34.533346047334476,180.51211843395035,0.04557477266325727,1.1272397333286333,1.7733336487666789,0.33966125355767995,0.22302474868401487,0.2704777520535702,14.733443888138448,14.734063791587337,0.12723973332863325,0.04557477266325727,0.9914791386224336,2.8319317140850604,1.1155921782958558,2.4067115412201714,1.4291273600231487,3.7418017773993437,1.1496158050851433,3.2614504489384153
876,0.0017476340017598248,4.7853573197939285,36.78792568590517,19.31560207312609,9.793450053741955,57.82317144171554,359.93608530565444,0.683756019415066,1.3392849612363995,7.785579469884858,0.12240935099289868,14.917551101821264,0.1581672596239596,16.925774170548266,16.942976947732838,0.3392849612363995,0.683756019415066,0.11543531925090128,0.8589238813623256,0.6552538001975969,0.5432010478364088,0.4323709101224785,0.8116731121750912,0.6431266585403861,0.24136432665689322
26,9.375969957060876,2.5443607181459673,33.098205642661625,11.823080310029187,10.792717408104018,37.10184292488885,142.54604183019705,0.05400002872784837,1.003599402994957,0.3141654389495718,0.37104185967738496,0.05447721676896365,0.20972545385067806,1.1687592932576576,1.1700116428397915,0.0035994029949570905,0.05400002872784837,3.7016226578412157,4.7180402599637095,1.0572125439373015,2.7276721266560937,0.8275888698498999,2.020581920727057,0.9620871913566889,1.5723346326711134
28,11.16547729726096,7.95683923233172,21.426322086182235,12.435460607103648,4.126470842784812,66.61570606086973,350.171105092888,0.7809888564440269,1.1034696228844705,2.066411802101847,0.01912640996484366,0.1856458678078999,0.03145627419037671,8.765789682277216,8.80112028725135,0.10346962288447048,0.7809888564440269,0.026627323645270838,0.48133066464916374,0.3238895173073567,0.35505742485618186,0.39692504067939494,0.705185571205569,0.32489973412710726,0.4839187583492919
134,0.9737380207982177,8.885427529768833,29.358231848871178,16.009460432759614,6.067600524692298,61.88433964390344,131.77767568057715,0.32602239451234516,1.184505336838508,3.18619596683834,0.44203153378579985,1.2974328176462127,0.15144184607667086,5.727890860733139,5.740127745400418,0.1845053368385079,0.32602239451234516,0.8414973526913231,1.2297040790232743,0.8224242478854024,0.35731314539225156,0.8721125488742897,1.2653590281321416,0.811099283565487,0.4274004262644826
346,0.4135289160424378,7.6183096384910565,32.6050856851339,14.734645559271426,6.675848697914276,21.629100966775848,105.77630666501508,0.38539649529958164,1.2291014601509629,3.731279334160322,0.2408864183367344,2.391729946098193,0.0178228029342952,14.108338838618865,14.115461123283009,0.2291014601509629,0.38539649529958164,0.8351714841208452,1.214746833530468,0.8471162928163571,0.24595212568456404,0.46705253319961954,1.0729101814256576,0.8425166633541108,0.4724022233323123
45,5.964204210573543,2.406613760830031,22.31050445865323,8.47684637674646,5.258415002568527,29.08784759179425,149.6796059868227,0.3768868471716158,1.2227646130752905,2.1504677236560994,0.402705229337571,1.376866903725457,0.014034809152335714,10.733183665238036,10.742108701746698,0.2227646130752905,0.3768868471716158,2.779767693826939,3.195480884044568,0.8672089533550695,1.3160312609779146,2.3645893493159,2.697638655437219,0.8543586465791904,0.9777744256352333
401,0.12553826758312792,13.498181474354752,20.961007923907818,17.791163085260703,2.4602583894900225,33.52486161295522,69.76732577521284,0.704058706583026,1.1837584097489957,4.000957498687305,0.18826674276837918,0.5850151477362616,0.10422979156434205,12.193008344712695,12.214700909547572,0.1837584097489957,0.704058706583026,0.5373131464066037,0.802821318500006,0.45803379571191016,0.38212785049308295,0.30766986376974303,0.5582345236652739,0.4635815887340512,0.04535580366960823
24,10.074025480139362,8.819405991843473,19.788296906417145,12.800758316542206,2.8875143615051386,67.26863296543382,193.34608583305544,0.20377777125937657,1.0856696922149756,1.1081128890573544,0.3255398933149835,0.08410358208339026,0.163977390685187,1.9947702236727067,2.0069810466157643,0.08566969221497556,0.20377777125937657,0.1228834603855226,1.4006369931716351,0.8874032298258941,1.076661111724172,0.3290534510805048,0.9111821247419385,0.8329273768809372,0.1679543855440654
60,4.796050084437807,4.99705942248757,37.23429201430164,14.988588325694696,7.629949044743203,24.747001275020757,136.8682202518625,0.33884327700463956,1.1604449595891295,2.6808697893665965,0.3304334322282661,1.515547724933472,0.28465592741994566,7.620815549859673,7.630031913197467,0.16044495958912952,0.33884327700463956,3.227600501143917,3.6451525446146147,0.84012026706112,1.4710302564526303,2.657237913946775,2.9798066428967473,0.8205124793367461,1.070090448975244
19,8.412488792322602,12.049421082107928,18.16175286700246,14.588115643361908,1.8152128576669921,71.76656212510572,145.79465334444524,0.14879050460566945,1.0982926210983885,1.3581667712175187,0.49530792575757315,0.1785282699651271,0.14250396686270164,10.217066031094614,10.218622134973515,0.09829262109838854,0.14879050460566945,4.244302518678083,6.689378442964388,0.6943320578624358,5.123629873104034,4.593405722198823,7.197572479033116,0.6774200761861836,5.499706856059324
22,5.500762933596381,16.528646950863706,26.370109536554054,21.403141589119794,3.8214995805945127,41.35902505628956,82.68954673571689,0.21462282442386948,1.0476438780110007,1.2301530437391155,0.007017393786878545,0.03336974461799461,0.28371729224876874,32.8634350178992,32.86417036943971,0.04764387801100067,0.21462282442386948,22.71769190843049,25.70040218508034,0.44074096953902087,12.009283668324436,22.1551539683334,25.32565931837407,0.41171953592674915,12.262489941831728
116,1.1366241640373695,15.620938721269253,26.230288674728133,19.28982974013115,2.555670746443139,70.51526245634471,357.7315208901357,0.9810851420725547,1.4888876203342838,10.39216787064777,0.31364671396299937,1.6784801818646742,0.16324428505776623,27.04034389198216,27.06255229940385,0.4888876203342838,0.9810851420725547,0.09259607041538716,0.6856794731743059,0.5067087533321136,0.4525798791073654,0.10916423699864966,0.6330412473025462,0.5016152910322004,0.37041394405387473
140,1.4759728629249036,4.42793278054505,32.66920682231026,13.23260218309108,8.81855493544747,30.868160369422675,357.78517391565816,0.3327285822548023,1.1193672347134915,1.9039654056185753,0.08917980398930514,1.1077955174302234,0.2831398374221603,18.624858635270705,18.628212904892145,0.11936723471349153,0.3327285822548023,0.1491566318615837,1.0285614274630979,0.7816696267769592,0.6516774538151549,0.22437302567282383,1.2275175571927153,0.7882933113170985,0.9138105678418901
459,0.2873549163162039,7.89703000000813,41.929661685904314,16.560591871170523,8.22369164792538,41.8373973803024,80.65359477569687,0.05004237476681206,1.066648423890655,1.1776772082899032,0.38245320313465775,0.6064111014985938,0.29218391251980663,3.1926898843696847,3.1937775359965075,0.06664842389065506,0.05004237476681206,0.8999248693963221,2.3535567670122117,1.0194145303171496,1.9209785788418494,1.514671253448776,3.109978033916464,1.020515193790331,2.517197470335197
420,0.3882880907950689,7.79266574447733,35.71617853130679,15.672290952701022,6.591300013512884,65.37489693793913,358.8784982872903,0.16662562674743497,1.2480501151904515,4.046440222535797,0.4704591169065257,3.1262419297828035,0.12057738195330973,44.81112807185277,44.812124386499754,0.2480501151904515,0.16662562674743497,12.785434242082378,12.853551532608822,1.0764604220030147,0.7666102025665471,12.695316539285951,12.751583086063818,1.0703754964971672,0.5348882730251449
92,2.466901505722471,3.3339852414835613,26.502927988847713,9.64085440229484,5.865341976808472,52.30779807547373,150.772102535436,0.15779332890125042,1.1362712158479638,1.431644018546856,0.2748286235387359,0.7374620254724725,0.27275087983064084,4.727428022877478,4.732023276612414,0.13627121584796376,0.15779332890125042,5.01392016941352,5.2453603931418655,1.001424712279392,1.1711356600863179,0.09118897627670981,1.3611887257806599,0.9794893681767775,0.9408081076535424
25,5.534802260153256,13.900467384348,27.718761715677967,17.44324329968638,3.2700581346711948,47.45126689559552,355.42500668057056,0.7231428646213577,1.346296416132701,6.5309004321111725,0.48513794193319687,1.3821825707052167,0.04794316118969819,98.0272191858395,98.03049810196364,0.3462964161327009,0.7231428646213577,24.629077207123064,25.171560605103576,0.42692265309156163,5.18013091246263,23.17344950751093,24.36393592848794,0.3548436488752481,7.514432635612605
27,6.003652079179801,12.719120145623949,27.653483458609113,20.02795982503664,5.0911222646822125,72.6243199746849,349.8319201067964,0.8507019618779977,1.1387324275390753,3.4245916169631125,0.411157059749569,0.557754360593907,0.10136138565556259,3.4812281063717503,3.586347674582959,0.13873242753907533,0.8507019618779977,0.6027058218590875,0.947496811972159,0.30446942934571164,0.6646760621449094,0.6588470881172608,0.7307764565611674,0.2700672513953778,0.16437281912545032
396,0.284442299155457,4.929914785005634,37.398704889861456,15.423082839017013,10.052527976779471,31.70705903785649,136.0045921041131,0.08062712074873457,1.1345838379031468,2.3204505030735625,0.18580417339293553,2.6487188698448803,0.15470104888712718,13.321816615776177,13.322740389514285,0.13458383790314676,0.08062712074873457,0.5932645676278256,1.7274974371874763,1.0635123250941028,1.2252453152979623,0.9939037008966978,2.029543089844676,1.0685759666576322,1.4104417713474842
17,8.40444003942261,15.549858016392104,26.07498096747713,19.274107667036752,2.7580451609524594,44.67909197435118,156.79781023435817,0.5631400217226966,1.35236425917803,7.2908012392106905,0.1581593963750319,0.8586944663572273,0.19806377554100094,3.358218915147884,3.4232910389373776,0.35236425917803005,0.5631400217226966,0.11164669073063062,0.893960839402266,0.7648792780327068,0.4490664637554981,0.2353621168564573,0.9519181089529574,0.7634438431827745,0.5175966174616454
20,11.032368865920555,7.435833879689425,30.879857164205227,13.273234687525308,6.053168463986668,28.11025700336844,164.97945410701936,0.5210315661181841,1.121597618027541,1.8642067980692911,0.38544304017464337,0.6294039022127907,0.11442176624289609,5.766156771823129,5.79092598733944,0.1215976180275411,0.5210315661181841,1.3745672968697193,1.7183052779790116,0.539327527010018,0.8787852942078964,1.6047661606322927,2.08328092784934,0.5268041498053182,1.219533673900886
243,0.45632233051374804,10.592041448338094,21.377487962067708,15.217090678125821,3.4991288555517532,85.02184738360359,359.3366157944233,0.8982211449536004,1.2704199666883174,4.97799581595813,0.32473352279225365,0.930166609575516,0.04535963048093798,31.999922971528434,32.01366893012075,0.27041996668831736,0.8982211449536004,18.14815930063964,18.88171674508051,0.11332694623501216,5.210633190248349,18.16985958968107,18.921098713105525,0.10731685632784616,5.277562135560924
512,0.09790918057614063,9.717258373538765,18.082247635942913,13.814835567319935,2.601213766358686,70.60501298524754,359.75475936226536,0.8733965988799871,1.1641117916463888,3.169305918583605,0.02704423576302961,0.36427337927171477,0.07078068872593751,15.575978353825532,15.601309431516766,0.16411179164638878,0.8733965988799871,0.043747535282180464,0.4301285726382093,0.2913509376309359,0.3133869386207603,0.7346577750561077,0.944359661924995,0.296343685317196,0.5140754271440359
417,0.07878093923573959,14.666620375619255,28.72297277509789,20.19804647450815,4.578019618986044,35.432354622170195,89.57242257061449,0.155316385628413,1.3586115901987692,8.371077103087256,0.44418190628288173,16.792020071275978,0.2907433881595178,29.164564649915153,29.16718287170275,0.3586115901987692,0.155316385628413,4.669301559682449,12.23952543453904,1.4095332423198679,11.225721439901776,89116.43033264877,318237.2975580049,3.2737062441226374,305504.89258123375
110,1.1691726560406008,10.685084590720171,18.75138758425184,13.478544995506162,2.176522429753874,66.69093575678741,357.07828603761584,0.3362546145508545,1.0718532552304494,1.3036568941539215,0.08197028347335134,0.029711835956811247,0.18036458172539158,4.469523305738095,4.48273004280092,0.07185325523044939,0.3362546145508545,0.0813897704963784,1.1538035936676825,0.7413188504902435,0.8803890048875154,0.3195148194863067,1.2113056639512738,0.7390093758437148,0.905006538133373
31,8.363877797345419,9.353061384264413,21.810377992203282,13.706355290800255,2.727118761518179,39.51839273435692,351.98687498131034,0.19029194932991755,1.3050491166440374,4.196180655966431,0.33899850224194,0.6921630818934873,0.09667217508643385,53.18405487173746,53.185270128011254,0.30504911664403744,0.19029194932991755,19.072297156964545,19.59155860589289,1.1776954531043589,4.323156622690771,19.17345545599181,19.656799849680617,1.1694010515929119,4.1714370890659715
231,0.6426504395829306,2.2764564621824537,24.637754343837535,13.530696550959735,6.472313852397464,38.52332748576909,100.33659234133982,0.999627347224058,1.0576455504652105,1.7947157864726906,0.2755500705862341,0.7714560962771589,0.17328917586165596,9.972735749287898,10.022875643642971,0.05764555046521047,0.999627347224058,4.147229831240665,4.745547303423349,0.11674541988225662,2.3037088450654206,0.23916053403423523,0.24502502206557136,0.052508862223886066,0.009073025220184272
143,1.1068166079127517,11.643594495783853,20.806898389833723,15.794049982755533,2.653318053185391,23.707621379865966,358.8355619204525,0.21277310584622655,1.1685608369149987,2.8736834582380117,0.08277749947991991,0.212326378830105,0.08233065546708886,3.034515241474771,3.0466322228085922,0.16856083691499868,0.21277310584622655,0.028625552033345724,1.3548449961703644,0.9548247077130463,0.960778496303574,0.3504246144404067,1.4988439798588227,0.9587514352140725,1.0975115266038362
44,3.6046880090003532,7.858471006251037,15.475392414699634,10.845215750391077,2.4482504608463524,37.676390257085416,216.7869779257578,0.21113127672437715,1.0408504062217294,0.5677125061527305,0.36147151124421406,0.08754098063311443,0.28127053901570664,26.443686370234413,26.444560764342846,0.04085040622172942,0.21113127672437715,21.350396748308583,25.53397646940228,1.2863945721205072,13.945956476148297,23.919593951314887,32.165171417817014,1.5090456480862102,21.45166797183298
503,0.19611492547898976,8.237652366103879,39.481173996773336,22.246858801151227,8.448568743110027,69.9569010981691,121.14632628277303,0.6043473783709674,1.0142059669456673,0.9372914925279122,0.1464427322907329,0.18827430784743643,0.05471980942413511,0.8065674944698862,1.0079626413593674,0.014205966945667337,0.6043473783709674,0.43575102349877415,1.0081206482290734,0.41214234227304325,0.8102882058942161,2.05783485438466,3.0368849564574303,0.4158869074030429,2.1943163015134908
108,1.1036343066192902,10.968360181817824,25.71041471735817,17.408296210840167,5.38630119479466,33.415525824581266,120.17922065331499,0.8994480769555774,1.2075984655453975,4.458234143998577,0.36357613930954513,1.3993767118317264,0.22193668902399,5.317863537368944,5.397386086626936,0.20759846554539751,0.8994480769555774,0.40466896210758363,0.5176355677213471,0.3016259391497743,0.11494087571003186,0.4345643077831024,0.5367679127635235,0.2928510362008615,0.11624080681750426
113,0.94203895647081,12.821618130359834,20.4546209611791,16.705179013878215,2.1904688012933438,37.61426702694634,87.37067340881723,0.45988972466277,1.033197586206704,0.9711658333076714,0.17427427002792556,0.028609738395381824,0.25878384560414275,6.061009143109369,6.078522227600696,0.03319758620670399,0.45988972466277,0.18958840576302538,0.7384187524493191,0.5722069002251751,0.42649472881120076,0.39871568512246147,0.6834800358512134,0.55504696237847,0.009676331894654222
30,4.428654233705812,14.014409495174307,22.85645449007404,16.117107538810803,2.348659327724189,76.21216504788909,354.3397284120867,0.32696617663284455,1.279802871301941,4.836385770431592,0.110592277402971,0.37072121261798296,0.03293944822575987,4.01480328012672,4.0378016179063305,0.2798028713019409,0.32696617663284455,0.25359218260472144,1.1450734230120254,0.9397585976519495,0.6031068952926104,0.3174075364008826,1.0709361409901188,0.8771577539546765,0.5260712390845153
722,0.037714282124026055,6.051342102888029,28.85365190748897,17.045026690821835,8.515926069986497,26.71437902174681,169.13947201285123,0.5296485709266406,1.1903419951323106,4.585089390980172,0.18085014861870785,10.592668998962434,0.18232137106846164,21.938215316553286,21.945433442045495,0.19034199513231065,0.5296485709266406,0.42116502332314915,0.804508741878462,0.6509991266640335,0.2146030660795477,6.588956067215084,11.632169049786445,0.2908735191299183,9.581670383758157
129,1.0486256721939207,12.779104859053724,18.417426150952284,15.803168217006936,2.0493392363146636,38.739839629000656,358.0531944574146,0.5649523439721424,1.1900924740275398,3.5691977863704207,0.0091822123668438,0.15107543109740626,0.05202835051078055,7.648417152627701,7.671609429595015,0.19009247402753982,0.5649523439721424,0.004354620033107255,0.8770687716845232,0.6244241666003074,0.6158937633342922,0.14626789546496693,0.9254898953121393,0.6257808620755096,0.6659846557850685
23,3.5608640425857234,24.659702499910175,33.061052824266625,26.842855516208967,2.166454486165331,20.671452413320566,83.40060172094982,0.06946837455252719,1.2410027703171365,6.424396474246585,0.3699346550941902,0.5152328400537648,0.23343328753036247,12.813286439536052,12.815741007525157,0.24100277031713646,0.06946837455252719,2.6892933020788568,4.887525403942688,1.0732018403860861,3.9374920849915185,4.2583745147742755,8.865210724611982,0.9791203576086812,7.7135939100404105
93,1.54207078283312,18.100616860177475,27.7732377846307,21.2699732022875,2.3818607454738268,63.90543506058615,111.76211650285438,0.5646851321425467,1.0647825859098181,1.7951396772884363,0.44363261315929114,0.20134326337757744,0.27329233697445326,4.410107799719464,4.446584856611471,0.06478258590981811,0.5646851321425467,13.237484682457913,35.70119729958418,1.1036274391680507,33.137991707118346,13.826045410201514,37.64340949996321,1.1323259274546795,34.994064998096185
57,3.6895533420885913,6.6504636186296,24.7260789554203,11.886573184988942,4.482313378645974,63.9741290082655,353.1387286510148,0.7876948777683047,1.089703154059167,1.6845142403012916,0.3204082494995513,0.26660662751523206,0.08599817460039584,3.5095906010984104,3.598018352319633,0.08970315405916707,0.7876948777683047,0.3110979653721037,0.4920762094277199,0.300714716186839,0.23436661727891084,0.38210380502533686,0.48436156188294277,0.2965348499584285,0.02588218644116913
99,2.5327585415155136,4.612311118071933,26.357133618500132,13.176004941239098,6.769722067023844,62.49809329166537,344.67271170345674,0.7534128248112942,1.1620661459909392,2.897545801011122,0.030691311418473977,1.1962649485105021,0.045040000970115755,19.883786875504352,19.89871545680137,0.16206614599093916,0.7534128248112942,0.018219450842149917,0.5533107209932846,0.40755955376986475,0.3737860560641978,0.2612026756939957,0.7953680930507979,0.4176791793741276,0.6244418858235852
149,1.5398285718454474,5.832886591707637,21.680684894536196,12.454540120958521,4.277924997315307,40.0325169089362,250.19338888518104,0.15563323752009173,1.1627588822778698,2.1676419212246922,0.1830228389771862,0.5331955981917446,0.022621585597673733,4.540021949163678,4.545603530585272,0.16275888227786983,0.15563323752009173,0.16315118716243174,1.3386787034866956,1.0048127622758696,0.8693639479894749,0.19061473724781425,1.2385172354971914,0.9994995776695681,0.7061101605315614
258,0.5417233075984459,7.682471113084562,36.41802945307812,16.04129250708779,7.239413628482077,58.3507181114869,347.41511688630607,0.03070136922667077,1.1589180742169778,2.568691816494183,0.43821384017128845,1.5990567997666383,0.18748562358013743,7.66154685615301,7.663256341622228,0.1589180742169778,0.03070136922667077,0.22784569900631305,1.4341848229646583,1.1114490733769307,0.8772989234896252,0.19364726869995588,1.477808769649957,1.1114361821796184,0.9545308313100007
53,5.702285040205861,2.063143128783282,24.113956035611203,9.110232178989124,6.160883902718756,70.98689660776178,354.46386281985275,0.7013865454367312,1.1226924039112838,1.7479307366492443,0.17702946486911403,0.6137806341352691,0.10701255581308451,23.235075274165283,23.245982868190882,0.12269240391128378,0.7013865454367312,3.8852773286623736,3.927908810748558,0.40962818772606124,0.40656174532115597,4.0374695296002026,4.083490305746165,0.4090994733659783,0.45428019499478745
21,6.698470354453449,17.601585937696107,26.00846848723809,19.11238375496262,2.0864262264949964,68.15057190302737,351.37406351276235,0.8852932215038823,1.1458305756746048,3.505378474121225,0.2752418018184097,0.13643994669576562,0.10146222645572929,4.0269412691606705,4.125683777280035,0.14583057567460478,0.8852932215038823,0.9168666512123331,2.1903579040680716,0.1669170980830058,1.9822113848365681,0.6320541333315872,1.8217831535362858,0.1736931384780528,1.699774139317549
137,1.6999280568944704,2.7786805457291472,18.265034442767426,8.840577804949907,4.727249075885895,37.48087922961793,359.48146315481733,0.7148828387062321,1.0163874877943273,0.8082207062033112,0.34329736768669133,0.1085404543097917,0.11655852012250756,16.764539392490807,16.77978268825937,0.016387487794327305,0.7148828387062321,0.1865365036493853,0.5990864008247233,0.30616242629702695,0.4799721004217864,0.15087835798504357,0.5058530574119202,0.2988819658368541,0.3791999568594675
966,0.050291129273632745,5.959443460972763,42.52926647669721,19.428810082168425,11.579825029150978,33.40303019971128,62.42062684436429,0.46507320534289576,1.0995049767348004,3.587142845282217,0.4423595062159956,13.964306723068997,0.21354738727164954,6.031089360863324,6.049812658706192,0.09950497673480041,0.46507320534289576,3.1345958071270394,4.309951068726281,0.6164482550824458,2.893091579878212,58721.62491072966,103104.52825171768,0.9781366428906103,84748.53693661073
97,2.509905553684108,3.1372616713785515,19.169346783215154,8.405576482003744,4.30950000287828,55.54060488039004,277.5513260942141,0.039816597495940464,1.1869484779995814,1.5887346457226057,0.4071406549070985,0.7660249933458031,0.025012266423284857,27.47063100834083,27.471295984923596,0.18694847799958136,0.039816597495940464,5.541069834039876,5.769371260537485,1.1359422433964927,1.1365848212414886,5.517166765794311,5.732538284465453,1.1319704090751967,1.0684142708963538
37,4.4441282907102275,8.476479816555488,15.98087567589562,10.272127677027823,1.8991734008498216,77.46942800240998,355.7437462679479,0.1011719372006411,1.1954920237929239,1.8796283867532606,0.42414236882901596,0.23327263654583835,0.06821358933231984,2.5611290108090854,2.5705708903376907,0.19549202379292385,0.1011719372006411,1.425099872233828,1.9238099967834597,1.0025967750024636,0.8154354448009737,2.6992894943746912,3.929657830542652,0.890187774814425,2.713597725580295
173,1.145681129533658,8.05711000075155,37.28113227919498,16.067989073391402,6.804552457847963,78.41651400677543,185.31788855162924,0.049928283639211424,1.072246554658991,1.16014119681824,0.285313645941299,0.34000844963984134,0.05460953527111454,4.6865813837680985,4.687404128603481,0.07224655465899099,0.049928283639211424,0.16814514262293556,1.6429356739030998,1.0255722817348292,1.2724646692670731,0.10268235552355502,1.4221856767312662,1.0216197151555053,0.9840536522818701
147,1.288388663915545,10.463967272220112,43.07549269639981,18.459154395052376,6.947264015731832,30.68845904322852,96.49168472393984,0.9699776048130127,1.0433554955377986,1.7791247370908165,0.09006120143805885,0.11095546512561393,0.1464420373745865,3.2862822931781803,3.4267167322801217,0.043355495537798605,0.9699776048130127,0.070430158434247,0.1947574641852471,0.0760515803307249,0.16488244226719218,0.2922939612452568,0.43381871330778765,0.07606302360842321,0.31141183772478087
614,0.09661191344844369,11.09475678464927,32.87131448688666,21.37801774520123,4.238644527536651,42.25736229405858,91.57981090307706,0.7409681479871668,1.059716801612296,2.035551249850434,0.25653822991228026,0.5482333055329172,0.07699443602918676,3.7992830246387297,3.87132424294767,0.05971680161229598,0.7409681479871668,0.2416058202043515,0.39841963114053924,0.31600017154191673,0.022554859942484518,6.868019300962191,9.568204155487955,0.2871443107481202,6.655703553157455
313,0.059920341381946345,15.321765883221088,27.24773883598135,19.13666968162639,2.353675368709084,37.049154390334756,359.8117872133571,0.24512229046725165,1.2569527419322268,6.619700369048596,0.28297796937722164,23.173647852117078,0.2650614112904371,53.5968172916122,53.5979937445361,0.25695274193222684,0.24512229046725165,3.3741709420749397,8.61727612415432,1.169770941399667,7.842452052657647,58.23155319537345,84.97804389580526,1.3385233027616288,61.87537888514107
26,7.101330591378148,11.222962890402632,23.459370494458252,15.178692581434396,3.6416098936108763,54.06186892727105,351.7970044687421,0.7562970335399241,1.260188859027158,4.352621830742142,0.3689102123691557,0.9829935427704799,0.19702907059538863,5.124549761037959,5.186587866667001,0.26018885902715794,0.7562970335399241,0.6327465356194748,0.8268482943354555,0.4597514393883174,0.268213604217562,1.0913928826362247,1.3766628235773841,0.4512140273507351,0.7074376347586959
103,1.8067580044713325,5.51601719678958,16.560416593371187,9.497343647752807,2.8883940587836494,64.95372392081312,271.66676761193526,0.7749989288026834,1.064032714156863,1.4133115152273656,0.42065870405523076,0.2905121792764081,0.22596243497860596,15.839054859510195,15.858133003941578,0.06403271415686307,0.7749989288026834,9.520670405548552,9.630676812369495,0.343017510350759,1.4103580682990338,10.0210088775488,10.299801196432023,0.40349391981384797,2.3457362210580994
81,1.384444083094413,9.074210011040579,16.825619770872624,12.150296286336115,2.3756791990167145,35.45975311806838,164.29138552417402,0.045904840600580865,1.227119816986023,2.7858849073859737,0.12927021630674107,0.3260341439863917,0.2692268984186479,3.847544409059144,3.854515358036676,0.2271198169860229,0.045904840600580865,0.12122367851412581,1.8671627647581657,1.1956443921951891,1.4289982845612716,0.21320288257768355,1.9022011394785745,1.198092875519673,1.4620147631002756
235,0.5959252985019192,5.01779835600997,17.377595097320796,8.935475435125582,3.2208311681255664,55.365929169752505,199.8420879370027,0.4740510521198895,1.2374097987568704,2.5516502233959804,0.34592132619796867,0.7090235375593548,0.1062717015488992,22.838579502966894,22.844732467811948,0.2374097987568704,0.4740510521198895,0.1762769367180181,0.9659380862217402,0.7510261143351287,0.5813111073957798,0.236374339436237,0.9255308237720886,0.7457977153176187,0.4944898838554169
80,2.074654776356348,8.10748307139153,19.167988967508563,12.021624891551804,3.0406491173735826,49.36764037462852,352.7182545891409,0.3741491649509101,1.0931643549984957,1.434063869263424,0.36605889079536835,0.11634952700356851,0.0477555142639409,23.781579329025398,23.784704803242857,0.09316435499849574,0.3741491649509101,15.56815991432455,15.583222187407493,0.673105874570485,0.12703978017196715,15.172294809761986,15.193538371730385,0.6498706697724159,0.4719603494814073
40,7.189247456851728,2.2539006967592337,32.70020490959419,9.549717505004859,8.191152639413344,44.66983523183909,161.5197414638478,0.38959400188543536,1.041125440390911,0.8047991760748587,0.08926955948738263,0.12727245861643324,0.06508104423047328,4.58177577521894,4.598493671033546,0.04112544039091093,0.38959400188543536,0.5859141032914815,0.9837970982751935,0.640701307286043,0.46266967588203256,0.8809083921659858,1.378347521058461,0.6473699206667785,0.8394965629682061
18,7.564874394717211,13.145728401144957,20.713045102468733,16.5904763871783,2.0889546960108807,54.53545609964037,150.21700857599927,0.15613601000658206,1.4793311403470168,8.072250878415886,0.18190770868225736,0.8745879107598126,0.12653912194149244,3.5337400706152513,3.569517569980435,0.47933114034701685,0.15613601000658206,0.3820754157196005,2.4864641364992344,1.3441887920010391,2.056618285015079,0.3026738563338683,2.012887419828853,1.3173923847018627,1.4915031365460756
55,6.049083541566939,1.2674932601439137,13.071752387702926,5.39623915919454,3.120908651471611,78.15269439692928,345.49186741884245,0.2537314285620045,1.2172228220780505,1.3396335849546848,0.36559772697979004,0.6102002321279727,0.1605308587289047,11.168936682541894,11.173930016377478,0.21722282207805055,0.2537314285620045,0.27728851782136055,1.7048392432778279,0.9991824579736432,1.35322663991746,0.2521897938328109,1.5997942229488962,0.9794315241042866,1.239538524313779
23,6.257773349464205,12.017236520246625,21.357008822746067,14.324008979837565,2.3689610316204215,56.13260000728383,167.20464451559934,0.41532932453797455,1.0948617897484927,1.5692244478570292,0.3351316498406084,0.185858005501173,0.2657048614846119,2.8657251030496695,2.8972189377443494,0.09486178974849269,0.41532932453797455,2.6189722688991157,6.529919403294582,0.8841538917203677,5.916004019945914,2.878311024317793,7.700931543676099,0.9370793386693643,7.0810701592849075
71,2.5803355156465266,4.448700403100658,29.96510467623767,14.432151032699817,8.40434451400264,48.85494714810118,346.75914566362314,0.28446406769793076,1.0315242334016395,0.7317827602543104,0.1111251039580517,0.08665803930212986,0.19810067964667216,3.374117871273903,3.386234633387466,0.03152423340163946,0.28446406769793076,0.09739933023760187,1.1256022585922707,0.7472234697939991,0.8361524389764727,0.27961333152728485,0.9881855679295584,0.7374620807768558,0.595379526783334
42,4.327012235999841,10.006632314174007,23.53362452095171,13.335375385660942,3.1488012315872647,56.49009811461883,322.5632600628468,0.8181149571137996,1.3801378214707618,5.885254114021597,0.1650294969747988,1.460131617127555,0.15222628639883626,59.030906194276575,59.037798933935925,0.3801378214707618,0.8181149571137996,16.28887373584483,16.65735711142337,0.42061213940561615,3.458789352269921,16.065312923293813,16.577094710081912,0.38867620477030695,4.0687492564079
252,0.4284656177260361,19.11235077527752,37.08962307462282,23.945550112800174,4.0753330757874995,38.18253379158968,109.48765525408947,0.6982383178067076,1.0090184640029642,0.9488453158033657,0.31312540867467115,0.6220231097487875,0.2907958929148846,6.05222030005514,6.092371347968379,0.009018464002964244,0.6982383178067076,0.07498561018286556,0.5542813147178374,0.31660870913204076,0.448735845918933,0.3972747879004476,0.6917210300502908,0.3188924315745495,0.46792984879889943
105,1.514808846629652,6.136035385489094,27.422036916325336,12.733567323281594,5.501237468127508,58.5727970919257,193.21529032492998,0.6180980025293124,1.1796618108922077,2.8668239419047294,0.33619550891217104,1.1172088304965475,0.17705254198317874,4.9387251123485525,4.980494879263105,0.17966181089220767,0.6180980025293124,0.2580374121007698,1.179799253697389,0.5929010538796702,0.9868187844227682,0.2182404880344576,1.1278674862164297,0.5857958824873011,0.9387754470093338
400,0.274133236846495,6.051547709428305,29.32856628238194,10.902742131725166,6.077436279140592,47.79217266495739,113.07676381691613,0.5763590146010026,1.0674524637425764,1.57124591414562,0.020974542146922015,2.8344241934447165,0.21018483388499382,9.429368793416291,9.44720780923283,0.06745246374257641,0.5763590146010026,0.011551385012534648,0.6968301765452573,0.4916804300873835,0.4936488783715326,275.9391946594274,855.8750102330811,2.317868046463138,810.169254835002
65,2.4633496537843484,11.999439346981145,27.909652142166888,15.908295472746222,4.082873463903588,55.913972664063664,354.97671434683156,0.9279844206380625,1.124801642346452,2.866613396319531,0.12456062033251991,0.28938535365693885,0.02927683782711633,3.514476642396246,3.637069782782305,0.12480164234645197,0.9279844206380625,0.11740109450139165,0.3929631399340755,0.20638511491602518,0.31311690580008955,0.095334179289492,0.3591372355105311,0.19787323336919016,0.28414280160751515
54,4.389176495201524,5.750691976566459,29.763970319868346,12.843682212110123,5.8713791727223965,80.81527555398245,354.3884881079898,0.8737587612495714,1.1140639067731846,2.263242801364846,0.27780418641563104,0.5829089424847885,0.026312618828445964,36.14164352768626,36.15238390244875,0.11406390677318456,0.8737587612495714,10.2666436996307,10.270977711602203,0.23146568629217934,0.18823903190288982,9.957448756354811,9.961762034734326,0.20521301187851826,0.2092957739610264
66,3.178012662281352,4.861779872942262,17.466988813851795,11.134885314161767,4.333586489098438,81.86610081156122,159.8087007065311,0.9456271945938247,1.3053374934937498,4.321505121492331,0.2576564578983067,1.7824287264113272,0.21766170716279234,7.068519975115787,7.138026086720286,0.30533749349374983,0.9456271945938247,0.223249802491627,0.6329392171531273,0.3501743113867729,0.4776500077909165,0.2642767862343814,0.49351757448822214,0.3390324323992494,0.24243429288739948
243,0.3656372019964038,11.248396956292295,15.773238056115243,13.735145168974833,1.7262073074694466,86.7625665278292,359.16925035549826,0.49112330851004526,1.3577976655165018,5.389941120819478,0.2917761011528256,0.42139194044696576,0.02301594073502238,20.67928140226343,20.688206799711015,0.35779766551650183,0.49112330851004526,14.619908137113358,16.35895467181644,0.4868959646740072,7.323702365367925,15.359309634749037,16.712821563758446,0.52290091587135,6.567844912763673
57,1.9552866812702927,14.296263049234437,25.995357877082927,16.930778004248328,2.9104312380186776,36.80978535888255,107.21529040872451,0.8300017637004654,1.07848675454969,2.028686184011793,0.49149835780749407,0.3323750405702846,0.1643786674564554,24.312864767599585,24.327154710445914,0.0784867545496899,0.8300017637004654,26.6947350056587,26.801453488764025,0.11060479898982811,2.3867967375714656,29.648058549610543,29.71076977490349,0.20820796219479287,1.9181017440851833
734,0.008032016585854142,12.840487682882719,27.363697206354633,17.06269619477344,2.619626100554033,47.752353725882486,157.64341368910615,0.2109761643859427,1.3577607025423253,7.787824375653189,0.26538157242643245,24.13531907651494,0.24592423411659894,9.075997482187201,9.085495801489923,0.3577607025423253,0.2109761643859427,0.12631574208187182,1.6676897956317949,1.1489817515423004,1.2021125248409614,258857.4258251803,355075.1642852561,0.7279829407901721,243045.68580172933
22,7.412430484985201,10.903560859880105,19.200545183143923,14.348361347599083,2.6114566013640146,56.69253281956155,142.94376431820294,0.7463731963205475,1.1052801514734474,2.1985529310994054,0.126415038447366,0.07819549289567941,0.15992217399376307,2.7821564301357675,2.8824557689973007,0.10528015147344738,0.7463731963205475,0.4938830767842667,0.8790668268269395,0.3071102423104002,0.6591822900850248,0.4414211979418041,0.8345146105237471,0.30668798436591227,0.6383607455277915
70,2.6020573784732104,6.391370881922891,19.74682435405728,12.309883639227989,3.791035706253249,54.33097456357279,290.2686595575418,0.40692245473376254,1.4124730585640084,5.342861206605737,0.43827051401705613,2.3876375516215944,0.21741965546774916,48.00494949385281,48.008446088324575,0.4124730585640084,0.40692245473376254,11.647188867905287,11.687135312029158,0.9499405685113879,0.1724418548911193,11.694353948770878,11.735910591869498,0.9552004831395787,0.24753823589810175
86,2.3705353097919764,14.869565489553478,27.915974999583586,19.436310862109302,2.801478268409981,33.246226857783284,103.29206016339788,0.43560003408403425,1.1049548949125148,2.3466209350189704,0.4752550146143628,0.2266033481269985,0.026474813783294592,2.2277034285917523,2.2723172061619294,0.10495489491251475,0.43560003408403425,1.2913724107850337,2.304128847371105,0.5848783496834875,1.816393227806817,0.9284574818111658,1.9281952433073029,0.5832930153765774,1.586087279753128
57,2.825092079298456,8.610021374201903,20.424937434586017,10.775304873237626,2.6377290980073216,72.28485943690475,167.21409586145853,0.7446446579529403,1.4774283570777165,5.797613702276772,0.33162967508512686,1.623847266663881,0.01927422373954729,15.683849777334954,15.708773896799503,0.47742835707771647,0.7446446579529403,0.17562330053118852,1.2996889704008874,0.7370282613558398,1.056000576730448,0.2292469969261904,1.3650575893334669,0.7440492462150586,1.1212576669989918
91,2.307662575036843,4.743292263970075,37.666270194965,12.732425379037727,8.562257884327696,68.16430595800232,357.8395973818572,0.22847515105640093,1.1407942435424365,1.9417867127230617,0.4571605949712923,1.8064890857877045,0.17014241895670681,6.233975942563293,6.2397499922771615,0.14079424354243653,0.22847515105640093,0.023792347175464433,1.446984705554961,0.9195250224163742,1.1169925673324894,1.1682240931964105,1.620501468903437,0.8832852771732336,0.6936026224882843
45,2.4132989229249886,13.292052452601979,25.563878011413838,16.963962836669563,3.4025111491984608,71.19112180008416,359.1414682212054,0.21747108188507436,1.274250444202125,4.748734923555076,0.4339889362152551,0.9058202191756451,0.19384847765419908,18.702092817875116,18.705367752226028,0.27425044420212497,0.21747108188507436,4.238156604548239,7.901504142597421,0.778346531045296,6.6231392095001365,3.2636848594844565,5.790774277004702,0.8710969408939332,4.703468718377584
16,8.010717682250512,16.10496028962926,30.191040973382705,21.71254959093204,4.686090959414348,83.07756122084548,200.16113159001705,0.08758329044549396,1.398668251454199,8.470093094204293,0.38908931767654775,3.9129759108801343,0.031117768858512806,10.772767204793585,10.780497226759024,0.39866825145419904,0.08758329044549396,0.9729954016120442,1.6541043491789469,1.2470167598160997,0.4840354812947911,0.9792110635446536,1.6884010689580327,1.2427250941955776,0.5894728178185729
123,1.28632678648722,9.318805102390243,19.46467218918296,14.324675991195924,3.369783137190774,55.05477425325289,162.57409200321143,0.27765490824517725,1.1437636655128456,2.231646955761257,0.3465626600375834,0.3863086866071542,0.06092539908239801,4.9070854194889595,4.917036460486688,0.14376366551284558,0.27765490824517725,0.17331824074376695,1.6201281450226068,0.8962023849986053,1.338505614049747,0.2711884371765454,1.8474818622428277,0.8989107257402053,1.5911019986183121
63,4.811445458501042,5.089464021142739,30.806656383719897,12.55668068494168,7.192182196020832,74.1471297421542,349.4856821636154,0.9601270493994092,1.0249671999181897,1.1903452316831955,0.2235645903637254,0.08376462866104767,0.03152706171707868,2.863957801029495,3.020715411643055,0.024967199918189742,0.9601270493994092,0.2542284144665695,0.2630557598663487,0.06631718575566814,0.012972160580430714,0.3848408444489023,0.55537272409842,0.06703608177648479,0.3947689841621451
141,0.7475564467856329,16.874327341016237,44.076957449992456,24.521225340741584,8.11074448899111,72.14803896634248,122.13551620965762,0.18996928635019306,1.0680927003452845,1.8138419807868411,0.3736406645204275,0.4254316407611442,0.0739211082732469,6.01190338109962,6.015289453490476,0.06809270034528447,0.18996928635019306,15.675671469279978,46.43652647597786,1.9250223793114394,43.66827915066661,1.9464229406186466,2.4112948872314957,0.8310986910491899,1.1554461195393468
192,0.821987159667574,8.24748260502458,36.16810271887364,17.369336535163157,7.566057456901345,22.24783671603181,97.90443088364358,0.2589418524684769,1.091068460273428,1.800079111820527,0.4151088126015139,0.6924013475343661,0.07030217728341998,9.007335862894713,9.011517280369917,0.09106846027342796,0.2589418524684769,1.0726995130807029,1.4816211176779324,0.8338313248827077,0.5909671840550685,0.3295178278452892,1.1594576515145043,0.8347640861391806,0.7341178156671249
68,1.1955633358253588,25.730848450169308,34.850493502064275,28.700509873362172,2.673269582221816,28.3082714562153,73.08030514555827,0.5771693986857771,1.0964487106227936,3.330099483729522,0.22128740558985383,0.11026296862853945,0.20880801965578052,38.565323410794825,38.569762724805024,0.09644871062279359,0.5771693986857771,45.685927786963425,46.63521473772163,0.3009283834908092,9.356746121691094,47.139885236357635,47.725659346187726,0.33088188031843957,7.447167052823792
40,5.158940591206862,9.270093094458622,22.336687805098354,13.142445444774461,3.053083848218447,61.43270256179766,356.8714194169969,0.5047420703149804,1.1916816040628906,2.957823777842985,0.3512800773670734,0.5715444337194635,0.25265930617258253,3.700493746214161,3.7396738307841892,0.1916816040628906,0.5047420703149804,0.5164989474424043,0.9670395669691421,0.6907059293488783,0.4374010522816064,0.22416718375809117,1.0964908170870709,0.6953267835414539,0.817656315191251
48,3.568220264311363,3.580949431183382,23.431474420408545,9.408476982470802,6.029803916077332,43.919213350191114,160.74341911039824,0.3866057584752314,1.185850764993815,2.116791190826301,0.12169834603373225,1.1938552419619903,0.10237819788551651,5.378872087474267,5.395949356021124,0.18585076499381503,0.3866057584752314,6.18715479041324,6.262619784648911,0.546850149604851,0.8002981197151613,5.971657205247319,6.0762842641179065,0.5472399902226315,0.9803413051003209
52,3.6916470578946656,11.467185131455112,28.519304127665876,17.18651840289816,3.6229371783836615,39.45229539262416,116.29523252649312,0.17160486577915735,1.0038159535408135,0.2066679541011718,0.11700658991413443,0.008075097313570721,0.0032884205205815473,0.2039331755662823,0.2665549315939519,0.0038159535408135437,0.17160486577915735,0.08098493598590666,1.2015100953405982,0.8333061134984279,0.861782380044334,0.16086979909972507,1.224682350571563,0.8288730536848179,0.8870948249281514
181,0.7899623499695478,10.5555020703294,39.83730406834545,22.993882635645324,10.711131028278281,21.48567751499627,358.98316670106595,0.7033144686077888,1.1114942157837253,3.277430808078226,0.14159364714558248,1.4272182259075685,0.04997853945841891,15.60025350947745,15.616497422977721,0.11149421578372531,0.7033144686077888,0.5906931357279906,1.012433372232721,0.4079047082928917,0.7139444667247192,1.1493787643594324,1.4990140109596684,0.4079045908658656,0.8715419128438565
64,2.3276219567578873,12.03534549395155,29.32435792471136,17.249946078348454,4.765249343207354,67.67465410847578,358.17253759428235,0.7694472549048137,1.0061060694619697,0.8811272727526,0.09377014699859582,0.00690232378951888,0.10554383298876738,4.246487300332383,4.315639089874064,0.0061060694619696765,0.7694472549048137,0.39201387648490976,0.8753773200770747,0.2482148858715738,0.7422937043922417,0.6023616660082975,1.1954093721005976,0.25380962616745495,1.0008719517972267
448,0.0810102742503762,13.403806003922757,25.80868094363982,21.048653930313346,3.742708073381346,25.069027108724462,359.8059209175466,0.09279318998721864,1.4236269174265228,9.480755968438805,0.4034143065484664,7.837344006180837,0.20200914605513695,26.262535457878034,26.26611579616555,0.4236269174265228,0.09279318998721864,20.380221249366656,20.527449337597268,1.3540897643804577,2.0467532935081296,1.7660924552207196,4.6636362719838,1.40517530656065,4.0811644263381
268,0.4185881338753524,9.48713694297571,49.118494479099525,21.443163883540127,10.72179197738534,30.531869440184657,77.32742957729391,0.17829077004897353,1.0133761821372875,0.4661999118715089,0.04338107821168519,0.02239453710360658,0.19836072203242475,5.7655612921962565,5.768332821102212,0.013376182137287529,0.17829077004897353,5.284208552006167,5.843109449116458,0.8472424651617341,2.3454739858897593,4.667889168017726,5.158797389114866,0.8435530657673878,2.0279101169123828
26,10.195028516189922,7.522342262716665,28.628400778645,12.364046631481212,5.358578656171903,68.98398299959413,187.4634949322392,0.47147688802713905,1.1085119360969804,1.8130882110904216,0.0033610345192395807,0.3379414108453705,0.07628231466830582,3.5459381931026295,3.5787907127300995,0.1085119360969804,0.47147688802713905,0.0026711812174268746,0.9020732286942715,0.6372338910999079,0.6384840974930244,0.2689599944809853,1.0396765355694662,0.6411864316370374,0.7729603999346141
45,5.705565178660607,4.645168840502111,20.356880094952178,10.730605837820267,4.616813223930747,73.19967780982053,355.892962689334,0.8045661087562062,1.0819400382780435,1.5181940276858346,0.46365353030626716,0.35955369988745994,0.19398021686837125,5.278127854304716,5.339726064099114,0.08194003827804353,0.8045661087562062,0.15264137084177076,0.6257849771728093,0.2845437015733465,0.5360432179009981,0.24822461549956507,0.8985620850003002,0.2997274179025955,0.8099147089772001
204,0.8700537921395458,5.477273319509296,24.105047364384294,8.856810408241932,3.8425990020941274,61.48202043623497,359.55567004470873,0.04662021642612579,1.4812984211840667,4.306977272751436,0.08365262548943869,3.4243506600041265,0.1229761112684053,21.52180334542127,21.527234863163454,0.48129842118406674,0.04662021642612579,8.148413065137168,8.59487872911849,1.2282958844173468,2.4426612758380477,0.22562079147514952,2.1093928287220476,1.4355732216607897,1.5289744568071075
238,0.46096797376507237,13.593253574344143,33.42650186820546,19.528968169031888,5.337750286945451,9.421392539654311,124.23064312055364,0.2787736906144952,1.163205336281256,3.567324702620395,0.4927561020572182,2.1269520281810146,0.285609729961259,20.469947977251838,20.472496695414705,0.163205336281256,0.2787736906144952,1.7712841771553534,2.278712715519302,0.8704373996432834,1.1390446597612724,3.7109700205373484,4.38024054125426,0.8709706786554464,2.157920013078083
65,1.4368065247117285,13.770300961826269,19.55379413652499,15.801354424617504,1.5082603127253362,31.380162883831808,357.73421800213487,0.6187270098417421,1.4437810767470376,7.626605906518405,0.020775940040558993,0.4462556355315058,0.00203292794843698,23.969800699991527,23.981891300606396,0.4437810767470376,0.6187270098417421,0.030406459870291037,1.146786304159017,0.8238656089160674,0.7971447378300951,0.26468729973036037,0.8808909988887921,0.8046221745713471,0.2418527268252746
354,0.1975263150487855,13.642485419935806,31.526538355372157,19.65868435182366,4.741932544882476,44.19245268722659,121.86929041167434,0.5725058240191478,1.27462047568162,6.203307619058559,0.15539650798544313,4.094742513466707,0.21707202660486494,10.614470899453975,10.633445904294371,0.27462047568161996,0.5725058240191478,0.3055716738538056,1.3852737250190015,0.7146773005951594,1.1466671711443646,0.6120185102021208,1.7572991551305648,0.7212061045859794,1.4810116199748369
73,3.502287894452061,3.563653275055965,28.88156465680328,11.561664925203035,7.408832552891217,10.815580617541706,354.4177307116083,0.5908652540870936,1.1071679074182081,1.8113326795787243,0.15767858491308684,0.636354759829096,0.19864095278067956,13.279770821742149,13.293341182218334,0.10716790741820814,0.5908652540870936,1.9533062854298124,2.138449974431984,0.5363817519350702,0.6854614975617574,3.0995325970863195,3.339275515774618,0.5654616710941849,1.1063054498530442
76,1.5935643212053217,12.205431283101625,20.470992178720078,15.157423286519137,2.2028383563995115,66.58769809460634,132.5174129009549,0.32079819141093313,1.2811309155121249,4.57203015366685,0.22928625215125398,0.4480302913385632,0.03532086745882211,29.794864589132548,29.797917745305856,0.2811309155121249,0.32079819141093313,22.355720330099995,22.466191438945017,0.8070020707552376,2.073710189847378,21.38638686323057,21.747413216376593,0.7357387698158969,3.8769997424116474
40,6.357566142111982,1.2228051172308765,48.22113470762083,12.194195414144739,13.295994670739242,51.472006404219115,160.28531614344433,0.8115990741937227,1.0196311709753962,0.8766176345001749,0.2828948495333264,0.11043146710642068,0.14113726891291078,2.8391619084012203,2.9529508601096692,0.01963117097539624,0.8115990741937227,1.7738589622411889,1.91597913372264,0.23553853246391143,0.6847788129475951,1.6118309768999814,1.7811194639055865,0.22994371351276421,0.7221588019438212
46,4.486450471562681,10.565470429524899,25.50804011749585,18.005949389602875,5.286518320538492,47.26089918718002,110.83072619351842,0.33322710742782413,1.0207572986856408,0.7013850031651023,0.03554718044941879,0.013695398793953045,0.24684583350675715,0.8757670895697439,0.9372508552927009,0.0207572986856408,0.33322710742782413,0.052276946099329674,1.0204134433491727,0.6886699730487942,0.7511620227988209,0.18733439733935098,1.0581201917958456,0.6861190467951643,0.7834314376411469
125,1.810977369979595,12.478710275922262,30.6458512977642,19.794631446823203,4.769064552309257,75.6286325163873,147.73663188385825,0.6491791539935631,1.0515715028775354,1.6173013208821,0.4946210225849025,0.3045962045258427,0.13900787609669352,1.5746404833555154,1.703991151887514,0.051571502877535425,0.6491791539935631,1.9809086327301266,3.4649769201489624,0.2875999708836987,2.8283126246382215,2.1641421012092628,3.586163110055645,0.2976765628468694,2.844018896144892
76,1.8088235236564536,15.317027043670151,24.091629513978237,17.724473145881948,2.554342259253654,20.87780603700294,146.00779759395934,0.47387332823547224,1.1078658548470615,2.3842647925029525,0.015713168734071525,0.07564511172381602,0.21078374192358526,13.434539900225088,13.4433274640096,0.10786585484706146,0.47387332823547224,0.007890059620016696,0.8892689370889576,0.6334073981294518,0.6241250334871973,0.1288537133822655,0.9384712288208379,0.6339611623791358,0.6798663195562709
29,8.05439406822207,5.0696567350341715,21.529826763849584,13.09482950786531,5.895755437014023,73.67518972797086,160.78910096530467,0.5420705986750165,1.3248476174630313,4.791987788104205,0.02165024831243134,3.6740339498990666,0.21951109173442424,13.673585406977093,13.688181193658133,0.32484761746303126,0.5420705986750165,0.010352519046991726,1.1086965658860244,0.7833583581356012,0.7845065858843635,0.33748205971734846,1.3186430650581407,0.7845202580733128,1.0047155602793492
90,2.336684620427442,4.53071621829731,19.647363695200845,9.638885894293379,4.141040567177458,80.02371244558411,283.8339901399904,0.06395117450101395,1.1760525451085857,1.742535783702675,0.2760884135946512,0.5915698797030768,0.16044622751659957,15.276779389689208,15.27792763343878,0.1760525451085857,0.06395117450101395,8.13754791915171,8.207263920927394,1.067437391187359,0.008505713448191399,8.038351939796748,8.109466253605978,1.0495333263348368,0.2163811619632241
347,0.2739535519430378,12.918197953399703,26.56439511835588,16.327873688514497,3.1456559200802854,21.05552708606497,174.59604784347115,0.051347147077319244,1.4059778850097935,6.67706789199902,0.07286753127792539,1.6297048072765332,0.12607304687842644,18.469839930165854,18.474372563596823,0.4059778850097935,0.051347147077319244,0.07906870508530825,1.8153045095551938,1.3493655214785745,1.2117307009944125,0.1113557535435761,1.7242247167353253,1.3447552776652707,1.0733983478397737
43,4.589621093852629,9.258064063382776,22.029041462107354,12.513770888763258,2.876727345536289,64.12147951636433,290.5108152609046,0.04563689313853303,1.2562499620973266,3.1775238125165988,0.26822308445491677,0.6398092427988386,0.08139567959856532,32.761988910668116,32.76302281768016,0.25624996209732664,0.04563689313853303,16.010548416950986,16.14600525093381,1.0873577118475,1.7814258778114134,16.050646813595428,16.18253297648556,1.0897643826565306,1.7502925442778978
26,8.292487663156694,4.883904477178217,33.10971263173833,11.450157224549075,7.539525806314142,23.59451718263533,350.8625252146544,0.20499927856970146,1.0275734546893838,0.4634838043424542,0.17858450334918463,0.0668519980062444,0.047584033147030635,1.4671807872672382,1.481689732077441,0.02757345468938377,0.20499927856970146,0.46288697750131386,1.6567770565657356,0.8495055341258237,1.3449855793695038,0.4315767850754032,1.652972118122735,0.8471855183408652,1.3521593838703558
34,10.251823128295996,8.7979257432254,24.177999880184952,14.914129940967594,4.071525355515929,72.34313128350236,355.1100336410635,0.2597793353593403,1.059566195310342,0.8894881207179604,0.33383436826105617,0.1086193813602884,0.20237772218835245,2.1800434116071705,2.1962747349080263,0.05956619531034191,0.2597793353593403,0.46296694074758055,1.00030972835549,0.7782054746051914,0.4250616469548497,0.06005298556803727,1.0219441438129078,0.7799354977212496,0.6576200205226181
26,6.497718162039867,10.173289448675636,20.55009146427056,13.020889654858678,2.5307477590668963,42.51052115905975,346.59906625050405,0.7211570998903494,1.4273057145950274,5.886516562620384,0.416905192460703,1.1987913806693975,0.23959063345639756,6.302985190012694,6.3584809539674785,0.4273057145950274,0.7211570998903494,1.2194688705029937,3.5135020038031644,0.774320018765217,3.2028144674867507,0.6507895236622514,1.6804027281572107,0.6996019752360194,1.3823108915636586
29,8.68751092021543,4.506624992196411,32.22027465420959,10.984198181591875,7.888416648796249,89.86465175524191,126.13236473976268,0.08174570354872279,1.0106049278439981,0.31257406364659834,0.46706437879252855,0.045662256373370645,0.05837994555038135,3.2076944940578773,3.2087534638473665,0.010604927843998135,0.08174570354872279,2.992809934128227,3.535283295437212,0.9924199089617787,1.5988806714314507,2.4705514594014995,3.0744546784342144,0.980327125598913,1.5451879442353036
32,5.5068709777349145,15.5702174392923,31.005184659642417,18.74943093783761,3.7767325415320125,26.65888853191631,355.5097345995894,0.6997275496315161,1.0047894606794623,0.7865491006759722,0.08308955718414063,0.007794969000781735,0.2173249339056649,5.19419778639291,5.241119367732043,0.004789460679462287,0.6997275496315161,0.2992107094602446,0.4248324292994789,0.300603758483611,0.02435004546855546,0.19421622106949915,0.36136665261225587,0.30083271673490586,0.04863736871548607
358,0.1994672465894413,14.183320629981184,24.96730734338077,18.437392894343034,3.430174471249655,31.036036817456605,358.7565693057745,0.9745401964386249,1.3040759852201622,7.382923178145968,0.10694283268576316,11.392912454060138,0.2893111677550785,38.587150456155804,38.60065247020142,0.3040759852201622,0.9745401964386249,0.10454747308283273,0.35313537092278147,0.3219358102357339,0.10065659519686898,1.3783878164285626,1.9303845593015772,0.28262496658137204,1.3215728139516647
87,2.9786927447792904,4.212065506716312,28.273635300140647,10.302211554501975,5.2351996201266955,59.49902307651416,211.14871308249383,0.6571159629297106,1.2517225661877682,3.0826578159024827,0.4524104523097999,1.9196100363000799,0.27672322318369075,8.344698736748708,8.374315652407704,0.2517225661877682,0.6571159629297106,0.16738449922740858,1.0993655628606078,0.596359365573717,0.9082634955312937,0.3944407345994066,1.2889003164472483,0.6002259635777781,1.0702379760004899
36,7.743958879824401,4.987767028619366,30.356552438231077,13.686994240149788,7.705250769034302,70.15024367469246,351.4595252716021,0.6209489395161201,1.075775631795755,1.341318772816699,0.4551708211672514,0.5633328775694445,0.028803209649454174,11.4904598761121,11.507475296362896,0.07577563179575497,0.6209489395161201,0.35347102119096113,1.0000961133928503,0.4671886613760019,0.8105462527724148,0.5935790128134202,1.282792879652956,0.4719615419835317,1.034637052557222
52,5.78410292045975,10.893821511307252,26.177684546240148,16.86310969281714,4.201362763978819,70.36944603600709,282.3789945100024,0.003974539809849409,1.0453180440975054,0.7178501778534696,0.1425097751501635,0.06594077829140255,0.20300922687778836,22.385323172396124,22.385369397325174,0.045318044097505394,0.003974539809849409,0.24210648202048957,1.5065484531926825,1.0501048212331467,1.0527832434095006,0.1680992449844293,1.5744712020949627,1.047727972094793,1.1631716582483236
24,7.814528339756758,6.275867497392699,22.11445125627282,10.441588470639049,4.19158579804091,94.14769172159359,113.05153406135707,0.8819842899169814,1.1527418795688364,2.1647264770485486,0.3667463855180633,0.7283712718271591,0.10219994611270863,13.791618953087243,13.820636009843751,0.15274187956883645,0.8819842899169814,7.57416844344675,8.080110567515241,0.15738939704057042,2.8098732624917657,7.507977490604481,8.12416375939945,0.12575095076109677,3.1010478049360186
653,0.04855962803394627,5.067793874009414,17.6638296988315,12.681920992568491,4.315590822795728,69.19805802321251,358.827899113691,0.697054872026635,1.0440318286346135,2.027335282796394,0.1397344502513198,9.284145433432029,0.12328066525797025,20.76909323596231,20.780833913504154,0.044031828634613523,0.697054872026635,0.10634944870190392,0.37439941958965167,0.3356755366092221,0.12722678284064226,8.128528939432686,8.186386600697606,0.26402360872206987,0.935005021871016
74,2.3343755253395106,10.463612073519684,22.897431080733174,14.90137427128151,3.123461499962215,64.6318113468859,358.07515119677544,0.12228869402432796,1.2972334235041572,4.555307791555574,0.41430662191341594,0.9120346912967849,0.18733778970678275,36.34348621844269,36.34490738388073,0.29723342350415716,0.12228869402432796,19.321894776064532,19.41777197993992,1.0702257725947733,1.6027687678838463,17.444539524158074,18.08410529595337,0.9478927255342189,4.671659718568434
29,7.454490449737034,3.7432750451961327,14.176124278942119,8.572126775552055,3.2211437593606593,51.34677535500169,153.17362100610177,0.5812277218238273,1.0923324412475768,1.2412921212671835,0.23347611593330952,0.1185641478452067,0.15995257360692275,1.8772211273763464,1.9673103734264643,0.09233244124757678,0.5812277218238273,0.25010075293029277,0.6356563531558211,0.49415879354034997,0.31195464327014655,0.22206261635136942,0.6635139601267864,0.4974970631348983,0.3787289820893911
33,8.185185986256798,2.579867483255206,27.05976262113118,9.766296895831415,7.64011697542344,51.22393266041093,349.9183624732038,0.17554039481277406,1.1361056298470913,1.5014442718442347,0.02272131868727395,1.077073473229033,0.16742209900901564,7.617175601105052,7.620413591843766,0.1361056298470913,0.17554039481277406,0.025524978892166844,1.370692461709247,0.9613923015970414,0.97666326974503,0.15443919154893043,1.432466631707016,0.9633044879103774,1.048882095680674
54,2.5309715931574135,9.0985928417314,37.37651242187143,17.641177574054243,8.118245709584054,34.30693300108552,131.60231485190954,0.6307873545621635,1.2598068411949765,5.176972464937383,0.15356370903225403,4.516311705079593,0.18220591357729807,15.79334062629578,15.808067573856459,0.25980684119497655,0.6307873545621635,13.136630256585866,13.7424031354257,0.4898956544281382,4.005320422398608,12.440461396996179,13.315194839095994,0.471921547936628,4.722988872052273
46,3.630300869355644,9.815100992727173,19.999593005485078,14.602606780162516,3.3842184480815285,56.044958113483354,132.60961957640296,0.6683134771780398,1.1280793009920569,2.530776847529136,0.10818310321458513,0.21247223468328064,0.24229970078846247,32.208908312003004,32.216095695508116,0.1280793009920569,0.6683134771780398,17.20538166458753,17.362467944366973,0.33765905008982966,2.3056715422926883,16.14287735652827,16.53017260818092,0.28241993300354107,3.5460338534458415
67,4.863213028302092,5.5593172411148215,30.90317453341974,12.572994405262753,7.0452945114249435,61.243537520202466,151.96978786848433,0.20209901456444002,1.099074556401547,1.376301621189733,0.2525832232550458,0.5724760441196282,0.2762544639242499,4.501447471769244,4.5070710134755805,0.09907455640154694,0.20209901456444002,0.19178736101915966,1.4666455225241886,0.9063679491187907,1.1369977298586633,0.22810617582294743,1.4047457510750976,0.8962954305536949,1.0573233653350982
31,4.190915299843418,7.599895257397446,12.56923663909217,9.337478666464026,1.299583713554999,68.18571043848172,144.05113470369852,0.3674543977084299,1.2054739439538347,2.1812994571386923,0.3406191422722407,0.21135614381385368,0.25983933818461596,11.733020659669325,11.740571369242062,0.20547394395383467,0.3674543977084299,1.6428094291724769,2.5197175912007572,0.9638638955211019,1.6495818590598754,1.0363001507193763,2.4769367497132437,0.8919356250911203,2.065368853350974
50,5.102273356360181,3.40446053847685,18.30119070633677,6.983609437816579,3.4768397777610303,73.30879427371903,188.36290990004983,0.8961789161068171,1.0745632965233298,1.3778035858960238,0.16664715764042404,0.10644733873311674,0.13939866782089064,3.142845402661395,3.268971330540034,0.07456329652332983,0.8961789161068171,0.06206403054044638,0.3501234206984122,0.19071365417212227,0.28698914255934493,0.1294161304475558,0.2587568822591417,0.1797298353289588,0.13380499089749187
45,6.8501082501109805,5.86198118378055,30.60812472518415,13.982818505187902,6.566457672107015,85.6154385620649,325.66243010826355,0.46672519044368,1.2625363540148042,4.14219986092595,0.22386079603478964,3.0117121522410604,0.23791919543118437,8.132496593171567,8.150107887538741,0.26253635401480424,0.46672519044368,0.2752420833486005,1.083230794604447,0.7883422110500604,0.6900342804600407,0.29500223106998735,0.8946085915735297,0.7833265084967449,0.3157495793618784
329,0.31652051596057446,19.40119363096919,38.08558009458203,25.566691545442076,4.1710533946710155,36.35728270579513,77.44914105415157,0.9804996977751728,1.0457039623918387,2.1723371577841784,0.29415225183739724,0.12435721353773514,0.02918751096294625,6.784800482367355,6.855434785266929,0.045703962391838715,0.9804996977751728,2.499316555496629,4.213003155931485,0.10309700668657995,3.390012294154903,4.482143400152118,7.58591034480629,0.12910360700718715,6.118803686879457
36,2.4647804647025477,13.353487316999582,18.22627434840327,14.820501325897332,1.2405040434643289,29.68294279553262,85.47868725764587,0.14364998890013703,1.0930930653796203,1.5251750220478884,0.28339255960045207,0.09105026522025404,0.19712447640524364,12.755842900575185,12.756991406373494,0.09309306537962025,0.14364998890013703,1.0795515983942616,1.9488740601890826,0.8564689411364224,1.3780926680564447,6.274523241115,10.43722528341311,0.5654397860649326,8.321436628477105
314,0.5803222775477557,9.946461913705276,30.160452899813894,15.27725153725149,5.548222561481194,86.99812079510401,291.6729120104083,0.9294915925180988,1.4997040068883751,8.562759525267834,0.03972258624736735,7.673341293689628,0.08029050703199633,14.407336426498205,14.445933740030934,0.49970400688837513,0.9294915925180988,0.00921524778824013,0.8130368226838225,0.5701837942951665,0.5795122043332427,0.5581542494721882,1.561691930563936,0.5908032093861474,1.333528060283577
45,4.213029390427793,8.639847021893411,18.863188226105642,12.101902255206694,2.3333596634898486,54.97103937464832,352.14341670306334,0.06625777579794112,1.2885220381759053,3.421258460359733,0.3373623618005549,0.5781774029683742,0.08476280913531395,18.89188833812764,18.89420757903464,0.28852203817590527,0.06625777579794112,14.282228358430858,14.332445644403448,1.1535885708660203,0.32585990330211945,14.494723750622333,14.541673815980717,1.1605026018670026,0.12843081633311604
236,0.5678604685160189,6.713467928700942,23.586324375666283,11.897085688768406,4.565270482517323,17.250769379686474,357.9829617362046,0.48707895079479735,1.1415977816312113,2.240692640471173,0.4965072029758368,0.9150486169368117,0.22953751633824915,9.348470661416497,9.36222193410492,0.14159778163121128,0.48707895079479735,0.7243850481488524,1.0734638856716912,0.6281599373405821,0.48270706332104385,12.620940709079596,12.759368331402237,0.9339455032880063,1.6251404958267057
21,10.707914730259576,9.972817896409765,24.133228670811146,15.609131669782869,4.275385682677673,62.441620544060456,163.30208314739815,0.3916980987415719,1.1937953692516485,3.4194756713437577,0.14867790618876187,0.6188509646849849,0.26196441344527904,4.662183972084871,4.682621427711855,0.19379536925164853,0.3916980987415719,0.2117350960446997,0.8978805415017304,0.7854523882939419,0.3800292904944631,0.07521925573520395,0.8200947117855738,0.7714451319649525,0.2678988768787255
25,9.658571722304012,6.9150440315906865,26.874605445404644,11.627099225610893,4.843950900795776,69.80631793167682,153.91949705400543,0.6233738589379775,1.2243892637243734,2.8486768718749835,0.3786614431605313,1.2678076211156195,0.06790117230066775,48.42927606419241,48.43380767203257,0.2243892637243734,0.6233738589379775,14.06947276782077,14.215328264120943,0.6202301007820546,1.9341169339906434,13.334950591033659,13.369705127626633,0.5756362308669919,0.7724965139663711
127,1.2695986485096826,13.046954125450057,24.84888209942204,18.05407275978553,3.509689021327968,55.94688606186323,106.59043000413038,0.736904016169687,1.2826073867208103,5.8391372199151075,0.0013452972985881773,0.9837612301143263,0.06447080011424629,7.330488410063761,7.3728525547548625,0.2826073867208103,0.736904016169687,0.0010951404402378354,0.7718544721814448,0.5457653704142568,0.5458005930287195,0.15613988437542808,0.5635646586713109,0.5302874907885652,0.10963867074945077
31,8.20903495366679,13.22081857562371,26.335901769868354,17.081751443807715,3.8489786504711994,56.49658323261159,222.72341206020005,0.8004260571564276,1.3118315913827103,5.849431378958752,0.3859802112377439,1.4382524862725432,0.299069573169394,7.251314915360139,7.302019502581713,0.3118315913827103,0.8004260571564276,0.19868192210898228,0.9952319391439314,0.5086337281873058,0.8320479776248195,0.2555706282415923,0.8788813204822584,0.5160539509093568,0.6639309822742716
235,0.46070648954886906,7.666689445856856,18.44196765526248,12.713156301752988,3.4913946862279057,72.82194339053575,359.5385299474707,0.2465172029385323,1.3081631889890668,4.517780613666777,0.05902509406798517,4.627141124070969,0.2294986594595495,29.50179286882815,29.50443217141506,0.3081631889890668,0.2465172029385323,10.963277344141346,11.612332599031408,0.8130575614356885,3.7405555292973327,11.717913725857285,12.291189988894272,0.8011046682832998,3.6224412440942304
82,2.7341293842303656,4.404180819078953,27.28168283868069,11.973021407543724,6.634105741516819,57.14700528716861,148.22151466006682,0.27496325234652064,1.141351983044642,1.86574288174322,0.2684532653869786,0.9835830724368423,0.2565124835527442,8.595845979558268,8.601404145692706,0.14135198304464192,0.27496325234652064,0.3962480113014546,1.703672080497623,0.8759672838406214,1.4064733872518262,0.6104368852914036,1.9094117956177965,0.8768007156069386,1.5825424858218715
143,1.1581856697705073,5.0155005899885365,35.68960316390242,14.672657665184062,7.466073563337744,51.31623854153987,189.6360410340578,0.7513090410071024,1.1185989111607155,2.4741118964265394,0.29955377501533176,0.8234037445438119,0.0518352961935622,5.6079463993471474,5.6592926938600865,0.11859891116071553,0.7513090410071024,0.09985993649880756,0.4464701848213532,0.36210869937915047,0.24133153306355848,0.5673897688067715,0.7762920622066112,0.35019597087934917,0.3975688595429243
87,2.345992575147531,6.082983180369381,27.548464462075568,11.06560183076571,5.164646027546558,47.478028730600805,156.2199338228118,0.22665273676169462,1.1152218063887132,1.4875485274537463,0.15742011948530288,0.3927579172758852,0.13568431483812646,4.937562129002649,4.944104297596302,0.11522180638871315,0.22665273676169462,0.19761587925746898,1.457070874901196,0.9004387466635193,1.1283676538512015,0.2845385669404829,1.4846332592615346,0.8959952884022404,1.1490718696365207
60,3.641848852832443,4.0653163492803275,23.414873848781017,10.081737460574322,5.4352152796748845,67.42555295072724,174.58038983319088,0.30705683648965987,1.078747977607238,1.1708926909727089,0.12874712976218955,0.595556825610367,0.2898573449630569,12.593303748049708,12.597292742309955,0.07874797760723795,0.30705683648965987,0.30571562921765677,1.1128780095322104,0.772240187071758,0.7407297156343889,0.36102145983460954,1.198720130378683,0.7740908829110101,0.8410569311931427
