0.4794146982735933,0.8588289193563102,1.1585960191217453,1.2125817794668616,0.55936327491071,0.7242977184303321,0.9718751814394884,0.1820811709452079,0.32950933859274395,0.46680658107642126,0.31182820280104906,0.20321431306131257,0.011939543078035419,0.1547169287856134,0.06713078266678074,0.08706993502412225
0.37929855223063674,1.3097884882834459,0.6535629556799956,0.20123060008781263,0.39750651903351997,1.0673826907523787,0.7050154594128857,0.5106363606070726,0.5160486133328853,0.5106987325827007,0.5219908685112993,0.3536313558621968,0.007594375860944224,0.09183506033646624,0.05689967552663513,0.03436277041361348
0.12847618548261,0.1379601411554553,0.13166746338508842,0.12241185716459992,0.4007567109534381,0.5090940924737748,0.3988812049775382,0.39532490029135814,0.23696049212181078,0.8736935825381996,0.3069632011126716,0.15001806775847887,0.0022185980922653226,0.11949944513997435,0.08236414977629058,0.07202631342964179
0.0932325684925986,0.04002859369166186,0.056916548989767515,0.26997305158401164,0.3697112326852154,1.150275678093358,0.7550150245927632,0.6073065971502901,0.5601730496127827,1.5171518331418243,0.5383774433800762,0.41912782511109054,0.2897712825605524,0.3703902058486079,0.2894640339707603,0.185069058757984
0.4504740765041935,1.290563788366577,0.7236557540999086,0.182350785209446,0.35739610879281986,0.456382175551536,0.16929584021252334,0.07309060924138516,0.33757601959044675,0.33685550009726406,0.23266689736201504,0.17197748184103884,0.5164367242738107,0.7465729249252586,0.7043104677693653,0.48063930842140123
0.3138009106920139,0.4671044010234384,0.2653282971761536,0.28114335084610553,0.10325488790507444,0.10486884044983585,0.08276233817682928,0.09203502363479277,0.3955220627275563,0.9465416568432572,0.7524890192156407,0.7330731235971286,0.48908082919510254,1.156567777196582,1.6333277900202174,1.408521548258856
0.3287184685405575,0.7613640703866695,1.0254877693056752,1.3909963829445262,0.4992455933855087,1.0998728181263737,0.6238419460927328,0.6029967671418843,0.395226222924918,1.7215522552900424,1.9146325283979415,1.5928930619348196,0.40886480535250297,0.21352750062615614,0.08134217619531106,0.057973627805638715
0.3589672930063696,1.0071457413573932,0.99264677164154,0.3673652889778945,0.5292962157279807,3.765398357955207,1.6674379050164414,0.8157990542100678,0.3526868369654052,0.37719960780774575,0.5016951085185112,0.30544839379583416,0.24846441862231564,0.5471076886627644,0.46659857883351463,0.7466837290648675
0.44968248873175465,1.5564359770671827,0.7690049156238867,0.5922542826786695,0.26305774347915883,0.46788472372462847,0.7289681273382936,0.4200296192814072,0.4725190594534747,0.6989462072676527,0.09446985366278639,0.15983605471787182,0.1014633687160031,0.20895358577540485,0.1235431062343407,0.16153620894187198
0.31948281889227864,1.3322042233522047,0.670439493500598,0.2790733044470424,0.32719107335013703,1.4824485078093437,1.1268527795873475,0.7715813710260355,0.2558214500368488,0.20231676357052628,0.10824512368155235,0.11964927500902658,0.2658319984092738,0.5597578668376643,0.1240680804849068,0.5152363786785699
0.2790118792927639,1.5263543808707052,0.7209005264404594,0.9782133968793628,0.1044038287112891,0.7594650110682294,1.0011752922232136,0.1126394690428526,0.24647569446992176,0.13164240944210226,0.11067817317105959,0.13459122400688783,0.4924776546137558,0.4975810034141652,0.28489368419101485,0.30143653596525805
0.07079589367953994,0.3969487346472918,0.10018341329612321,0.05926043283484219,0.11285863731058891,0.7182728502510175,0.8916957791732399,0.2857521155854575,0.22936204143473776,0.36694590743175337,0.4046077811951612,0.41955753424444703,0.20822625248649174,0.4854476548599866,0.43458594687909907,0.1493828511974252
0.24866854268357858,0.9938807426236324,0.43999640883431534,0.31605539619659295,0.012146249868256654,0.10158057920099993,0.0423124820156915,0.030186498748374816,0.5371646757085229,0.28354188998688395,0.35918679684002386,0.6096049620993761,0.14965906714875146,0.39776084462323635,0.21468594884002296,0.2746791379044145
0.350583458006112,0.8647654995801518,0.17224440424726917,0.21936544871245142,0.06567823657569978,0.07672954903624386,0.05503458774512102,0.03552337852869756,0.23425230993560722,0.4480643522965043,0.15109231554766278,0.10124738529322631,0.17697244827072864,0.5207754866549152,0.43401992978182924,0.3522776015811171
0.17312429910226962,0.3410665770729056,0.24155309421058432,0.506857861737241,0.3082624275950679,0.907887138539843,0.5191949848269471,0.37508963978843457,0.12722378228537454,0.1607598801475182,0.15361511183408214,0.06630464474570738,0.5273537944960435,0.4777546207556252,0.782420754670529,0.22896686598692004
0.15177209447301443,0.3447046399231221,0.21288142529867715,0.20220382159914757,0.32441315309276525,1.0323553528780927,0.332146896687263,0.1977594586175499,0.46493188174960987,0.8455523354475201,0.5620540871712576,0.8725387679239626,0.10932625476187031,0.20574780671678305,0.27124784820658293,0.2700865537281348
0.29822057022141674,1.3070634297336399,0.7142319723628987,0.33938984121607174,0.2514894276827824,0.9639132571232283,1.038618444058397,0.320802321807725,0.3550170576500639,0.8508442308301363,0.37039098991378944,0.248749772451119,0.2900638014873725,0.3974986957388997,0.3599046062215516,0.33838209074327485
0.048898495887413795,0.20060654242447296,0.13431254378854626,0.13514968983776265,0.3716279556518857,0.6740613913683982,0.4038131894391018,0.33010437802615455,0.5659719555515877,0.6217226050028973,0.40006679607225054,0.6133238512583485,0.020964666130662744,0.10721775414994118,0.06507549986095842,0.06269406180662522
0.5340210595103617,1.8431170950589697,1.6081568400358555,1.9047745994153005,0.5708519429932374,0.9168040997064009,0.2065859335946931,0.41623183875692027,0.5291657581908952,1.2807953170348416,1.2766490584592263,0.6145244130894137,0.09166390645419235,0.2548413486677901,0.07415120846083495,0.1141015194389938
0.4193115550351876,1.4512602616922863,0.34640585139496316,0.46311697986870143,0.4440561801859274,0.7376929622683871,0.7067349993703055,0.6708763909630551,0.2069306855289935,0.0895625162257079,0.12163132763156678,0.08454726112474094,0.271272221908728,0.7923827880333111,0.8368551764091414,0.43601607388404234
0.34253594700837714,1.853288592277516,1.114261078544228,0.3805858452046163,0.5361930796022362,2.1874192079946186,1.16099178107085,0.7723746544333348,0.4386019969005914,1.113344433149245,1.0293395920647934,0.9303828568373641,0.3664693061902321,0.5538886921154509,0.5745083082921436,0.23057661829754011
0.21105964651644119,0.35086907713388876,0.40307554044788274,0.2385095797285292,0.11202170148030097,0.33968043775945733,0.1961131309622993,0.17486287598255884,0.00987140626758809,0.009985372823232714,0.015276827465866305,0.012499282113290874,0.14662302746890934,0.289249120112226,0.26370337894809753,0.1922143851615788
0.4850521886084465,3.0509095121746754,0.7703336847475162,0.5800107046854734,0.24475939369433866,0.4955392871573395,0.4506614491128701,0.19473890946989936,0.20879101379248022,0.47925919563288805,0.2651753763222923,0.1089435194907981,0.1081209263584842,0.45641730761224053,0.4850086422757357,0.0967980699895617
0.23668532070742396,1.8841791624181086,0.28172258943928635,0.33511942164035446,0.315901659814971,1.139168781198112,0.9385768720891061,0.16561352856808165,0.4134884694442339,0.3718294366074847,0.19199414771726211,0.20084252289573562,0.2105238571399144,0.23955527805118723,0.2248181352900747,0.1970440975593154
0.13488288694595055,0.4947811595114919,0.2807373877799063,0.23985396068884554,0.41605797328462896,0.9830368257951393,0.7858180910568177,0.16772846603632524,0.38053103952120243,0.9626543815243798,1.3844527062215732,1.1971530571009312,0.37002692333137055,0.905556687119389,0.7844158435826659,0.21827469938653338
0.10271672366163666,0.4948237903480695,0.33292202998559006,0.32678138709340326,0.4247789822297404,0.4548823093450757,0.3085428016976962,0.22156974478172164,0.16462092806287587,0.12534374462452677,0.10840997937203951,0.08759614164105456,0.4806853989444278,0.6639386818730795,0.30030835653106974,0.10123138091919803
0.0017551954066708174,0.17771881677068518,0.05254386517972369,0.0741633541561978,0.2573496824187495,0.17467952959073374,0.1302984243760351,0.35701518333289206,0.06345703713786117,0.16001707709875929,0.03135525700980468,0.0899902711691094,0.3699509786381375,0.5769360420593328,0.39176561307849395,0.12575700009098442
0.32035286391867734,2.9558940198478947,1.427416836741304,0.4628157391907746,0.46797145461060835,0.8697810743297953,0.48183099431590803,0.4525826028872894,0.5984074196090514,0.7803537335674156,0.7366982272506749,0.7317832928046868,0.30138249573984444,0.3996577462428482,0.3806963414940667,0.2610183686366929
0.1573818208849707,0.8672827279605296,0.17686420870496183,0.09386941147657105,0.1298328476785454,0.9739312434359282,0.5037917648677571,0.10621379389367999,0.33959848870055903,0.7885536085943533,1.0419265493772558,0.27584931006741303,0.08616655785874294,0.16231190480899774,0.10072355941003351,0.05440835622419521
0.5836704832621792,2.469337227458681,0.8609116850500286,1.3512987230095568,0.4179154616542416,2.3186858458851596,1.404853703159125,0.8876992546887587,0.04323491302722595,0.1620044233962794,0.17028519766680764,0.11380895188866264,0.530001859842777,0.5935095654651747,0.5839085544337878,0.07059975015331954
0.0682789938568183,0.11154793712419062,0.13905720548591474,0.09219976280157596,0.03242906512319399,0.3573736480482316,0.22453178800761367,0.05166468194416569,0.4685531336625872,1.099978948345274,1.839307071930658,0.6775925529437355,0.44517172116646436,0.6392371569519548,0.2093978016071362,0.06836880535333287
0.20386901106501876,1.2680946284279793,0.3761564097445597,0.35608142555081684,0.07426375703596455,0.19376784270303601,0.23074825254910247,0.10435302845342391,0.4957904430131475,0.8900031496209653,0.7730529526311427,0.3953059309446647,0.41911671048436616,0.4272809907717447,0.22044968368279128,0.15126503058781138
0.407090507275844,0.9805664673494164,1.0924305727421946,0.4835213210590025,0.07645167865757498,0.16474516354148785,0.28791113175034416,0.1548385543740453,0.014054966477982322,0.14405751406808923,0.12587347877198254,0.0793491513847208,0.4792735360884917,0.3504219186063162,0.1850542435573124,0.24821274851875366
0.5100887188232337,2.656988194558804,2.4341635535160258,0.6168666978682384,0.3975578161270195,2.3667799064272788,0.6258916600418167,0.26175476388351415,0.10546013460297121,0.2443751603232101,0.05936281167493066,0.038510130652932933,0.18754724973632006,0.3277668411049413,0.33740507280505244,0.18703369082882326
0.20793209909386481,1.084601893108777,0.25894558048532906,0.177866040960536,0.2673278260289161,0.7251238618305506,0.5791542788480714,0.17554720258514214,0.2600073909433335,0.38393261716767546,0.21190348894822653,0.21807681325272685,0.4295912080016644,1.2122337507260652,0.6098618221069578,0.3818540473938432
0.14319083122774098,0.2934575229922512,0.12507619344504495,0.05477232560416246,0.02421317395728486,0.07109073240002654,0.07567859207671529,0.07711160285940036,0.2316776696147981,0.10061312969437333,0.3454178140639826,0.11028771017614278,0.46848047515447044,0.9295195439040366,1.087665835641305,1.4798970106396632
0.13674026063150943,0.2853636121232711,0.28373543638222315,0.11216785206989881,0.35450730927217716,1.7806542999955648,1.8988941652087592,0.4413726731326924,0.1346808508019591,0.13947186972483733,0.08862448881836554,0.03739675674968441,0.3896366889294008,0.4171454678402073,0.14009945590416076,0.13606337277599753
0.3401749386571535,0.5135506441204257,0.18542240185130815,0.12914735193670726,0.11291962288078196,0.6315780209035365,0.3063850246698921,0.17704790818281746,0.2549062723144885,0.5117756476452235,0.38487250133450995,0.2236456834277527,0.3853169985075326,0.19266957814821953,0.3336681847711405,0.6728355149974043
0.04171330155196049,0.03338258469322015,0.16636015844784363,0.16094539554313952,0.3602285234370063,0.6357648139225744,0.6848005632591317,0.42530665156415376,0.03447205653288305,0.047929834116492966,0.03558702379724617,0.043251443516242744,0.4479608454910965,0.26825549429226414,0.3864097033053734,0.38131825916822853
0.539538338152949,3.0634662831522324,0.12319863604368918,0.12731140306256156,0.4254463623742197,2.23281125276406,0.7298893088045012,0.25430283653509766,0.26182374114518187,0.6988429700093574,0.3119022119275757,0.13573099603373634,0.3835897930691813,1.0939182324940178,0.9395321468103045,0.3911539890533026
0.19902463044597318,0.9550546814888594,0.30155090429803605,0.34792926458862006,0.14461613760853773,1.4728230952367614,0.8321538079126004,0.25332059921306904,0.21264124796293268,0.12483043896072583,0.1665287193791251,0.1635424534910677,0.4513187934844993,1.7000841051950755,1.6998186580758603,1.2185949747161118
0.5484335610758921,1.0193217538885027,0.8324842223931032,1.4175840481667616,0.5531799506021393,1.5512367120932835,0.6601499407262167,0.254971749577592,0.15933006578329903,0.20120355587596267,0.2194922035617864,0.11111986446366694,0.21377946116297183,0.22596060532369097,0.1311337302191563,0.1827992315408605
0.13288272193960707,0.17212060866920953,0.24821853894282905,0.23252847877444213,0.5909868256492655,1.0121259643976264,0.9205348748676488,0.33571324706868294,0.20287730189888678,0.4861050946205807,0.41631887318155,0.1484010273397379,0.09351688465946521,0.27334052751759147,0.08057765032607742,0.07231055186216935
0.06592028659977205,0.16731166887005092,0.3035916027649184,0.24313474498641818,0.2667706336728647,1.4086327022299465,1.363457392613945,0.30586197713455215,0.5829871321592978,2.3329000346405753,0.9333646775007794,0.74876283492488,0.434530056186207,1.1110895213883918,0.5502102015145044,0.7850450212298612
0.0269417601365995,0.24688219629140518,0.1009977924306672,0.07731250425734162,0.26411323298841405,0.6588477546805962,0.2549125998551547,0.26145340629151265,0.30530207476560184,0.8300672983116923,0.28545211348243626,0.25366377767441706,0.477056153364786,0.6721442447130956,0.9214827156432162,0.3850724373674155
0.5210824278179738,3.8458775713463407,3.6817286332890973,2.609592255222113,0.09572000379894534,0.5076435103804754,0.2602044920758892,0.07053857797994605,0.59571604643725,1.701804461167134,1.5097711546412211,0.5053806852628372,0.11491717264159812,0.28897606039992635,0.2098300054448832,0.18769980830746003
0.17093911461636455,1.3455152248244469,0.1241792279588264,0.13097492525986712,0.31330829430958773,0.5626729941895567,0.3912708043796047,0.4850112439012964,0.2836003198898094,0.19993775157586502,0.20086881227509765,0.4140356257670585,0.3362791173535757,0.20037328042768213,0.14363880558122796,0.19155590941953463
0.24281491913738545,0.5509297850815548,0.19875697967404887,0.4025808176970879,0.11547198296731315,0.43510865467915094,0.27042701939193836,0.14838929939157994,0.2042902591711618,0.22876133897443335,0.4801189238515952,0.10419393939778515,0.41354505186855467,0.34922118865738566,0.37796591742414637,0.2856448199073246
0.4422463006553166,0.4146835759800795,0.20188339658408577,0.1552467849502208,0.46595565665382377,1.4714112310348888,2.0484882543356444,0.45641495563220313,0.3472126559245642,0.26778795289905033,0.09850749839469516,0.22317994651739817,0.2640405508526383,0.6078342719774539,0.6475929070395435,0.6474281297015722
0.5653934465315055,3.8094833108513186,4.204350519878753,0.8720366604381897,0.4896766451871172,0.43087343015909546,0.7376584731988556,0.3153207628499139,0.36454541396403156,0.43761588391401773,0.30538420505263314,0.28017780790257746,0.37348848952584707,0.7914153625477035,0.8592350798158236,0.2333022598610742
0.48501606574969097,1.014589986035762,0.9135198773842225,0.6679368052319944,0.27316663883985054,0.4688809911766945,0.6141177474460531,0.197563655741293,0.33135494219874617,0.13516835976190347,0.19270047019670447,0.18691334735902512,0.4669109920252946,1.0419178479044309,1.0380185500579802,0.7088207983264967
0.5310784394112066,0.4868468948731486,0.4561124649470996,0.48657417409028336,0.0022504464305113103,0.014847326181565723,0.015669440455321197,0.011155113262654797,0.21444387729077333,0.39974570652352676,0.12813179027667296,0.054565766836264636,0.2000120916505641,0.7930394546680861,0.7375064008060459,0.19821319285287384
0.4590431030909572,0.4532907552370176,0.326372358228485,0.10993253403940417,0.28459565256737734,1.1742563954668108,1.180034907025837,0.15944765896830293,0.21979295483945482,1.3927468241056002,1.7373536896023425,0.24939062625462444,0.464896827786465,0.6793028154191775,0.6191583341729402,0.2002348392274507
0.4142436384168894,1.6022991112583842,0.9365285297300276,0.36679587857248597,0.13482729418742692,2.44595049740592,0.9856938728293606,0.3455678245718331,0.28399344364465434,0.3764143919597924,0.14072653476077598,0.11553424870225505,0.17055266070854855,0.29557997787434853,0.32143150624262545,0.21720079400833023
0.018831206340369788,0.10809741049122455,0.046157980461991245,0.06557047605982763,0.09063647890155725,0.12699652363400168,0.0197860466748714,0.043179372052853986,0.0892385425104701,0.5409689916939812,0.2335881322524469,0.08427449131229497,0.04182441816020394,0.15611865576656847,0.08786455355851426,0.05481094145177276
0.34345594112389266,0.6337964722446864,0.440572761435544,0.29938171868014674,0.43989659048154295,0.5205292539763122,0.4082106594606812,0.28379882435043036,0.3713316990153068,0.5317836191763046,0.4088361439815621,0.2946461899135659,0.511687768894318,0.7737491325202868,0.48350589540559796,0.36916347447681236
0.17776256638736715,0.7865067696906296,0.10368529035153169,0.21454104852353453,0.017260967901093837,0.14901076904305469,0.12653313966897758,0.04216451576023863,0.29215941227902376,0.5989803125375658,0.38695228022969486,0.3418900087635526,0.09921960309419224,0.20414419569781156,0.15534658486155933,0.10404719263234984
0.08545034568556255,0.16235640387985883,0.21259534378796519,0.14822674307665537,0.47814058191657455,2.3873429503440944,2.253924139502561,0.3519376677190409,0.24522345821106672,0.4009662942612071,0.16661519789688037,0.05545968068527314,0.046128349902427264,0.1583334033681014,0.1080828108554503,0.04007203191971431
0.05820596909702591,0.42283622748096605,0.381688218697355,0.0663594342710838,0.2537157615262493,0.30584914713166217,0.24796750529210593,0.08526712998413209,0.1721104754327867,0.3411051583189908,0.10741985163628065,0.14110841093195575,0.39305274775806076,1.1832598262823002,1.5400873500059493,1.8714441183622905
0.550207047923128,2.066549015719579,0.9261393838292711,1.5258000962895475,0.17477928722770095,0.34790599006808054,0.5629731604749022,0.23125629805468187,0.33286208855118915,0.26251026630588675,0.5123670882253394,0.3316295512243429,0.39652915402943506,0.2667651941971119,0.45067512309133745,0.5377820359424222
0.3024835715737661,3.088558271764317,2.206155233720335,2.10432792082375,0.4313409507199958,1.5105888141119943,1.2496779950380312,0.743259133292871,0.3769181671275505,0.7647468450323281,0.1780542990964257,0.25011045652872993,0.2979410813462783,0.5385033079977508,0.5932229241203145,0.20520399066923467
0.00010146182195513997,0.0936498812165517,0.03602221652864964,0.01529632536030733,0.17760647559782797,0.4863435354782017,0.2872414835102824,0.17498164539024152,0.08178353392598922,0.21827011519065204,0.09826726715304801,0.10801342474912622,0.34163837763670796,0.5847966075155804,0.20508822454616837,0.28814753728561043
0.10107271563805816,0.5009915684310464,0.1760076354805029,0.24236970961767998,0.2433751110364639,1.557568982463211,0.6573484507046061,0.6174835804864327,0.16857133389737197,0.5572616609031688,0.6632195190201962,0.11049385560081378,0.3339561135788552,0.45229732810828555,0.2616116996397622,0.32847308160684147
0.13443377725881317,0.4768201841947309,0.2233729029840084,0.42825972335701895,0.009000487202032791,0.043825188702103245,0.04472498328144688,0.028755936917046507,0.5007550752038112,0.8670275993890638,0.5900749809019806,0.19993099139145099,0.285036240175651,0.7591485515224611,0.052591613715581624,0.26293382762371265
0.5790105007815919,1.123748472807574,0.5575120889811219,1.1126323982998154,0.4044269792799931,2.1008962305924923,0.8264720448062196,0.32232118581704367,0.15055152912509628,0.27306335591569636,0.1877857428196001,0.13568747592018526,0.483054287936308,0.5651799924782348,0.3070653600810415,0.3189731004924464
0.03879270891748938,0.23308490213227526,0.14992378270280063,0.1687099179501008,0.10068885566727293,0.43437618439447206,0.5151874869102927,0.07529830882599765,0.30205422069961857,0.3524352812275582,0.5777145817474253,0.5310308565309424,0.41948165971715196,0.84708178755936,0.7591483092398732,0.9720546683096543
0.5097628722860839,1.368739607176681,1.0752309303876768,0.305052696370249,0.37433744075531417,1.341886930759045,0.939355620009617,0.40778859113612775,0.5511814046436289,0.5384177107685079,0.46647033067014304,0.34655038634573615,0.3783248331548506,0.48316102883930884,0.25047385587372595,0.2122987285258101
0.3554300077663273,0.7484107960884926,0.31637375103679716,0.43637352758987885,0.2777237411049795,0.4681467830924811,0.3287935477482011,0.3007796317332897,0.5227933018855138,1.8247195738834328,2.61833290582744,1.732985093898088,0.07885879220180152,0.17103082988367535,0.12418375847350947,0.12454817286009935
0.523647624973091,1.495453049329525,1.1496658756353781,0.5337418387242729,0.14379563746767568,0.28639076811192066,0.20961606268644023,0.1850385989285105,0.579911825001903,0.6270318784164759,0.6450872794570187,0.6640797004377327,0.5432702035009925,0.08145798859369167,0.44036552569906956,0.4690577751966183
0.3352414090517184,0.29541845675251766,0.601345688105247,0.07846263097777131,0.13641809845071726,0.27658598284976965,0.21303961419266496,0.16443105862176832,0.5122094067392734,1.1842668535152394,0.7847146980266945,0.5983238688067382,0.3637865120807031,1.5425546341665237,1.2303273770701877,1.463088994921351
0.13697748632546083,0.5586643079185784,0.21575272598926581,0.2641494520226751,0.13455875361247496,0.30364225035317943,0.0998819585016079,0.12708320297995226,0.3330144742758763,0.14874294860317655,0.24706102644490746,0.19470319749433793,0.5983315663037472,0.4943113817254219,0.37144952939925924,0.493233308063718
0.2747679137750688,1.3222170406129747,1.0033929442821035,1.0904788649573876,0.4710738594359163,2.9093571887548317,1.5741844977636426,0.647501974772684,0.02860573541853175,0.136553155850203,0.13960480204915432,0.110000922464422,0.1471879047893486,0.6064077053562826,0.579962316421692,0.5702399339083013
0.21256941644720487,0.49690517760751945,0.40724375000706614,0.5692533544917201,0.2559250517648237,0.7972466776985803,0.7006587578316468,0.09428417181901413,0.28239178365104944,0.28916615343395563,0.23451420565907738,0.14597292070941717,0.07744364423554899,0.3167035818382171,0.22249163584581266,0.14632618916329318
0.39539802733339563,1.2989499426648674,0.8639688026589158,0.9192592886020674,0.5206631220194007,0.6943757896802674,0.2653328588479257,0.7320347357072939,0.0497792155477782,0.15844946423253767,0.22073659617470498,0.07637047189573345,0.3287068003800708,0.24169483305882355,0.2589440242708618,0.289079378613093
0.4467316297188078,8.45669590555869,7.628163423583791,1.2983317138237012,0.12776688063548727,0.5644411453894065,0.5570295359486435,0.3388100386483703,0.36077446890953885,0.3458762892902547,0.6613755233972124,0.6099157688585435,0.019585236971508425,0.02266687855816153,0.013237056153665699,0.02532787199520676
0.27926521676397587,0.5314178978061813,0.352099781218765,0.45113428370978154,0.406019934248711,1.0770240811708471,0.7685685606379237,0.19577497765604585,0.5426603456382623,1.073272331620828,0.8531987249320511,0.15979788140607626,0.08431946156070781,0.17704387888693654,0.21292096153358428,0.20892483317299973
0.0716540515664194,0.1692938006082649,0.09740507875826575,0.060359721101024846,0.13389323690015015,0.24929257629007098,0.1998088057758123,0.18667255266903393,0.4078337167596197,0.4564578796899515,0.13886137170071858,0.34179628690428837,0.5320286217399888,0.937348245178674,0.8835965921647636,0.19951487891535247
0.4173858912724767,2.5716050967631556,2.365512726306686,2.1316350695749597,0.029426195959428147,0.14326973249043162,0.02048493784143573,0.013256037186850544,0.12302268130568605,0.5018477387011748,0.18941386893348033,0.2695863113340082,0.5938632517825931,1.1925559330540345,0.9939034556521733,0.2237810727965416
0.3061434864111147,0.2941661205954969,0.22020527035849488,0.41016362275207724,0.44529805524803495,2.860088643548509,1.2947538602317483,1.3005844950170566,0.4671489903165364,0.4244172284956064,0.3430138835651563,0.2223184183054622,0.4194464668051562,0.5202115728439111,0.5496114102456637,0.45783445342457973
0.3698466217807766,0.807498456094036,0.11594018254918495,0.4480406012904881,0.3796690173833773,1.0244236117476977,0.859939233042714,0.5721856132286364,0.08667631346955514,0.187404277783004,0.13822181814188436,0.025248033174040143,0.007159785354751502,0.14885104091447668,0.09327181861723614,0.09056702272974627
0.12637217099916584,0.24735029519202778,0.29500846680164944,0.2621470473599794,0.0060073360123268135,0.010223268821797847,0.02216302762428494,0.012432408580154581,0.5084109801510133,0.9191127916504745,0.3880449465863413,0.40145467248527905,0.2025139417372305,0.42691074079320046,0.2429946734730778,0.41837809324266184
0.187645099407554,0.273486903939175,0.22308359762720703,0.07524803700123839,0.17393606527740935,0.7613960267499486,0.6597023661910187,0.15850528980663117,0.30790394673574023,0.46341823822832584,0.1605095081898779,0.1048394508857808,0.3019454939826103,0.32724620072887023,0.546660418461548,0.3283332399444909
0.1604419882391246,1.50080409187224,0.8045888367272678,0.673360574705673,0.5459907617057679,2.5640042289685008,1.222080939189982,0.39777380476783686,0.3935718068838873,0.8807039187409039,0.668361567307375,0.1706856765249314,0.4810874539310682,0.5472608511832526,0.35667174927305506,0.3058085163691399
0.5225079047272114,0.2676759325268974,0.2954343044517564,0.29358286370712366,0.5998775569012433,3.008436880601686,2.2149982526265686,0.552621369752652,0.06761215847836279,0.03342529629096989,0.04648690660936128,0.02527456295716812,0.3974968504648741,1.694386395434247,1.2115699392343546,0.4290518891464385
0.4647532586568943,3.1137904571862367,2.6099110727784596,3.5826191127957854,0.5262605434453794,1.4413957625865028,1.1078515774955437,0.8875589463189144,0.4345498690228737,0.5503692352075376,0.47361869962419534,0.25433905972197707,0.38215394731887725,0.7895232898582829,0.29272632321282965,0.24716880014043602
0.42191471394900504,1.126948683555261,0.9549613591940281,1.3094709584711168,0.45819914428982617,1.1391807799796987,0.40989584770658144,0.33139639111273844,0.4156177260988079,0.9953117014415291,0.8901432364556899,0.8866383388136521,0.06724052791998811,0.03102157329615197,0.049470508674360224,0.04291562978017976
0.33359170410752037,1.5800330409495464,0.9138956077085882,1.0237877735670728,0.2734654530183818,0.46019764778106703,0.24420721364597392,0.21545525347127795,0.1105596669920845,0.19387356898009478,0.08368527255325334,0.04755411502246582,0.1812290778299648,0.6274917931173063,0.7668874470887928,0.7841451696576998
0.05206448427458605,0.12026149181924117,0.11958146501735527,0.09731084213343921,0.1706687503574959,0.6925800010691957,0.7063497265051193,0.27695174951795026,0.10105158092566743,0.22140631895991722,0.22159761324645708,0.1591808908614923,0.24447512308486738,0.3584400524350771,0.5551795385202486,0.6248940887175722
0.11284078694517331,0.37521650245341304,0.14484939872793098,0.16765276333239906,0.29081683117831386,1.3010770534424827,0.8470991534701875,0.48689906848580133,0.03221050480448253,0.044384843201400674,0.027415269027472704,0.004395341610049587,0.41087151606188727,0.5962617064239069,0.5286405194535877,0.7858392296658429
0.5988968904151337,1.8086231030120072,1.160811689985098,0.43451524357665644,0.5111268278937782,3.2296582456211875,1.3683157496585856,0.1306321109778033,0.13808365406788345,0.11483249496543556,0.19755287892441964,0.09780775030005097,0.2354293526944995,0.3558294195059236,0.37283532118408125,0.16496747399383657
0.09816704011891449,0.1687565148521966,0.17690410431599982,0.14278248656118533,0.5485591571750643,0.6117620053883635,0.5558442230516302,0.41315762054149363,0.4186226134197899,1.323864441967568,0.7879694466990917,0.6994537047778702,0.48626208909069746,0.49212697666068106,0.2461351897065754,0.20811583339426182
0.05078848441458583,0.1613971197462989,0.05664683355097465,0.046977544762076495,0.1736712363065545,0.2287265253120542,0.21795632805146173,0.21532139912553871,0.39494806829135076,1.110606479019173,1.7292084779714665,1.7171087961999816,0.12571005154167914,0.29639403438457124,0.224768854879057,0.08399117424588017
0.09188968143987865,0.40707553255854256,0.11267179293055365,0.08880921337590912,0.14176308389989922,0.39655183686210793,0.18078227980039505,0.17015023939022503,0.08737096248196037,0.08010891184043022,0.0535904791702327,0.12314618911292545,0.5234971628442586,0.7608981504302714,1.529110943041108,0.9430433645901518
0.018009669343263424,0.13183624849646972,0.042976691070021895,0.028535902588347196,0.2966069322011258,1.1296148385052196,0.3366056979722152,0.1261024404923782,0.2035015264759434,0.8392545743768122,0.4658347283013479,0.43549936225785124,0.4154615164200193,0.42381589548562837,0.31516644560469353,0.20379931453864605
0.018772991557209483,0.1330759108733069,0.05408424289694372,0.04810609419705211,0.5148791865306842,1.3982710956539994,1.3740660052123903,0.53403525826083,0.3291670863519657,0.6841175650627483,0.27394973599813033,0.18887770015463567,0.03410305108095452,0.05572045191772676,0.0637504844126663,0.06528687880300471
0.22848282402915807,0.09198529484419007,0.193883503534744,0.2654776688957714,0.5799097692125902,2.2323987262546483,0.7201740836114756,0.47136689411100297,0.532152936050108,0.4531791660662976,0.6203907681282165,0.2579396768428714,0.546648820471196,1.3555736026046903,0.6488113072195179,0.5224759281149545
0.41108906784720534,2.25794515515826,0.35101345231646514,0.06304729977060347,0.4214355698884574,0.9685697243399453,0.9807547471528845,0.23388527502757775,0.30251929915926684,1.04383590760364,0.91801991511117,0.9132526692360495,0.41897673249630585,0.21961494518825117,0.1964537761753003,0.326665018116874
0.467571298444734,1.2665588785682034,1.0729883961684819,2.029967486357542,0.067889954712046,0.1464220282101299,0.14046699884641559,0.03747214769958444,0.13047824378796094,0.2191650916816056,0.05411854574487107,0.05703765338646826,0.13748815881115478,0.21817819708305233,0.13151355222414887,0.27978722644270093
0.20189797625541342,0.6200649947051705,0.2230217660409939,0.6402407645340237,0.12453837474361545,1.861936585034284,1.177051185333033,0.3065884782973396,0.45250258241922875,0.8039340929780263,1.3474778674196204,0.22312161124323335,0.28275160980738856,0.4708893905026499,0.3524637525252694,0.2693194869424637
0.2608257412142096,0.29165353250705095,0.3182376790461402,0.03763130769961328,0.39937842821077285,0.9737961386201134,1.0160079549263592,0.14154314608152524,0.4039580833272725,0.7821372492557556,0.6993645993066664,0.9195686536048944,0.344889113684565,0.7312421078291627,0.9688058394562441,0.8367646951019275
0.1357514873477971,0.031065401128306854,0.013234701817731283,0.0824645400642932,0.5299621232460093,1.8952819309730646,1.2691924158948305,0.9135266549645696,0.015085692798857119,0.06928326069146921,0.026132773617825966,0.01133445999236803,0.3477957442854983,1.1054796526473778,0.8135366919671488,0.8049690739422555
0.20935041064756846,0.32050463629754117,0.19978543774775295,0.6531526905303303,0.3158507973985568,0.6268066402129348,0.5493407338225069,0.4805300112004075,0.4371366620862562,0.25388454748053413,0.2651099969369338,0.17266316398686854,0.18691035595827685,0.7361449704059649,0.8983610700623844,0.4277080755874029
0.23054450681508418,0.24785109044906403,0.08369216772356936,0.58338892141482,0.21656272622635905,1.6278287293164844,1.1596677830892617,0.22400750621915333,0.20539764729482088,0.17603764910575917,0.18694948578126658,0.19219841375357052,0.07427337369744436,0.04616450934592379,0.04418284650279247,0.058531992244521755
0.23086692258985475,1.5543309576713977,1.2407981394353333,0.28657024213447113,0.19303828733245187,0.7403883941182606,0.6312604781103387,0.2286180575751154,0.500635544773117,1.0936884277417365,0.4445214636653528,0.44715349613486177,0.002508461369621817,0.13791002271606356,0.1351179827630355,0.04781304552954964
0.039386637325727954,0.18119715812799492,0.08841885386219063,0.07746048935569919,0.3061870579078068,0.6473210832950133,0.5980208389150216,0.14390608162762158,0.30158609517616053,0.2607246148955011,0.29879453182265614,0.2158897140878274,0.09315816928647788,0.038610139415818895,0.0803873397820221,0.09846396651170498
0.41579208462043965,1.4598823906481377,0.7311466691257361,0.37223154458919816,0.2115444394075431,0.183493710379855,0.296149246085355,0.12123533834352586,0.23899355870104896,0.317124487447396,0.3128534568998887,0.2391229402514821,0.11274260536251017,0.4237916159114002,0.3348583535344794,0.3088999385618269
0.03304737005312701,0.14317228242367,0.0774336392515969,0.07551196860392657,0.23080155334888847,0.9085694059350213,0.6626771619180133,0.3686989741604572,0.014883943225801909,0.11567127184125785,0.1073161023966827,0.09846431753714951,0.0691789604873632,0.15614326133528203,0.12687063270056162,0.17071548408638837
0.5744124285050599,1.614149363931621,1.915624960420742,1.926455668961043,0.5038050851953598,0.7951821308487372,0.717209656948323,0.638549535221526,0.16416827068969908,0.3694537262796261,0.195920379979957,0.22429440641973503,0.44151908294599046,1.7435555464161454,1.5631986924773522,1.5061000119847996
0.4030687140263442,0.4805189385573557,0.4934735951668241,0.4712806879893069,0.39101558483149473,1.6522852702633721,0.9977206155357053,0.6917061026216494,0.1519091218571811,0.20788717702055307,0.23749583729514148,0.21636122370850444,0.10375353984157562,0.14438433993600114,0.018182481044559537,0.09088867773101737
0.0662473588166121,0.1945035916762058,0.19490097770629763,0.20112313395197315,0.208039016255421,1.55392336735401,0.8568261886649279,0.14037379288536675,0.47778089457361306,1.7428680734549047,1.7307892865390653,1.0769185530800625,0.05213844457712941,0.09553799104565512,0.06172713807893889,0.052248985140603076
0.039081726813459984,0.1048147413834544,0.10144347094613598,0.06116609274551331,0.3331872920176529,0.5760784000404777,0.5720017606795679,0.5038657623192667,0.1468937478918803,0.15023955028669847,0.09522889242168504,0.39310805791967335,0.2200502937244619,0.3515416555527394,0.3089707889665329,0.2879041593016072
0.28460090614167793,0.563707173895832,0.6980999194614367,0.22097544100476646,0.45540685823387617,0.7070852594990668,1.1617424537382801,0.5003984218490815,0.3921494396205469,1.124738132155957,0.6935145102792241,0.29309002767551195,0.29747632595773427,0.0932208975711416,0.1931189285338889,0.23275951395247382
0.4873275843034524,0.674668806933305,1.0521889949216192,0.43034224820999983,0.4451213871465986,0.9325068993004236,0.9804079984277912,0.7952141919271529,0.49257914562966415,1.6133845995654308,1.3691238128124426,1.7745866679690232,0.4566997411675729,1.2081825297662339,0.5910207726817968,0.3261809897581024
0.40592112688704035,1.5225297456012403,0.38302434031651733,0.44007600276473885,0.10824556365187295,1.809954759897732,0.5010274691467076,0.04971221458502153,0.31876417126683715,0.46956710115941247,0.8292557293934785,0.6308726099378031,0.031458328360704745,0.044163836142606536,0.013294499940953752,0.022801915566761127
0.31598322108191407,1.8421651186219206,0.5958720757808689,0.36510890348749786,0.25880496494453326,1.367316563151315,0.7206295388056688,0.6993043307625376,0.05136397807046717,0.07828313950770507,0.10621582059459175,0.06676633355123979,0.2969571589835635,0.5603378561631353,0.2763656373169373,0.26167573058478877
0.4917645041741735,1.485018219250028,0.9389944751669241,0.7919238390097714,0.1400552140884299,1.9294325906921928,1.392559488820928,0.17775509372107753,0.5002117531380978,0.9821059858405601,0.8294155301492249,0.9101355921279813,0.5051875824890012,0.8286734137544494,0.643947572414817,0.5173029740326084
0.1867740474295348,0.5620372800678812,0.25668404623690017,0.4067281148794741,0.10435861915921212,0.05123345678964418,0.06402226788706704,0.031137914749652922,0.11610558704156498,0.5739876630446634,0.376661826783739,0.07475889552149256,0.5654153711559823,0.7568586495794242,0.4017369081486127,0.13091717042828685
0.2619404339738034,0.6737526820755071,0.16743916111699123,0.3196272006725715,0.4701349377818806,1.4608316226991505,0.32363959394418634,0.5486739385467828,0.10217331564100515,0.19167343854981952,0.059243848998664354,0.06584616200667183,0.41593004927237515,0.34748068540396876,0.22646578412854093,0.2935704360212388
0.46713673627819136,1.0659110615988245,0.412891823137427,0.5112251003664393,0.15986446323404013,0.9361710234968446,0.4022480184702691,0.12085130478080698,0.11574052548898296,0.19940158781877768,0.15328578879156404,0.08100951636597545,0.006728029059383278,0.06838192912892334,0.05646735480768815,0.05600334404483607
0.5052746654640392,2.03150502785874,1.7597285833152183,1.912536141002546,0.4931966181041497,1.7605454596142667,1.2046867956267704,0.4168591851445928,0.11592200433570515,0.26308404704095933,0.10092416263253538,0.0668124039882246,0.47883034259795987,0.5167800041496504,0.4166700115808923,0.3639374904875344
0.5377961956260101,2.9364780656432985,0.905131587052693,0.892837731326114,0.2251745371117857,1.999766898812454,0.7574332412423487,0.4855079374258119,0.07137177944362365,0.21072608953268662,0.11550864338061467,0.08458458160197475,0.04949875479676475,0.13413097087998183,0.14183170737952963,0.10697234771970407
0.16546637064376316,0.44454527573121994,0.4034490705708816,0.3767462291034615,0.07957302490284536,0.08330479515562919,0.11792935343198685,0.015028932515593407,0.5215900544029025,0.7603735341638992,0.16895598650457447,0.21289594170521015,0.3081372500121127,0.46660818805499804,0.36024712833731126,0.26813593687569964
0.1371869566156037,0.31139908744215,0.12916685928877783,0.11481429954491436,0.23677862086725315,1.384201381187716,1.6791112958971484,0.5444589738283292,0.056950660193276104,0.016497547405531485,0.0712610239525506,0.04076244537642294,0.5558660188872766,3.3848616167528505,1.5416643424682872,2.107595202002419
0.51421399632295,1.143506523264996,0.6863587882707316,0.6224120464661289,0.01250548902206543,0.014983277303661153,0.02572967354589152,0.007318727878785319,0.5254448930228681,0.8984136352593218,0.4876362274094437,0.43423300458748665,0.20161553844368857,0.28345756282232304,0.40583809365751505,0.32739175150573824
0.5408449050012509,1.0932222433871854,0.8732703434547312,0.6642055644022982,0.4639429187540504,2.797451424205019,2.022180403433004,1.7286118518235027,0.03079933080800665,0.08390802672736979,0.08173882040064832,0.05561807275749687,0.2530832224214391,0.2984849090149677,0.35899787933785937,0.16367584637552793
0.4727637846775707,1.5860022324595398,1.4946189174788764,1.2581266992222808,0.09733361249922143,1.8693310813962367,0.9925285529972381,0.08728682790812947,0.3874916616209205,0.74898106402904,0.737168261913332,0.1462834792162858,0.03887362985746405,0.08390956162334012,0.08998175759641025,0.0691077534857959
0.16393956640880483,0.28423979275299344,0.1309402270356522,0.0867130404517328,0.47994933827296976,2.343646524470004,1.4155360105206445,0.6857095807328393,0.3004894215924777,0.47312605306795513,0.3906679932934889,0.379158603591753,0.5432337933898633,0.32311392436966013,0.23184224097577105,0.29077990044639895
0.19962536871459455,0.5978884273187888,0.493531144257508,0.16315991229216212,0.5966798458724909,1.8784939418244297,1.4346308771479939,1.119502592005319,0.3980578309751991,0.565127363723568,0.26581939940722576,0.1680840713818697,0.11612338613973047,0.1409404365971466,0.1438671897554417,0.049965842460914414
0.3606742432838623,1.3367207373657073,0.7335352503859727,0.8555071992740647,0.4437795803879843,1.5799493536505194,1.0384871312301003,0.12370781224746306,0.08221855273075389,0.11388598434917277,0.010897601569917124,0.08737040070600943,0.338002850512747,0.3236342668568818,0.16043235922026985,0.12125269607356391
0.013999011436687381,0.09884613985657488,0.04723752353425714,0.042095970511930536,0.5526715381120636,2.679723101755233,2.0244564063961614,0.1741366688433325,0.05225030477746344,0.08748854533670898,0.07473326696626804,0.008047749898656038,0.16632328653507503,0.12768333452522662,0.1257983413449717,0.13963272704766738
0.10891215391020559,0.27187149611855993,0.20503886946584957,0.15270851603428523,0.3931672245452418,1.1099756057120187,0.3604852713243749,0.17925255965841688,0.0012294825699009637,0.14504877309826744,0.12492205545740352,0.10449120298307712,0.06720634827840422,0.07140781405090577,0.05612173150024326,0.05548341032998359
0.5194719817041532,0.8487127482295191,0.5628213930077971,0.37231793775100364,0.01087807080213754,0.09895968979965536,0.07577950630694057,0.017035878893566427,0.4073240640698632,0.5426344043087302,0.5286560348259569,0.48665874056003045,0.3988764304839268,0.20005019466227922,0.16402900050870398,0.22875829368875797
0.4140243519962917,1.7701224392886377,0.6540923547266851,0.7749936858281795,0.10995649421466931,0.03902188126530974,0.46046920526598994,0.2281640059493471,0.20490187022264897,0.13872719632089797,0.16141767259101494,0.05929079440758364,0.3236463685944464,1.0075837222502932,0.9556458443029683,0.36605168382154063
0.13508733865982533,0.2379836179274355,0.09426893350330086,0.33054203090579487,0.4388308537076092,0.9394832974330756,1.345602931922258,0.7025954342815854,0.35085455775079927,0.6289027767562123,0.4576000748988008,0.637721997424185,0.5114476436430934,1.1925833774935852,1.026986896875758,0.9152488650717024
0.11245786469944043,0.35553120112264863,0.4825028970943757,0.235983689779192,0.12449005733051614,0.20538797657297814,0.19301628956713854,0.10302428532033071,0.14753805928463817,0.7760277660833031,0.659459419678051,0.44941169311709334,0.497076448538633,0.23480294772239227,0.11400385017390968,0.19086071241937885
0.2860474500018964,0.9434311729959419,0.6038308507003206,0.3590382317189981,0.3450361310051773,1.399759680369731,0.7431802010898922,0.6227183148461559,0.29930523211313453,0.8465893594920173,1.4687349095092983,0.23584379602112487,0.5246611719715962,0.7896228839836947,0.9077570447349372,0.7480611169992366
0.5185096848194286,1.95335083010124,0.9719635570738071,0.4486294120284957,0.3677539743410762,0.9819134802335079,0.659196477114803,0.2552702081270587,0.42358619962110866,1.2056449243096774,1.1524738317742316,0.7095030935546711,0.12322710953117932,0.588069117650936,0.3619116701296687,0.1846341404737818
0.5787251449440431,0.3431878922209153,0.8424802819508731,0.358075135905436,0.08272105986297547,1.6970669534584033,0.9982082467578387,0.06030623221405164,0.2795870024101598,0.5152308638613017,0.45480366732253025,0.27260746815232917,0.2820277783471658,0.3656767237634216,0.1391986771393164,0.16596709574036425
0.4178274592059411,3.28265438281429,2.9516225715258266,2.1567134954422436,0.49209266085859027,0.9439478833364893,0.4859678380163516,0.14133315693841042,0.28784303410020146,0.3669079416257339,0.2372114691221546,0.11124000325025113,0.34461744840645897,0.5358079920881763,0.33919690644413714,0.3154308316745735
0.5926832854841446,0.8123427676450582,0.6782877914735668,0.7881216404841359,0.05822384864862864,1.5263699064813137,0.9687025570960672,0.17448176651636804,0.2545236359072228,0.47542352661408394,0.3180762675644126,0.05645732398536696,0.12685362594043512,0.27723499003155516,0.205665438572753,0.18539649100793545
0.029015258694023903,0.2362334437793722,0.11605161120751117,0.11043721058376307,0.2726737948990918,0.35643300526215815,0.41898438807852006,0.403451910764627,0.26006448195938564,0.6597917064762687,0.38117115817804426,0.24151614278341557,0.3491234897087853,0.023908893787906674,0.13451604116213747,0.1442095945269797
0.5949315560232402,1.551104008201609,1.300006819174272,0.5944204337582574,0.36704727883658006,0.060874595730446394,0.3008823491034212,0.30023274829613955,0.5260574651030838,0.7367307202565526,0.47268917267035554,0.3651512678348337,0.10618607880659692,0.1693210215778305,0.049000507054694824,0.05992603853529077
0.41774408422112613,2.9172045414068486,1.1385776508885084,0.4407703285152911,0.3574638914636629,0.833812410814924,0.6574859711580637,0.5465566549818025,0.4597973566240324,0.8727321963557566,0.6694667172386749,0.5041702153815897,0.157075887051525,0.7840010404521611,0.7693996997553839,0.5903698841352816
0.4917492868091729,1.378188868957463,1.4616252681696953,1.2320911044145584,0.03553663441372594,0.20208250463983346,0.11781649163420489,0.021481845720467182,0.2854544483608823,0.9526280451360359,0.5514069107657034,0.19977029294748083,0.1416811217918627,0.21407628965504122,0.14579021943899684,0.13008859792392036
0.4770285608937723,1.068527274109891,0.3262728362027705,0.29252346590920403,0.15036316414737574,1.0136700732045685,1.1615314445425955,0.22684526405217817,0.5991905050409514,0.9400349873474745,0.7812002661512579,0.8918259684644282,0.19325102575312628,0.2241768423162172,0.2420488665633856,0.07644702273938178
0.5346722232468016,1.5903271119026114,1.248082346816088,1.965000628209681,0.2683076762212177,0.3308155601693262,0.35938765933188255,0.13584656603344164,0.09805228617021393,0.27636294421981217,0.22963750387654236,0.0891404191261902,0.4971748429970245,0.6666787224902905,0.7333247770738732,0.838029383211304
0.21041546032544692,2.2446642536457553,0.3527136332398937,0.147914692981467,0.44578642415103503,1.0071109053592908,0.7196159912107671,0.10257974087993166,0.38705295104511833,1.9298155929410226,2.3649730260204094,2.2128044606185897,0.28488661513412805,0.3941013451653057,0.023796601493327157,0.05671085631054975
0.5831737667114749,1.880609587420948,1.8766586430987244,0.4002734604055901,0.46280358526608106,1.2710997754220579,1.6402946011655706,1.0885303574632326,0.1956521874385681,0.23576850848153716,0.10471514176345918,0.1389886958224587,0.4689977312943174,0.8757461407715728,0.7619973092775427,0.7370750810433357
0.5845286983810435,0.988811070978559,1.2939832161977838,1.027829033318348,0.5088238861310606,0.29343298878639756,0.3908730875961258,0.2767277736776728,0.29332159092289606,0.7040456722300751,0.23787624890901948,0.23787624890901948,0.33326145055569606,0.16558762948607167,0.33687549028003677,0.2468144582715001
0.292467105283571,1.0750712849606017,0.8442403360984593,0.05641715447903544,0.39024733858793836,1.7369736197556052,1.510469888855042,0.4806055658405139,0.5526530314869375,0.9084337867725734,0.45486694159433444,0.3858669717527454,0.36042299683388507,0.6907906519448123,0.57645364065046,0.5181072504205891
0.5388493547640985,2.163037161466475,0.6709426284400298,0.5076429040904387,0.06788992530471442,0.36593528478550913,0.2223964757354431,0.15140125538124927,0.22767970215619873,0.44094879430228,0.0444927584186482,0.038151286667449276,0.05157757109005107,0.06693206851733652,0.07698751412305614,0.0860282874811406
0.5566371227458646,4.159050928305896,5.306484347884465,1.2735879051644654,0.08182834800458172,0.23617972765155473,0.15395803658551663,0.05056240172175415,0.08082647677266915,0.05412229711441613,0.033916062575850614,0.057882265453795906,0.07628941715048627,0.18824322110126976,0.15628454343785983,0.036039383735775456
0.43580293625911043,0.9920365747309279,0.6124533533489173,0.5914027188512269,0.5835715984917843,3.0075486012590886,1.3164293435850827,1.303227851000357,0.1531587225431051,0.3305066879594945,0.216933655480024,0.22809019617293322,0.5045254220301576,0.7244573963808709,0.37164502697472523,0.3454880199565294
0.2894421606519086,1.1121336176644179,0.19056138857555482,0.2640990776287687,0.4852328474526601,0.6379924262771417,0.1960898958355127,0.29973400789284643,0.457874276169789,0.7435742114118947,0.8173501665254275,0.6151258434905571,0.4503946885473601,0.9113556881400193,0.7374373635737327,0.325834978207632
0.3059584900931038,0.5510709387081751,0.7983197020596744,0.4913558643070936,0.31242021723033403,0.5772569226918237,0.2805598688758064,0.09350305325920105,0.09572074679587192,0.3404909687120897,0.3294471376931189,0.06537597834304723,0.3466609723446879,1.3259444042689483,1.3281898059463728,0.5081818177620814
0.5293271184691521,0.318456356534319,0.19048999989946996,0.16823740756964323,0.05505175638655106,0.18543786813802052,0.13429504428264713,0.012626330007956045,0.08381117950864318,0.04011951466564109,0.019275211686979425,0.08534370371477391,0.4512490494665983,1.5528019227857266,1.0196245889739879,0.3781367360119642
0.3953591874320972,2.606969149373506,0.27269251343465567,0.30112543105272693,0.10628888549234612,0.27762035186712897,0.30559440464484344,0.22383374420494073,0.3234040450463759,0.3016352977341863,0.2643823092205097,0.2236112767000443,0.04810513660223492,0.0557409812226783,0.03596379603146602,0.04857273308859584
0.21564257566670647,0.8492834455216222,0.9732332045849441,1.4265727900955882,0.30115632061028,0.715223028311228,0.5891733432683904,0.3181586071305903,0.5622911651693089,2.3211571385968686,1.0358620425589793,0.480482396005051,0.007837901504632927,0.1287638506105082,0.08385051893750017,0.05336757695511611
0.09584062664078782,0.2855375431137328,0.4095720847563494,0.23960347750483574,0.1227843605673169,1.9026698794616879,0.28253543819767807,0.04798240194165414,0.08533050387534798,0.11702250727448736,0.13937855669836094,0.029850895918758745,0.4144276831490735,0.9902373681334198,0.9420747729339728,0.33012531144772106
0.11300475263037092,0.23756878867086828,0.19813189993144678,0.18578345547345929,0.3841559963247276,0.84068308554177,0.4892678617260165,0.3816515009301844,0.1374409272189454,0.17935351486292744,0.13223341096001445,0.11694813403876662,0.0834902301277813,0.059679113648491,0.0360860444901691,0.036734659040425825
0.14898307870773533,0.5087723026320549,0.5229387020303189,0.46259016253831997,0.3658205560873707,0.900623084827863,0.6264411816641104,0.1962675812390058,0.027895585997066496,0.10377350318819675,0.08062036117416216,0.05192543097549633,0.21064593592441092,0.4080917231861666,0.9033192905913919,0.26321505327329203
0.46491562824940136,1.7716398950288104,1.7607231772718688,0.9077680347389993,0.43305546344510076,0.9936474553557871,0.7162001015878825,0.20757149990079152,0.4910083552742734,2.309429730894416,0.5846880285389462,0.48889324114453686,0.5738022478415314,1.3056525209755703,1.3942434694447237,0.7728957016914852
0.15061643840846603,0.6572040619324834,0.5506755316262216,0.07912973435286096,0.26784136253490437,0.6018890386255088,0.389339797613926,0.357810206739804,0.12290960780627341,0.24952040805146214,0.04341377222200189,0.06717836987036156,0.18277570246278782,0.2528009768338513,0.17364053786208353,0.13407850989313755
0.28452249457141526,1.6529093943381434,2.3680164679353997,0.5737066092067897,0.19981725913872736,1.498671071304275,1.0835585559713,0.35343008678182325,0.48579289680839904,0.26656775734018123,0.2634631562601202,0.10933634382148161,0.5682373471218425,1.0469181412164699,0.9267801493846862,0.6220202659280396
0.24736466086410225,0.668727480356486,0.5163780650473042,0.2911151788435235,0.08342570753965843,0.129559329333052,0.17283822996602766,0.14155012629618344,0.27161282500423567,0.2952941473040373,0.12831490239039287,0.043185688189023734,0.3090010659897647,0.3325109750411903,0.2071135761899671,0.31471690735310304
0.12265318886537883,0.15288728478076297,0.04090092852575181,0.039629232733671714,0.5788559237634072,0.29040171528871234,0.7935033593097478,0.6866791081950813,0.11905479146886389,0.07309156506875004,0.06758807692429322,0.24002928931785694,0.03874462104014493,0.045161161518317804,0.04389785658239996,0.03628757926343949
0.40398755944463555,1.6137874580393266,0.9850853043370696,0.1495877939153622,0.11836559264236403,0.18602846372791507,0.08592947154344281,0.03901074686706133,0.35456255246518814,1.237019826140947,0.2977657085815645,0.2632856279552421,0.18046354898819997,0.6298593595309777,0.12261638328415492,0.11533040271528479
0.308492233356483,0.9268473001249662,1.0813937961971003,2.274956848787616,0.4489195453370956,0.6436241775808802,0.4763898462364183,0.41904853859586283,0.3030750297210421,0.3506068308143881,0.5789330978741809,0.09974638889666235,0.30443643660248504,0.7934859675891571,1.1766272567911424,0.17285051485239034
0.16837957492227815,0.3790403034910027,0.23593724844481154,0.11545284540789047,0.40115753873027876,0.714960854763724,0.23711434451362215,0.07011222649936841,0.18164651857746092,0.2361023403194718,0.21981637747614644,0.21981637747614644,0.26455147893030506,0.39802846492597266,0.21553189283652013,0.4760088329196237
0.019054609696300174,0.184408894237568,0.22442412237281398,0.08154026389868414,0.08952627472048606,0.4389320802633681,0.31126272440633457,0.08069498589912362,0.5154931156987604,0.9275718929100023,0.1821683476219137,0.30022101209132257,0.025737679158668713,0.19580197124073812,0.10267288057441958,0.08578688369530119
0.042810889000272474,0.2073935728476833,0.09532077369932579,0.08281873627642139,0.24185266641736183,0.7803507556160613,0.6425142249478825,0.36252892883775034,0.43052675478757496,1.5804541876604925,2.6514585472324046,2.3774731100049893,0.08599414277941704,0.13075786964615901,0.11471625835364682,0.17877594177163442
0.5174260686768012,1.108755306023939,1.3062914422173855,0.36282174625951147,0.23737775999097302,1.838569750377046,1.324930169640568,0.3510381581152363,0.025856673857344515,0.0410165802626841,0.032025105715408564,0.03513003615862749,0.5914224388875561,1.3525188265270145,1.555745338731372,1.3353506664623356
0.36547893195519815,1.1384450122314664,0.5641292204230426,0.3993818727039283,0.16963845441517716,0.3726495832326831,0.048232052113036945,0.03887445107019773,0.17437573745044213,0.22505213152081388,0.32609953780169093,0.2837227997224003,0.3894665018592689,0.12617156418661582,0.26487257479787457,0.2208263052296302
0.5241210406783339,1.0973000952830398,1.1876179419390704,1.12411207924462,0.5959453702392579,0.8457976390495207,1.2394629390526561,0.6121673729940886,0.10066086262767186,0.19890655141879537,0.2039761691325697,0.11243458363853669,0.060106935608516404,0.10957080078625979,0.11239731573283229,0.04610252707362945
0.3925310202108279,2.2841632931294296,2.3224152357363304,2.691335102365771,0.36715127168396916,0.8908236823695487,0.5230457686722748,0.26559934288861736,0.36669888258466227,0.4630337711283627,0.22749731094158335,0.26680651233210745,0.09726186265270483,0.04498867360522552,0.08185183311234594,0.0432647153564504
0.30740460539873016,1.2396857217133812,0.5322639188330524,0.5194900308978112,0.18414058083875998,0.27014673207870926,0.21428988319104178,0.19998197444599938,0.031573086461012555,0.08840744519062009,0.09940371071321964,0.09639670767416363,0.011391166266983332,0.1491065837531248,0.09965680949855756,0.0975765954189068
0.46952635984254953,1.4354706011777607,0.44957386988154435,0.4243146309116379,0.016689859390537087,0.09212434541562749,0.06407480162569978,0.023625783642058383,0.41312958407742567,1.0362923808566775,0.7122623032441876,0.501724370626781,0.2770583373597841,0.40878256001107,0.21937117915507817,0.17522215206849612
0.5694342160428972,0.5107263016681602,0.6131294188937396,0.5120397780616781,0.5976147439039864,2.326764458856832,1.6330733307485612,0.427833238753184,0.29244762262376395,0.35885195327469127,0.3276651134420914,0.23894275407926932,0.5749218757536697,0.7271453978765493,0.672877807418422,0.6281567446345679
0.3844279567306095,0.9554769541334399,0.6271190910281224,0.43916053991097986,0.49156499852522134,2.3405650017691393,1.3094032794734547,0.7420217834054539,0.5260427034081006,1.3740317686692431,1.5306455605284373,0.9375168791107854,0.196685488656098,0.22162896810867636,0.258967325278361,0.1432345223690402
0.07993064115477519,0.4100423740558234,0.11721896286479985,0.08394764646065325,0.18684725050581513,1.5565357042192485,0.6598163345956568,0.0960272624346177,0.3578772940436834,1.0933520703721216,0.608735857444874,0.2411327492618174,0.07019268658947268,0.11644638677148508,0.06258455392175172,0.055306126797752465
0.1093358171160508,0.5312316254308516,0.2638911697057827,0.1394351045014088,0.41534706090694123,1.7756891641035164,1.433355342388297,0.28321859888865814,0.5708194717025127,0.23889011904319843,0.24746023426327035,0.23154238628525972,0.24673068841509213,0.21009583587851413,0.3014109127350538,0.059670937483284434
0.5357252798353817,0.1732259746653274,0.09615861299605781,0.08303231382198313,0.5136891418618262,1.2972060832886019,1.256132513095383,0.7243401508345318,0.021449267797897287,0.17948656981163147,0.1376349785720698,0.1144533888055228,0.5694145062693962,0.29207365539018254,0.24867066143533914,0.2531705707573327
0.46315542092925976,1.869938423174651,3.11095356288253,5.371066146966389,0.3218880383673518,0.6486706121978301,0.4359564973783076,0.13339007560019545,0.4501707471444927,0.8483642694224488,0.6074288180071515,0.5412214048829915,0.14909302061993907,0.11002509181494408,0.1132729873042851,0.10944828038003657
0.10954821571179374,0.22978495190765216,0.10345967459997063,0.0817952457804053,0.2749073457543471,1.4022850432675762,1.6548003031947123,0.3834197800623676,0.3632455034537008,0.20012812471954364,0.14512036628731478,0.2396225064473147,0.348852979759901,0.643338870270222,0.3460895760179859,0.06641886564615508
0.12037998075590661,0.24019684748043388,0.1574327066010868,0.05362507609801339,0.3767436251025262,0.6656434976009954,0.07513434619070403,0.1013531633214737,0.5244635404742458,0.5822560740650814,0.1321273883202368,0.8171711595279719,0.014130277713618477,0.13689351256484678,0.11105741259742603,0.0937674139636416
0.33168412735235814,1.6761530719830784,0.7408030155066093,0.4928299103001669,0.42958918679365715,1.5144978337115125,0.7454274181246059,0.39444525297281047,0.5165477512753598,0.8019389944566356,0.6684344436939973,0.4222317944990477,0.39922583721422056,0.6206188642095846,1.053568082836312,0.5578549196802733
0.04120718546424653,0.2584552335213881,0.053187744207061946,0.048603097809558335,0.16251655227574313,0.519991649375233,0.20672420973406952,0.16025112348694484,0.3523082832698143,0.7414026800445632,0.7635713696722781,0.31866179783271603,0.4597515140062639,1.3437537694912611,1.4629512526447113,1.4516653892612796
0.28291416485351656,0.6704096379577625,0.42189412296377243,0.4411519212077196,0.15561457483748567,0.6336947594785839,0.6691091300149896,0.16571055444260596,0.2310286197359983,0.8373504835805202,0.6973477211542848,0.4873295084348241,0.5619118015497206,1.0282017728497366,0.4776513375316901,0.7215243363993806
0.20605547754636763,0.47083419807703064,0.4204676366580306,0.4026275752215133,0.13784052112425021,0.3035885664999687,0.28088797209110977,0.1981479175261049,0.533257733420819,2.174738199969514,2.8717146267626568,2.865371351293863,0.015955955899880057,0.03787378855325567,0.03599250270195863,0.031082599491111397
0.49198189417574006,1.1324839621206926,1.505292592711066,0.5843843764278203,0.5645257102676612,1.0461430517252728,0.9735373443395011,0.8620899767710009,0.4981971191019179,0.6485529604510174,0.38363067556408703,0.17734429601554624,0.05645656816880209,0.2491150368803282,0.12769680642551007,0.047494102351442705
0.02696163666269713,0.12806043319338373,0.05530669470833083,0.05479392364179685,0.169215091821804,0.7488456129314817,0.10168849851442666,0.12454200203293277,0.4626918618671352,0.7999764718690249,0.6441435596954823,0.5535975711037573,0.21648059024247643,0.2895117194447309,0.1399269617665229,0.10887522658744798
0.114923642021801,0.22104682646858587,0.1829173226375748,0.13906494556040483,0.34279434792264646,1.0521138497325346,0.7300608563210004,0.288716165124092,0.08193106516433031,0.1546568038520419,0.03577595113886355,0.03554800198123835,0.533763890914711,0.3355856119048872,0.5432804654898489,0.5063118707537139
0.29053274413359537,1.3196840232075142,0.44474251818340577,0.2640880640078754,0.41806461148722446,0.8867007437376725,1.0131498359013107,0.4023504389742156,0.0517497322183124,0.12311242396196366,0.11898139766458353,0.08006957613235242,0.5756175692955433,1.6098912800767406,0.21786574155867872,0.3879580299020474
0.5515503215025579,1.2696317011722067,2.040322225858207,1.9173631778210907,0.49622395312718387,2.313528086048103,0.8148908846179365,0.5286788770982319,0.5538521253629599,0.41662900306163975,0.4386940022582215,0.13281648748497,0.3053233271149261,0.6857175691444884,1.2156637216901511,0.19842148770182633
0.1945933170664416,0.4447482056701412,0.09761944689149704,0.2740914120958147,0.46288929373064164,0.6650884546020454,0.518304839583547,0.192900188932194,0.15935051003885817,0.3564480707969358,0.2394593395998403,0.05998408723113264,0.05276104399216423,0.05016557906273304,0.02024484963326539,0.03279886104645264
0.09126464618300253,0.1633295797762703,0.06951519640912243,0.06259783165581705,0.010825764587063103,0.07778512418018035,0.06842540368484615,0.029640584794958416,0.567760541738241,1.4603154910726397,1.7580363703707296,0.6191561909069369,0.5026698198691921,0.47991576201387,0.4083525726633063,0.4000445744242189
0.5473813778283685,1.7145832079840932,1.5352374790339625,0.8101307841153619,0.12737370061605455,0.13132213677982701,0.16307236422321986,0.13331456534328445,0.13223370413061653,0.1529742181603938,0.12412058758910352,0.13784600458592666,0.1318124253967791,0.19338809029920265,0.13847890705031074,0.08455728380198897
0.5366901189921459,2.3456760657344256,0.6467877378086657,0.5540135443188255,0.32097822163594875,1.3013337877032105,0.3489466263292051,0.2567381530644065,0.4494030652887054,0.27890831847921993,0.4583297605824013,0.16955960912171272,0.45651388570639695,1.7384296437294673,2.3163635689646096,0.5653465897340656
0.289230833478353,1.8552364564893387,0.3611209098516326,0.2502123171080541,0.3779077878220294,0.4260780479981707,0.472682240960399,0.40521034444658266,0.24327247496054527,1.0730459255716664,0.2580313083720487,0.1473148747597448,0.0005286826961354851,0.03058198903637392,0.0135134108146699,0.06277308892171668
0.2577201296162108,0.20341389134628107,0.18187259666376815,0.46251098234271715,0.4780280913277749,1.273395023859644,0.813634674679316,0.5801625386402312,0.3327537498544104,0.447100201532085,0.10564990201007003,0.31722976025114863,0.48913921733293436,1.210642958623481,0.5507608567824916,0.539045817488284
0.2728532901673933,0.2836079145366599,0.36983043922859093,0.5510161007309744,0.05060203039991775,0.25737260845335286,0.41033524231932406,0.02080607669211673,0.4862394111378494,1.2610383964347123,1.0946678424149532,0.3133220263133176,0.07838166343422005,0.16099176331856516,0.10199087184045537,0.0866092879376213
0.025187890105939692,0.021774451481106866,0.01858516185447774,0.02182336239046214,0.19645128018759286,0.6076476840305387,0.819101068064099,0.09075601825190614,0.35723278477752307,0.6052462049809744,0.6141025196475457,0.09839007623130205,0.4895787673760129,1.3649494038829608,0.44728868713624037,0.42480286229792463
0.4743844455986878,1.0864686278410625,1.3092569101470424,0.6053995817794948,0.25902926238836904,1.2267718055941792,1.3649074416362796,1.202812128340073,0.49293745878224915,1.0759897090893578,0.768845887885754,0.45328552056257654,0.34268146849011294,0.4524464062579451,0.3230690597738814,0.3018381225398413
0.545254465301257,1.4246677603560431,1.2602902717960227,0.5167238311942633,0.0869186517601733,1.8501535592841807,1.2394585093258417,0.042519795887450945,0.5913207215307182,0.6716489961782895,0.5545304024442174,0.19783695089275233,0.030002220601293338,0.039000423463031376,0.03363515662517652,0.017427092871394337
0.236822418887805,1.3362560075052312,1.0529690200144357,1.9742974019550754,0.31391084802470787,0.35338996524807703,0.5478466628103053,0.44735942036689585,0.21348536494901962,0.14615764397814246,0.2631533561287963,0.12341017500901427,0.10773979189713424,0.1641689518348864,0.38634550705202175,0.06042032852355052
0.5645158861959897,0.7016801825018498,0.5109082714497569,0.16416974521974861,0.2173189336848883,0.5784330448426912,0.19076848530667154,0.08378384368520322,0.1381902267472971,0.267697635841813,0.2618756280738966,0.06703176560766273,0.4513370602112113,0.8997470587088496,0.3018497846419518,0.5210174527125366
0.3730994036742647,1.3911761809712475,0.5971309503980193,0.4403039007154058,0.1432621038235096,0.736654307328964,0.4828555785674115,0.3353861811967079,0.14156488256408775,0.3349413296057985,0.12690275699070203,0.1150898090831161,0.48629169076534445,0.5295854741770192,0.1531315937481062,0.21045618491164683
0.39933539424599673,1.3399240419457044,0.5339218332727041,0.50502662712201,0.5457595280710396,2.479731725442555,2.1290988979339276,0.7329185612714627,0.34259302527286933,0.24277062595155405,0.1924612723019341,0.0654309628231698,0.35203649676621745,0.4324714542898891,0.44302030040243445,0.16269753386779448
0.06920583718085471,0.15832427370529414,0.13485078576307094,0.22699467235901016,0.2943920565247285,0.5090443134933945,0.9265973549262733,0.7021255184730719,0.1213241607360232,0.5757900581306774,0.4449321908222888,0.16686822288724373,0.370529583363257,1.4393257537587874,1.2564783398081336,0.6163632102534501
0.38855834494345226,0.414023479028881,0.6587168916820088,1.0040260851881593,0.23376729219883574,0.844861329162342,0.38134214076295764,0.20672426330093957,0.16464365990121813,0.1619280060024057,0.23469811415717692,0.12794490935499386,0.3344197796574131,0.6222471302312377,0.6048976366229752,0.5060100919536612
0.23356218702225962,1.0635891296854012,0.3022849258200919,0.6347565700089818,0.4229021055698627,0.30110274128231573,0.2740163334398938,0.26149383875898535,0.15218949947983537,0.6245404991890776,0.28745837612625086,0.09517003622189076,0.1473269762716987,0.18002534500452455,0.08665237364713146,0.43658801368423533
0.5470968541281139,1.0107108281985921,1.2318309833211925,0.4449019181601343,0.4709316920638096,2.2285199930567363,1.132903208126508,0.276143784542435,0.23348862351091482,0.35377610498221346,0.7072640633630721,0.6608905384659749,0.06257575749670842,0.2752656161142043,0.18897859092298913,0.08763160958333002
0.43796574832406804,0.27070647330489406,0.43870242101693246,0.3744113270137291,0.4284801472998133,1.0218177341045585,0.7830715577374948,0.2045569108907877,0.1749513973467331,0.4699031527840195,0.34819428302811534,0.011940372827498675,0.32973847248630117,0.9622447166962895,1.3024072644994797,1.2480635491085812
0.24608165174937707,0.29257998957313947,0.23242033586265398,0.8534827415544822,0.3417288845787173,1.1065158055270552,0.4184350388727693,0.1498660923868985,0.09049788831435142,0.2227855054399607,0.09036611768625542,0.08273562503441712,0.0031627432726187843,0.11487609589675822,0.05496749063360344,0.11634138232376957
0.08725822594680763,0.056331750511950385,0.07481349703313336,0.027315604676707034,0.5832942920296662,1.1768344207243093,1.0473677931449954,0.5416207392284953,0.10157623722331936,0.1875480219506746,0.15203482157380535,0.08431220366878778,0.06280189655980607,0.08534822238811682,0.027143842958723737,0.029780801206044476
0.20807727935707065,0.49656634091450647,0.5449815698753233,1.1532017550103844,0.06740059227414037,0.18850934896559404,0.18038082058092011,0.07470862961592607,0.2628500404797625,0.8235615468443639,0.07352879612211087,0.2361364010068824,0.302228109499976,0.8362138678207007,0.7576569095053974,0.4471561129728596
0.5963168616584057,4.366440939621967,7.93200351389048,6.841940265893558,0.21076098081324632,0.22497949177636054,0.34300819797713505,0.32991445433259686,0.011169974375951285,0.11028799849524897,0.06193577370086974,0.07192656297395432,0.2717333845094492,0.23295968145918533,0.2460135799724851,0.40088328854793714
0.5517123991006574,0.564059868805378,0.4675082091626435,0.3809183868597511,0.3201696196136798,0.6132824064761475,0.6737220333770978,0.22661512852380408,0.08042770263438159,0.47893850852681047,0.2592454067509135,0.051952019000539265,0.25400957557116904,0.553722751460329,0.5465586277868261,0.3055231301323538
0.37019530559528807,0.24088013676324319,0.26723136468555875,0.20407095479025525,0.0036963149085614596,0.014488802680553177,0.036708090832689,0.022146461636610975,0.16415891224946114,0.6737928104895133,0.28379148151900485,0.04689722918784819,0.16245730736885197,0.210952520203639,0.2287541213787216,0.25897578956168793
0.2310198967983138,0.33941930172100193,0.4451225438580156,0.41804847468573614,0.2726527627935062,0.24281111854752657,0.07258505457397696,0.10082258061460843,0.07520528143825297,0.13092229130510422,0.14056046915353534,0.09787069042054186,0.5395460029929364,0.37599928461396415,0.3363728792450538,0.1186472772947173
0.45455847412130196,3.6030166899343703,3.1750657029245146,4.350860940812774,0.18042410877360146,0.34251782229042593,0.34957635077116295,0.295530384900766,0.0775152362410951,0.18139631075147647,0.15021236338727423,0.10844048035352603,0.4393399778424608,0.7425807362240069,0.8070923084099231,0.3218270771791346
0.22472931519320083,2.4244282497272063,0.6758876830544379,0.15422392818530722,0.19319908645302689,0.9307313836633035,1.0939473650188622,0.3604515448459602,0.5174049411833003,0.902427120862267,0.4294869693429283,0.35035642532386474,0.1696696399040928,0.48920547999123526,0.27211737184744483,0.06921778859530427
0.1554327516710255,1.1081223853325415,0.2666437891015177,0.33669522507239746,0.11445878163567381,0.8974410725966795,0.12621270249323002,0.08091555105515327,0.07096230486477881,0.24419877702784204,0.31127019853996235,0.041887936869024756,0.41266779904729006,0.8886905899439834,1.0162479342021218,0.7773223026689963
0.5723193741807345,0.6992327209182299,0.6472366919921247,0.2497899640095945,0.08947582787970776,0.3228285832934859,0.505956693880969,0.043940079782724205,0.34581011436519177,0.15290134166577996,0.054904630075678376,0.054904630075678376,0.0020340887988065104,0.028613489922388744,0.00998933608212281,0.008553260092199992
0.47596751506722984,1.2936125587044327,1.4154653178812662,1.2694564063443303,0.1681506584518158,0.29592159000452195,0.9234809173573801,0.29983005806506996,0.40903003493134527,0.2610108442038861,0.4647221026429494,0.27151624504276817,0.5521846279150399,0.4365287168422858,0.4318671837478989,0.2673433086940741
0.3327691635498271,0.5587516167303913,0.7880289142129692,1.399383866519457,0.3230164380933986,1.4593563959924745,0.8383086955567628,0.6301524514304846,0.3620890869794931,1.4290607442218373,1.8648832321080824,0.4416645065583333,0.2542050909360933,1.5848008484438352,1.391546759582021,0.22809156188728197
0.16140782031148873,0.5534375259763161,0.24857283817810244,0.22159846024726615,0.4024537309872851,1.068151401908563,0.4844268596116913,0.1554192881562178,0.07675265423137496,0.21490271615086332,0.13993475243264264,0.1267616847267211,0.27139428736122356,0.8992427624200818,0.4566614982744713,0.12749491548281405
0.2413438765781155,0.28153675763464603,0.10382182084735869,0.07063781802777898,0.15716357668769249,0.6945124211156573,0.14343960172986206,0.036248619755068254,0.4783582803506308,0.9428411630966558,0.9871646422668725,0.9928756012201511,0.15062369417788904,0.435353688123059,0.28605170848515227,0.06823515387468852
0.3659947660396757,0.796267998385749,1.051958985693896,0.8561829547444731,0.4291205190166843,1.709756507968626,1.05869053776551,0.23206866444272756,0.19436898015068851,0.1823403803892598,0.21947135256983996,0.11913772890885484,0.10165075363708007,0.19537984140428488,0.1004815500444303,0.0704087210109411
0.30811459012881126,1.2977926570871319,0.5355175184711397,0.5562067628545118,0.536594697854021,1.7762036197736302,0.7243040898635159,0.23949159706110415,0.30172309168220207,0.04299021907453901,0.1350959468755808,0.19467539240768011,0.1254157603760787,0.49775028197424576,0.5393331348876937,0.1370079681923348
0.02996201738282962,0.09644642266364914,0.06902944107061568,0.06369375228119621,0.4773040998010369,2.548278274614815,0.9588949964998209,0.6554982462846158,0.5631812807093569,0.7222430768652208,0.5653645614425823,0.20764732771789368,0.24669281326971032,1.279439488405184,1.5906632850565683,0.46413082361241287
0.5961751642994012,0.5447440418626397,0.30869475333141416,1.115584425615264,0.299217833197095,0.36611203720935825,0.5357145911768838,0.0922556443521374,0.07153347770374409,0.1936486911690518,0.178444104654769,0.07422642147542274,0.3881347388080175,0.26271244314553077,0.13676108158534778,0.10732489743309392
0.14766308570675604,0.5583184148219671,0.3352540677691673,0.5588604728327266,0.10204628049117821,0.24682680137199,0.27550627515522563,0.027765230719480023,0.21608774255264365,0.2995427044159697,0.26922921392130533,0.04146424488637228,0.04811482505112674,0.06983883920204353,0.05918677912714285,0.05398985697021067
0.2333842139334757,0.9131393136889682,0.5098715943585977,0.33559850263608787,0.2753738605741019,2.314177045842171,1.4419332300956313,0.15143622060045,0.12536906310356202,0.22387926648257223,0.23421897288714041,0.08646265810029227,0.28348160876078793,0.6269347752116697,0.42778512180950085,0.3616457009921538
0.5059425829161394,0.2887842251101261,0.2940093520140948,0.21040235214838923,0.3361988394668461,0.765419606499106,0.7143026957190759,0.4992158273983027,0.003525059246222706,0.025034422000513874,0.022983849851099004,0.035427840334472716,0.38638989998201356,2.8628864508300245,0.7124566547954051,0.9797395777649803
0.3954019447457832,1.144154227450923,1.0081862824390826,1.031750274783643,0.516063173553994,2.066248446474638,1.29554900409957,0.3769411720779844,0.5714841380275582,2.295822112812585,2.263374925384181,0.44239711018438904,0.03015539228921995,0.026112434184678845,0.042741811530242424,0.021139275744943873
0.5347709982641377,1.373606685918318,1.3511530310768631,1.8274524344402299,0.278275993010913,0.9763968543860028,0.23966136891759254,0.099653046233779,0.20566537950052624,0.24486371900729956,0.3855931120408159,0.04900030417476424,0.038276721197890363,0.06284514665654359,0.034410127936141455,0.04569587137107217
0.21847803963675871,0.668844550770154,0.14809450794392914,0.12490042837484479,0.057049325179186344,0.05125499847675685,0.06149391115346213,0.0388101880283232,0.23599003833311813,0.426720797826977,0.48286183123916854,0.2722232043374392,0.14516049299658002,0.3548807834876965,0.3709145128641227,0.3860038782900034
0.2893337998456802,2.477168954658504,1.0550218779248188,1.9277439652389563,0.2003232907831143,0.4154682445943086,0.34650064346896553,0.3038444195852438,0.1264497819849443,0.04431334891840098,0.04186034436564617,0.039930676783639,0.04782004276124154,0.12085591315299682,0.08268115831984989,0.03904945744480117
0.10361914410224944,0.39702216307010596,0.17006214847383225,0.1749568590985669,0.2228104569063919,0.1527200432606712,0.26181767347921797,0.14831574347288903,0.3986209880475358,1.323383708506418,1.4239914987693134,1.360808511770977,0.023930968559387453,0.06474742625087539,0.07904086262213748,0.07413033929757923
0.20871478682186334,0.679095987325974,0.6722584968150311,0.19596649443290867,0.3699632091566304,2.247911257496948,1.8873038995395963,0.4202212835608004,0.5770508306649268,0.24801007697932603,0.1575470422812194,0.04092640887664219,0.1399038815576301,0.5969894124703334,0.21651176825637725,0.20889572907299556
0.35166937196129233,0.33162833798649277,0.43390093994705164,0.6531209695190179,0.24021870121860509,0.6490507543672649,0.6385319867170565,0.07054924597979076,0.5068192765573402,0.4754654807661364,0.7165413941005788,1.005751481893104,0.426419231270954,0.7623023015909529,0.7646250948066486,0.9795143579734824
0.09269022982457915,0.30904785110515554,0.11992582743647269,0.4203884287654476,0.32484278869298994,1.8480907161866587,0.4490258627257145,0.21752256609782,0.42451439595472384,0.5514636835648393,1.4373886437861638,0.20521909175087633,0.059211429222676214,0.06539926766589264,0.1352208340798054,0.06068691136761622
0.4840024765127249,0.23839662787217838,0.3090215594462948,0.3008506147670831,0.0385756846638855,0.1515611871006814,0.060637639127595365,0.029496500590101293,0.453440164574487,2.7739995591046878,2.3812802128981083,2.120351997118705,0.5136753841656327,0.6967002779347549,0.6279915742623301,0.5063030560523787
0.38460441464443557,0.5741485975597936,0.3424591416827456,0.34352878620886246,0.3463869441949616,0.6427510029192197,0.5162685246445724,0.1537511052761264,0.021165195086597977,0.016929537187351684,0.02752094799166326,0.018387692711687956,0.47316074364654737,0.7286685179336859,0.5399782992616317,0.5379113971617054
0.3967842100068989,0.44951558676305803,0.45053730463076935,0.36951031462911493,0.308778632388442,1.2448496125643358,0.8862415766575125,0.5167526228152826,0.45144299420750494,0.43934228650884083,0.24489189366719863,0.19392941636446534,0.27107767850283415,0.4517993978257932,0.43987857925619067,0.4626492588187182
0.1432127781734094,0.6671127586948254,0.24737634697930336,0.17674338828702518,0.44595572590876575,1.9834867213116352,1.9138876301875454,0.25755304175671356,0.3072388679476861,0.5205873934849673,0.1787679663139721,0.15105082067201178,0.3978651375728755,0.1796568999614981,0.09981982385250063,0.04058492156105094
0.0689972985828305,0.11133118781880234,0.07247732959189093,0.1172398938379394,0.4828949123485751,1.5551363226173605,1.3363030075020534,0.744290801137539,0.5946727170761873,0.33145208733287096,1.0101563684143793,0.8608599062501601,0.49180889147664414,1.1697760994130242,0.6453313564285024,0.872211936333768
0.08639498054612287,0.33177867622864615,0.09840784268133623,0.06952645359150184,0.05454257816264343,0.36255722030807414,0.07776928425405863,0.01577908540600097,0.3918731286287364,0.6687235276363791,0.36854400835867573,0.36854400835867573,0.33583547029105143,0.9252348421908652,0.8467183150139614,1.0523950719501889
0.47773996796836543,2.2591717256698742,0.8726672560611317,0.4451315302416898,0.14519009804202343,0.2003183706892302,0.28751600481938494,0.10108753433379787,0.03889613965641625,0.14122084926093048,0.12356946924063,0.03139704577441632,0.3123529507524478,1.7162045281279799,1.2429936017497591,0.8874790630065585
0.07261123234214792,0.173421332776424,0.08557696028169427,0.054538737157152385,0.4426208500097169,2.0267700305981187,1.7955628593896298,0.6409880889644509,0.5951354675155278,0.20948186178387998,0.48388613362789273,0.1730411632012843,0.5188833405207357,1.5630837807297329,0.34176612394197714,0.22514220742960162
0.29181558688923787,0.7555482974497864,0.7320678666864934,0.6645256206609528,0.43150788406995777,2.7358269229096064,1.3790924603110242,0.5075232414867623,0.2822006535863217,1.167166840894661,0.9753391856792643,0.28511462524176207,0.07404786844133819,0.08905889010548831,0.09851177220488386,0.034608383384908466
0.30083364733282464,1.1235470960016216,0.7733883119090204,1.5241631266194418,0.07569084003097983,0.11305014010112546,0.22859644801182405,0.037380994216047424,0.29096338964313334,0.5860886573752738,0.15414186401552385,0.22318814569865808,0.4823496951766656,1.2239668315909868,0.8578675867682596,0.5466356699196874
0.10870323992124031,0.18827562165611883,0.18167107009160088,0.13399374592411126,0.04647218809773521,0.10935558842155257,0.09014354999537212,0.06611486727595874,0.1960354737002488,0.11579904305643395,0.2247009447044389,0.16642170332487405,0.4333017635131819,0.6419878998063655,0.1566032606705002,0.3672479722284946
0.059364463172478316,0.014531147689440648,0.08977223177766831,0.11108941094560114,0.04908526178033949,0.1767816374743221,0.056593634468902726,0.020219963301108007,0.2982221230413786,0.6029834503165383,0.14916007830895578,0.24843239002344855,0.442541499216555,0.2595604496298516,0.29322270835935804,0.6689189003471695
0.031044907098580453,0.294533237756317,0.2270338655709811,0.08706095660016636,0.13227985844777626,0.3930324666234044,0.355606369819797,0.09444515093680723,0.15855048952339973,0.19464106959632504,0.10786265548356945,0.10419340735826767,0.16731679326078852,0.3073422300474141,0.16059608117799318,0.0754584777629325
0.30845963278850835,1.6156324309227248,0.45394617710568536,0.37682108885975535,0.5858159521420666,1.3819285074876388,0.8444754280027137,0.6175151988709676,0.01156529119293752,0.07704076413956139,0.05007585523357515,0.06089663365296026,0.0625767341565479,0.13591102003090544,0.07814168211108768,0.04790879364709134
0.000414556889245965,0.11645594411325833,0.07739577843006647,0.06699506270110862,0.11532595847503473,1.0362940430721286,0.6011078612439149,0.1858841622170131,0.3592168123047206,0.17335945174267678,0.20472522043806796,0.22343415800113092,0.3228746310217497,0.43521742892159176,0.24802726370275832,0.08192630326251858
0.31430216943024275,0.7472424563761029,0.2976931080996154,0.15093276436280884,0.4649994640468866,0.8395832487765783,0.8151950540965482,0.3882495901832951,0.5091867613315092,1.7210705910896538,2.0463090884395108,3.452422442475854,0.3215796170638962,0.6310355040436036,0.5732239532118587,0.44809582513194146
0.0901577134377346,0.11013414554468899,0.07389800693486473,0.0796553976522649,0.4890316416202731,1.389846722520043,1.1551482461500837,0.1507889790515217,0.25410626991734137,0.3159991021677999,0.14176563671519504,0.10944539274757087,0.5075180982685629,1.4362000982784364,1.1451296179763957,0.4512634057497585
0.44691088184907374,2.238154701011198,0.6572986306836132,0.6720020520630764,0.33513698755075194,1.755902538846378,1.0682095715332554,0.26509745530433226,0.11081467683731054,0.08012034818632613,0.05719097267929556,0.0839275762165198,0.47582375924545967,0.6881889057136548,0.6304887884385543,0.2693499342543096
0.545959686317502,0.488584778203036,0.09940384993011166,0.09001723153305187,0.3567545153140248,2.124590464652589,1.1423368115856465,0.5387144141581001,0.13361997774686107,0.2442787335242606,0.12774561524538808,0.12037171274603559,0.15870635878458564,0.24870429030422703,0.1579363475200874,0.14341731691128723
0.17739861940311055,0.4210738653172519,0.36501245878969996,0.5841203255730572,0.5790150831127014,2.892642099125426,0.23249959185557909,0.2802791904104813,0.5522254321116554,1.402010087242935,1.1185199329766458,1.0133800581309889,0.4728908514157018,2.138781472028075,1.9779317799750353,1.7036242215056847
0.23081080933599762,0.49081711033421194,0.40541985638991174,0.41346668615065346,0.44143249666109213,0.7429283183520242,0.4151988974794054,0.16182049781000024,0.41399256640164034,0.27809638986581725,0.4630589793403036,0.5636317915904636,0.05636936170947788,0.19444626640749618,0.12170634701736277,0.1223755311813075
0.5139232856951539,0.34942423762490243,0.1063392597688699,0.10535848208893638,0.3227100623868118,1.0059510837798455,0.9045113524684912,0.5929105707377664,0.2880072264185281,0.6029884432667044,0.290051353767835,0.13338357446624644,0.10453476593760318,0.6398148194507396,0.5895977961325292,0.4333163351797348
0.3942809331778184,0.6347831192517074,0.3627385381470752,0.3769851953057346,0.09818190014027037,0.1380801011263026,0.08669065958067095,0.02111547131949335,0.35400619302914776,0.9166436175100052,0.8687824559053533,0.858065945744528,0.27393577443868894,0.830703582090972,0.6729319194381739,0.19503591119446398
0.35173697139566396,2.121431250314704,0.3430874460199895,0.28852041360177544,0.4256730010524881,0.4107223058045677,0.21812747487545223,0.09116153484829015,0.29025196725830155,1.5004671020442442,1.4929871816602267,1.0737984542775332,0.027942687790722575,0.08655365436101614,0.061550498705286096,0.06729777233062008
0.2331464599818929,1.1175404689946518,0.12111515106927814,0.0756686387434153,0.4803728716715055,1.4628458114614316,0.8599181708844453,0.6723708779605667,0.456322740524054,1.4048726825583329,1.3418428709924302,0.20930402445523383,0.19247249186731133,0.08926651554159766,0.1987773981927819,0.16557911029473732
0.47442129527357546,1.2736499080152963,1.1584841190499575,0.48940714016221454,0.006747672141243366,4.885215851708963,0.06253100632094938,0.038900375527064705,0.5342507037674555,0.7612244753398161,0.7011877040558229,0.2621573257707192,0.46027301386502834,0.8235260526688023,0.34552695495147806,0.6330395604823097
0.413578074529471,2.019881188352656,0.710404522179736,0.47881426857471193,0.440812807172212,0.9821372183274321,0.8148731861335894,0.6530462367528549,0.44545063660679063,0.42507414394456394,0.3927314292802744,0.22711837003902968,0.1589087092595389,0.16190623977022078,0.19712594364320507,0.19267072476988778
0.5965131975502659,2.036790894778715,0.5407481705025686,0.41798605252132853,0.408448021428928,0.709506597892831,1.0051557218618354,0.5863460147648568,0.10552567870643659,0.1673126569421431,0.18476734406719575,0.2295518596199738,0.26918537374076124,0.2513770885227952,0.1670855644689832,0.5574110040949876
0.5702431000654574,4.2095372680894085,1.5867250929537127,1.6551271780726766,0.09521768472000304,1.9183858743117637,0.5991257916519344,0.08854080079591535,0.34876082175211537,0.39957044676144954,0.43465116012243554,0.4167812321951392,0.0017135131727334717,0.17758417268054538,0.1200510185747362,0.11245128963613865
0.015018359345547981,0.09306108100430294,0.08874716951256414,0.06939429052692914,0.4049751074683041,0.7167580840985631,0.7045244321987825,0.3128151598339644,0.0020515737611255247,0.09891586223485904,0.06662467153570314,0.08963959849179291,0.4941418434656227,1.6404548586086507,1.6787630179839532,3.5142591978805187
0.2172099462725816,3.172712368578532,3.7280523550747713,4.3151758558258635,0.22021513854493727,0.526649979334855,0.9249494536674165,0.14768086896260155,0.5582572744413481,0.7284658779499208,0.6104302601191308,0.8234792696863481,0.3856742429833932,1.1635956378617398,0.44037811469817134,0.3736078403043587
0.1324152010663219,0.7208171765549221,0.6931858467085907,0.17555852906606467,0.2739679807303112,1.473262595009919,0.6227004325096573,0.45282119363901946,0.24500521492512345,0.17806596356883628,0.2963986898567629,0.08486246288842335,0.5417234514455378,0.8689985302195692,0.31171113601058464,0.4803211742841879
0.038019581786239716,0.11490881180045308,0.13023731337311645,0.041504986724307996,0.36929604829555224,0.6074915901949132,0.6033489749502988,0.3407636473961105,0.32180311436000275,0.48075680328487247,0.4372492859580267,0.15637157724753592,0.052373271647096264,0.08958377052828685,0.06563915084223215,0.02796823719899518
0.029109306572652982,0.24050630956822128,0.2119672492451769,0.18292607662821664,0.10783336788020316,0.5282979652404056,0.4744903690849736,0.12193315529654124,0.45653013565485634,1.4512631667701983,1.672788396342264,0.38104470498673637,0.2857655702996958,0.5560753334959473,0.3891248935818344,0.32835658337911466
0.23341238351553095,0.5066694295828207,0.4476632340826202,0.30311990748830775,0.23793179313447899,0.36680358537674285,0.624090125909018,0.2856465492172616,0.5982020649403841,1.754989480315564,2.21997652436448,0.3198744974534101,0.37818144015644545,0.19141425901412115,0.06822313396262629,0.068549831716307
0.16508656971010047,0.3732229172957944,0.2568933687210233,0.08487805677556268,0.2836578488938257,0.3608737396758328,0.6154050666914548,0.23767315842250697,0.43533829131322566,1.5306302819915085,0.2423710131005139,0.2892106087569398,0.012241016253891356,0.1975503853896433,0.09685247246017917,0.08941174545131948
0.15218418065748762,0.720804408288816,0.13908446264860272,0.20623662784107796,0.3139999012487417,0.9985472142978148,0.6641280311772082,0.13646526507233447,0.2078633639813543,0.4314407833823585,0.3325526914425953,0.16569241560376777,0.3229110830910901,0.8318382880055023,0.7800460006964403,0.1903553173732823
0.49568975178087943,1.5097198866674926,0.4612323902100833,0.3750750593947912,0.46265052178586624,1.961745195259842,1.5596833092166358,0.8039049256764277,0.015947604820377468,0.04324074385260529,0.05060441911166799,0.03453551221979014,0.18941278987030155,0.2187629949304382,0.046521225809009845,0.05963879024924367
0.502128798057441,0.8210209540548099,0.22279308369069672,0.2146686975809706,0.2491320758746641,0.3072007047885721,0.6120577087594635,0.19019681768003582,0.4810703019069866,0.8110220565177747,0.5566928109663395,0.3498306186840817,0.35599075712927875,0.9669271029849221,1.0577615541972,0.681598643112397
0.3343881608332074,0.16563201895780535,0.25874827654685123,0.2436025910629326,0.3179828862037783,1.6052501000347357,0.7353679270006135,0.41048974746100547,0.13841749322109834,0.14734738193334213,0.24071123839114214,0.10815910214323367,0.20682570953052903,0.3948730506955769,0.9516766406817959,0.5966432561558672
0.15725604564152373,1.5929603395127079,0.44633995762680473,0.3343764969377026,0.46672962273530066,1.7289666260895407,0.8516401531536597,0.6194571050726767,0.4231957555765809,0.26875998878036467,0.32134190939514057,0.06417375431746972,0.2724845320077379,0.7869662144511739,0.8339042183046689,0.6496448662529587
0.3868566886554486,2.8751634675632256,2.6514334537217636,4.677052607141006,0.3254674735140663,0.8493557065935639,0.5322039647778246,0.2748587253857615,0.020762552367297293,0.05756561729147657,0.05331320291019174,0.03964927470977702,0.09928733627073856,0.2087636411091261,0.0920888725883689,0.052253833005362814
0.016074035500094983,0.07592378173278523,0.05155734630692957,0.04224823879145248,0.03795561111311563,0.05679870958406825,0.23016259328685149,0.05096221532529847,0.17687836254113434,0.055412998964110255,0.25753345993992377,0.2553693019694407,0.2441991619587129,0.3126869554628805,0.6131028652743663,0.0956619257188094
0.06726512400652573,0.047729575611786916,0.07746308343699627,0.03440465902244827,0.08558210336506995,0.6677997055768415,0.9224258084990257,0.1434512069851051,0.11731176190586594,0.5647361197742713,0.20092242419128412,0.053541385306979515,0.19391965055805843,0.38249443228400004,0.2621048974104636,0.09011933470180733
0.1127031548166445,0.05663783741737347,0.09245570614133314,0.08414570161090026,0.5226667772688169,0.9610687472517039,0.8264138269170731,0.40251244990571966,0.5881371849696339,0.49470815250729333,0.30318366111538103,0.31933865766175235,0.3738523992702616,1.6997100874504354,0.6578600000288122,0.8631408007016158
0.19206317392554542,0.7479987301896759,0.3852889868792246,0.3330499168726976,0.36264333384444064,0.3482670786397877,0.32885185832584013,0.2139629413979854,0.5216773038257995,0.7956137750581493,0.6610861866564952,0.531892682706664,0.5604125276324358,0.7706851945675007,0.46888670340206146,0.5109237392553598
0.5170705054708502,2.0494219648486904,1.0406059853424774,0.5496155663680591,0.3224417808166526,1.3175351475941501,1.2376694107906228,0.9348483002539252,0.30416725940315964,0.21983242323180704,0.1561541632880679,0.14249173800577922,0.4605814398689091,0.5281382722242023,1.248051568083398,0.5830633344385032
0.25480857184181865,1.4957407982618287,1.0009039378277758,0.23210011734645009,0.3558917549631586,1.2904444224498801,0.7077835712099314,0.37023286822477597,0.5575320150775622,1.144252304464273,1.1196289140415518,1.4093753207951416,0.3987097201621149,0.5218723955932709,0.4187276949068981,0.3285736285618902
0.30070532880341233,2.2944311781340283,0.8211775307460439,0.8555173362256986,0.2752523065353827,1.2050885481455638,1.0843958464166348,0.6696834965140618,0.5878105317838891,0.837569695619432,0.7039957777354637,0.8094689414217641,0.3517497344121316,0.25979402324475004,0.21669084524298246,0.21374423166735326
0.3976573085655031,1.7450844548716786,0.147714886167364,0.2086765650065573,0.3940596187543226,1.40902874047245,0.7719884324380393,0.18160788728578356,0.5422848718103338,0.6132739118902322,0.3884389579417045,0.3488362892937969,0.12232498626875933,0.2788308901225241,0.33939859684699797,0.10205464779062345
0.2641707808104776,0.714019807971382,0.2587648549111941,0.2866116191209663,0.256877733495275,1.0639232014102946,1.2219675901239702,0.08727912494935193,0.1396187322679369,0.2564167818829051,0.09581665597788021,0.10933198628722447,0.37650328522477955,1.0964922783413402,0.7318928020271712,0.7580725261856631
0.21383732808161016,0.6418706935401676,0.5006921167915064,0.10156134797686202,0.5902723653451707,0.713785059855175,0.6862674380573268,0.16949241624203049,0.3013416065145992,0.4920953422068795,0.5774373195305812,0.49288034165695505,0.5347413546262731,1.119781705098661,1.7197787792877652,0.980081015697837
0.593108526784488,3.04098789983676,0.405851953426556,0.3708693293846656,0.4776527870740201,0.5985994750879969,0.39507563358645087,0.16770963812293038,0.002800664467573255,0.003802425288562728,0.014580429278688916,0.01441866778807585,0.22526217678056576,0.3130700506110775,0.3239556066010491,0.12949922734561026
0.04942933262645699,0.2181446604447511,0.27412379057717373,0.1579532813073568,0.2500533448765306,2.1171645037571634,1.7464100272186576,0.12773815150887124,0.2544985881155342,0.26805402891149416,0.33859709950861866,0.17567187348883848,0.14201432655233934,0.11758174204043202,0.12204325445303893,0.027660337067271112
0.5560228521862297,1.6348382571364386,0.6490684436660268,1.0427773087579122,0.5562981898126039,0.8519895098850858,0.29021458976847125,0.3523901664450321,0.24618249782478852,0.45456119464994543,0.13467709288950297,0.13460332132429578,0.1537626022585236,1.0293829520064963,0.27692295703096087,0.27144533968931484
0.1635586281747533,0.18559402383857135,0.13345747616602807,0.03548901889334328,0.4812224190608908,1.1070294114411887,1.7495140397349846,0.42802342982831876,0.3728939217857709,0.39971360526643174,0.3847658680109171,0.0583219987165179,0.16572591896810085,0.3100399724753092,0.04518689264438894,0.07684939908310717
0.21723527399370607,1.0781508664127402,0.5090085108759755,0.5448056473731043,0.5392789627416433,1.5021184037524495,0.9412074154766567,0.2846000933045467,0.11851487482959845,0.15851281265315462,0.1387824131121878,0.06600453195930683,0.16080995037001855,0.23888082749791956,0.1904806086442767,0.2690830290796688
0.5331038658746255,1.6286008092928204,0.784725445109266,1.5709708282045611,0.3205953516969006,1.5016617839587538,0.845546139226549,0.33756315157328126,0.47831064686303565,1.4051570022222342,0.6151885988515491,0.49791954699819996,0.5234751145198732,0.29862865177533915,0.4060377775253385,0.4833949126044982
0.5071833782863547,2.26332864214269,0.7809664443179237,0.17828297172253654,0.5549712694971902,0.9469583079299111,0.9679757373720055,0.8994039610757334,0.15958957240512908,0.28388943889885315,0.22101279602989968,0.15953675289629113,0.5105130972153279,0.6329672115426546,0.3584041386909438,0.3666817627803711
0.3402757112669413,0.950457236725248,0.928901666061897,0.714193964397486,0.17225188491228147,0.28624941876138693,0.4267706096884163,0.3389745475015417,0.48337843834856253,1.8650209011012693,0.5593171943860131,0.5587333197853411,0.26055617785050156,0.1584339879554779,0.40679887081322136,0.0961636937933415
0.5637748221602166,2.348520754913947,0.7829648813314597,0.2931456331930323,0.42301491623891435,1.727503926689165,0.8960608736128212,0.3599833656391009,0.3986721848321121,0.6077160230755078,0.7703979560931891,0.9055159570301179,0.3921783032889952,0.49185224659058985,0.8052150754130728,0.4938124991603235
0.13468897708749997,0.4954219756163255,0.9153801331790807,0.5445839985703239,0.15726730307681222,0.2555475934515919,0.2767944550915498,0.19802586987811935,0.2995851497721056,0.5052312943690346,0.5959901112470726,0.24543941776867115,0.37240113213248205,0.6124380850464397,0.35463717447535964,0.3229252257151818
0.18749486377001115,0.27142298219784666,0.18108209911513784,0.14556182722953862,0.19117154215618082,0.41657439833980586,0.3439512626618596,0.1615672971040289,0.0075241214905538804,0.10014411601476812,0.09157241080420617,0.06488162490132005,0.39394276606491957,0.8722107490522399,1.0851342740268992,1.1582723436424183
0.34384671948728746,0.8282044460055568,0.28732994701256265,0.6333613076153699,0.599858322585099,2.8322318112757205,1.6999803825589634,0.6331564051595375,0.40065049333623265,0.428427602811411,0.12255832556036829,0.14078739441120885,0.2775108285919961,0.19064713116981158,0.16786974443194752,0.13612331800304855
0.24155076333760617,0.09374504485276183,0.11230755592654028,0.03273586024641266,0.3926205319757932,1.8339726578243563,0.8609699291327657,0.6203443854479134,0.4937294807214917,0.3831577608923705,0.2174165185556628,0.16995288748985868,0.14554857770641672,0.3688252321690099,0.28437607351855193,0.15876119586412443
0.31475419818193856,0.6604705410175667,0.4613394091520396,0.40534718492617533,0.5250357854194747,1.4892619079576705,1.2662353842661456,0.6740216548135549,0.12497636933636722,0.2516958350355994,0.23021040538067236,0.13095439001522496,0.4899517539877011,2.065680683960115,2.0744396348921335,1.099732871384729
0.2304016256100717,0.35522510598945983,0.3076139244941374,0.15426962182728704,0.10659355652488318,0.22956316456911405,0.3131210427470589,0.1842402703777881,0.5892339779668562,1.0410924219788056,0.6903760927775567,0.33533013212213375,0.5922535362659899,1.1550453222567267,1.0131758349846414,0.9617791248265439
0.19043162206633826,0.4934223965184359,0.23407510625328357,0.2545529704442495,0.06577112341820375,0.17162480378138958,0.3255870523403845,0.17756105481975057,0.03852514503182287,0.044985934360673836,0.07355227484605349,0.052921355649590544,0.4156441157258461,0.5366271553045618,0.33649112250103747,0.15750690212873536
0.017413297720543786,0.08024816863731504,0.02984718228522027,0.02347498948264808,0.0128364372360244,0.03506510044257109,0.03354713854143492,0.00994367338557433,0.006147071803201543,0.14618684221386918,0.14646289723053663,0.14646289723053663,0.012763633314916612,0.08297713456755726,0.053210381565338756,0.04794776508925954
0.035886520174671935,0.06307397412882092,0.08149333647365517,0.07969734065441034,0.06107014514885696,0.23162903926946032,0.062401014253711126,0.02188274134360967,0.05699876145006062,0.18964245563552837,0.14809396429506566,0.14966948468930005,0.033760651145973444,0.1997693000460299,0.15682421155729065,0.12196534706041198
0.033637626662359386,0.03465065449017822,0.3277242398456402,0.032443373163046095,0.030234031835657784,0.09132724144189475,0.08105923281553226,0.014717785092319476,0.056420258426179974,0.19638820835619542,0.07444303020039075,0.07437578724070587,0.055484165396500876,0.15187349692823834,0.09976610227817852,0.08385922656228907
0.05751263433858739,0.2748627418770872,0.11245818726673328,0.07627082843731892,0.03455222901232059,0.17489305256089807,0.09680468722529315,0.006677546005064734,0.08477193961331572,0.17695046328506384,0.1415714941739274,0.14169217695291517,0.02547153983239178,0.14060504271294358,0.04718643614410126,0.047146603403743624
0.06817406922264611,0.19049137059869561,0.09661027177140322,0.09183973506450947,0.011071385426397629,0.17677055606968184,0.08018227936530271,0.013989569522874548,0.08212971984235846,0.1791402625302915,0.3587404439639607,0.35984002080544625,0.02243326801888128,0.03385968858859075,0.03251420788722868,0.030221586266642106
0.08433074097574174,0.1734321754319798,0.09274863442179837,0.10641427099494533,0.026160406514835557,0.06066943502751938,0.058167126272969216,0.013011930693257125,0.030153087564175663,0.07964218627572937,0.06445671776360032,0.06450595544674517,0.003930969328081857,0.014074348374812992,0.023741582306774936,0.02373710860808718
