63,49,2.3019650459172873,10.607440871110521,33.46612593372907,19.027956334068882,6.814614026272027,34.8440306943408,358.4077142497697,0.6371088618857269,1.4262257322593106,8.74597031211731,0.011846636391155907,8.42582469632209,0.16545163553683873,61.12951378511702,61.13431958958523,0.4262257322593106,0.6371088618857269,1119.6189340759227,1119.619196475919,0.4262257322593106,0.6371088618857269,0.011198441338548144,1.125946226613991,0.7892918378367643,0.8028996792016638,17.45358343481603,17.474737576724706,0.7717835597819972,0.37845580476476015
64,39,2.116533885656204,17.387009612833168,44.754452434710416,25.398768028883943,7.89910930582547,33.579490082532466,73.06475169488289,0.9237829359042415,1.0676402804959078,3.035429157108975,0.12260041488459464,10.247494925019824,0.2561440214815372,14.632243798834338,14.661531594916658,0.06764028049590776,0.9237829359042415,2.6085527759463396,2.768121692612299,0.06764028049590776,0.9237829359042415,0.20699838371115256,0.26790936119686426,0.1475910224207313,0.08452209804947775,4.218345154210782,10.552490967628655,0.39540543731858424,9.664589195716994
75,95,2.13872031413476,8.37725936906738,33.06648605806454,18.351733318378148,8.11459453225376,45.272770972785814,357.47101933554484,0.6040713482153798,1.2729728918742174,5.608771761844816,0.07855136440601457,4.924944847625033,0.01756973835536527,14.692267152090793,14.70721355192203,0.27297289187421736,0.6040713482153798,15.742219392172196,15.756169832313791,0.27297289187421736,0.6040713482153798,0.10015236143387693,1.03234979478161,0.6698751810479854,0.7790910377489778,0.08106446219663073,0.9632170929289386,0.671505565692239,0.6857813035681222
50,44,1.0610432839606894,19.564491230544068,35.41685365630758,26.667803973025194,4.856825479383675,20.053083301193237,9.669504025182917,0.36404582648805395,1.402990551637041,11.118945163703188,0.19367308765259678,3.9057601495910608,0.04415775560837115,30.008489985960036,30.013403705443935,0.4029905516370409,0.36404582648805395,26.79050501505985,26.796008839199153,0.4029905516370409,0.36404582648805395,62409.610172353656,111422.89232883035,1.1149267967109473,92304.3958423103,2178.742166362193,3958.783663362152,1.1517470151649105,3305.3062398660204
77,59,2.179666669543468,13.823214502226435,34.60207042564633,17.7384717922114,5.127030320483551,14.272759301013696,162.11972130744525,0.6515194371492612,1.0167166555545257,0.9505918145272669,0.04911848069455896,0.009340844068041837,0.2773267376404522,3.4549374798860844,3.515871159965596,0.016716655554525728,0.6515194371492612,3.657037959285364,3.7146579464615956,0.016716655554525728,0.6515194371492612,0.1053517022400566,0.5823406513493261,0.3659216313603806,0.4405939318143608,0.11179855848786749,0.5819600488224689,0.36798450516021597,0.436767655289945
82,64,2.053989113228019,8.36396198881471,34.79287995744517,15.150706047234074,6.7498205634378,35.13637903867816,109.17837006368171,0.846735829369721,1.257985663100663,4.737257449237404,0.07736944013239498,3.0311221773745265,0.1633006887097583,118.30198571202266,118.30529718307086,0.25798566310066295,0.846735829369721,50.0740770588391,50.08190003845362,0.25798566310066295,0.846735829369721,8.815840718674368,8.929255550105971,0.3480947575672343,1.3752771145538194,0.3589167710188458,0.5323051425601709,0.39192959494591795,0.030310210869243237
233,164,0.651349762027064,7.99876815519622,37.47039557905348,17.493000245276065,7.186377393214079,30.831332332994744,125.21949219575389,0.4599874395301752,1.3122024793148106,6.0110480356184,0.18466933137582328,6.062154827651738,0.25402421696278826,26.598989573819683,26.60479853674491,0.3122024793148106,0.4599874395301752,25.68416082679842,25.690176648078197,0.3122024793148106,0.4599874395301752,0.12929421075619876,1.1099414266125167,0.8521347421440072,0.6993706876948209,0.20185625277426725,1.3771453901904216,0.8583967668962348,1.057798879523301
110,98,1.8999684021372165,9.36809773502751,42.992250227188144,16.53868148611776,8.207599052806405,55.29101732767769,359.82718745527177,0.608638099336585,1.1459641526441318,3.0142339425925435,0.05479010181852158,1.4295996175359131,0.04078655305985379,52.15015157238412,52.153907378953484,0.14596415264413176,0.608638099336585,40.63448673822634,40.63930681432588,0.14596415264413176,0.608638099336585,0.029742857050283456,0.7503201214603104,0.5373199348051452,0.5228603396545733,0.0759204595515052,0.7102573633021559,0.5364539305642637,0.45925895345498846
105,70,1.6804274786757565,9.675032924866747,29.102641087272804,15.737578034856405,4.468169786702778,64.08083905219817,223.48726189174133,0.6732017073859018,1.4112753596153829,7.154727552951491,0.1275150977338605,3.355680567279951,0.2932264194066596,178.5371471143086,178.53889001468707,0.41127535961538286,0.6732017073859018,103.17106728314928,103.17408333639011,0.41127535961538286,0.6732017073859018,20.682114779863802,20.95922837437493,0.7934414041316948,3.3030036360791213,0.9422061857686121,1.5502594471180338,0.6933869860258752,1.0172346555677445
189,97,1.5195257646073321,7.628653929911463,33.894359958436134,12.171281640205393,5.229818674825571,67.1762127543451,352.07842593205874,0.9617634693105385,1.2621143195977835,4.130170296995508,0.1940323321736056,1.9062748108590388,0.028870440823650832,19.55841984848924,19.583806572196742,0.26211431959778353,0.9617634693105385,644.2865576506,644.2873288076892,0.26211431959778353,0.9617634693105385,0.19065510926769957,0.6560513559832444,0.3073278568010648,0.5473605753355273,12.487932681832351,12.499240490812305,0.29524282665592294,0.4420201969294024
112,93,0.9445922014986364,20.649581717393893,37.09478093457486,25.104482200502282,3.809007043091096,27.671272997364472,115.08235704845455,0.6364795398559842,1.2178070454215693,6.106238740944809,0.03157374992022648,0.6971092217710629,0.2819475292273881,67.02763400202612,67.03100973447484,0.21780704542156926,0.6364795398559842,70.85613195882554,70.85932530218017,0.21780704542156926,0.6364795398559842,47.882882115081316,50.54271024927649,0.7591414421572042,16.16226667167524,35.848681113673926,36.73125303281391,0.2941998322053283,7.998153426225931
243,158,0.8644863909359476,6.344335965631713,30.072226887983682,16.516493010265904,7.006024018815265,42.80707756696736,358.9937005571811,0.2325540850133252,1.4267179941760522,7.3475066614062206,0.02839651523922906,10.163044524907528,0.2717909711192127,38.51120023912864,38.51426636335258,0.42671799417605216,0.2325540850133252,54.39632176507417,54.39849254546022,0.42671799417605216,0.2325540850133252,0.030972486683627277,1.6985272667318643,1.194099001841302,1.2075442661459068,0.037245546552413814,1.7068171719292597,1.1942596370975718,1.218844348903577
171,105,1.193112495694533,3.7091419583070797,41.238130753873484,13.968921761394801,10.105060897030215,73.78155510552232,163.9075784574098,0.6203959118106832,1.1949996432199224,3.4387449969059407,0.03648462333081222,4.048665340312766,0.17005736635558327,12.592304059286732,12.60908551282671,0.19499964321992236,0.6203959118106832,12.891314984224033,12.907707696207192,0.19499964321992236,0.6203959118106832,0.015651432900321942,0.8106117620771968,0.573934234994629,0.5722289361498547,0.028772870741743055,0.7968835713240839,0.5742320859814489,0.5517726520813614
168,126,0.5976447271952118,15.25232191250467,42.342562729169664,23.10844243097829,7.551627353648149,10.619154606091715,80.59107302027164,0.9659107044226469,1.145006668438271,4.609945420721762,0.06852949909411475,4.411366090682948,0.2669714964608034,37.52128391546627,37.53399468598883,0.14500666843827092,0.9659107044226469,26.306663831309113,26.324790072407353,0.14500666843827092,0.9659107044226469,0.09670534242576206,0.33818770562870937,0.17863278373460134,0.2703873694534451,0.07164073536169926,0.24613606645473385,0.1806278057789339,0.15107668260235219
116,58,2.4313647376562164,6.978463538849366,25.697007790134116,14.670514318258316,5.26164474713291,58.89154636560719,186.02266795942796,0.11039029790516042,1.1982063218439927,3.024390264632159,0.11995509768021098,1.104184000414511,0.016525475200646178,9.002485605963345,9.005343905119211,0.19820632184399267,0.11039029790516042,47.767147242956156,47.76768601778973,0.19820632184399267,0.11039029790516042,0.08794446742884345,1.6042377078094587,1.0912132101900802,1.1726457793012615,0.7882665522762405,2.888010580428303,1.126594596513585,2.539690053989806
86,40,2.77568637787933,13.003954410974007,28.918718632898827,16.838086643175053,3.549814984262838,63.76578685466307,162.5602950671536,0.39802508455829033,1.0711832060519009,1.5950088642618718,0.050767799415461015,0.06778135744886343,0.11330593248790354,3.2564111426411713,3.2814180694753055,0.07118320605190087,0.39802508455829033,119.98736213138703,119.98804341377257,0.07118320605190087,0.39802508455829033,0.02173736807362062,0.9291589679436332,0.6720147831463444,0.6412955681837207,226.93358395755814,2034.2442939624373,8.059879318464462,2021.5306167199853
77,71,2.1889891160407666,12.118423517839094,37.82436729088761,20.807632102869015,5.659255011475953,34.41547583164153,113.77153205365514,0.24890651768682814,1.2914324306595324,6.308927903623271,0.044255194811043765,2.7106428895354298,0.016802358957049644,27.296727215694496,27.299417649543802,0.2914324306595324,0.24890651768682814,24.31762688786897,24.320646882305475,0.2914324306595324,0.24890651768682814,0.06637043277643162,1.52871681314756,1.042979109257214,1.1156902070494878,0.029745056478016785,1.4735680092845405,1.0423224147662,1.0411925342019508
136,189,1.295354832413178,7.516533749244229,42.48024042503733,15.391474392086433,9.102370256495389,16.750244527279527,169.674914017125,0.8774223098099629,1.0832251852439096,2.1604047064886602,0.14105397916732487,0.6037529675792184,0.17426583424372083,9.971425829193052,10.010301164715749,0.08322518524390965,0.8774223098099629,10.420500336614639,10.457706421897534,0.08322518524390965,0.8774223098099629,0.6890138980805253,0.7499857026766522,0.19645151593992782,0.22168717679688987,0.3706797422688653,0.4547001411343109,0.2000568183503102,0.17124840568776356
97,96,1.8265544817939132,8.996696867114114,38.68681011716117,14.67588520556924,7.470462581043093,30.454329390907155,168.7187717241288,0.28171514519267427,1.1981523135676813,3.1789469177912237,0.12350718921488546,2.1970806759473027,0.0626102574107742,15.960649940284299,15.964365764999885,0.19815231356768126,0.28171514519267427,15.270741229345035,15.274624887571592,0.19815231356768126,0.28171514519267427,1.3574606639123372,1.9311591945089364,0.8938711442932155,1.0429145496477732,2.846559597043434,3.317665100564504,0.8769142029083925,1.461171331747631
188,101,1.3250437338098908,5.3157725743336535,33.233045025302545,13.309605097303727,6.717265481302639,68.11799296292915,357.21362894717424,0.2964547365177115,1.4882357261481154,6.78506477535166,0.1566807876318622,10.815536331365337,0.28770170300944975,80.24034500256494,80.24237799109483,0.4882357261481154,0.2964547365177115,24.60547086023231,24.612099784228743,0.4882357261481154,0.2964547365177115,0.05817093642217661,1.75476680824393,1.194462549304564,1.2841658427863587,9.723081803058683,9.853290724594574,1.2005626158271216,1.0524579611029141
131,121,1.804644468867092,7.268534795753757,29.307787126634018,16.26087105761277,6.995497082327713,83.19722136780102,359.36272457338305,0.7491029911087732,1.2003868570705898,4.0032731172062865,0.07074667657892289,1.9588971737515095,0.26847651301356623,15.190199527289371,15.209979351157482,0.20038685707058979,0.7491029911087732,15.397922852703052,15.417436179909087,0.20038685707058979,0.7491029911087732,0.05833929112240683,0.5959298809538234,0.45005444048574383,0.38623820464065595,0.04939260793054812,0.5959287833884876,0.44959876170324375,0.3880108743677321
124,109,2.079037133051188,9.770277491312935,37.93675761096315,16.030589796035866,6.357458332074341,20.442366467005087,359.1424039110998,0.9847937126684575,1.0281090290600745,1.4364827147443415,0.030465029039283543,0.032689086036723575,0.134369629021638,2.3841377051247616,2.5796746637945627,0.02810902906007451,0.9847937126684575,2.06708780064869,2.2898604214267433,0.02810902906007451,0.9847937126684575,0.03039084778763305,0.05793774998373878,0.043242684533142506,0.023732877581411405,0.07081160534257615,0.08646624875712883,0.04275895485839054,0.02517539478052022
77,74,2.41409748916546,12.697296193564599,34.87325673152654,18.2017710457455,4.943865519784773,31.282103843216362,359.61057764424214,0.4337845174456374,1.2220034430526137,4.460286495663535,0.1381719569831876,1.1893926077956651,0.2137877477957276,13.543455546430687,13.55221910516676,0.22200344305261366,0.4337845174456374,12.519112027616405,12.528592119480644,0.22200344305261366,0.4337845174456374,0.30259216821962776,0.9588965043552472,0.782355174769205,0.4645867694077219,0.3040433430787704,0.9852498434089206,0.784698439310737,0.5123702360696621
131,132,1.3597989992890593,13.150824621288404,34.93030576650029,20.781707084606218,5.795733668721272,49.15984289669335,358.43703189465356,0.9823839797205183,1.3692276807296202,8.779621789550374,0.10278381520231582,5.940913195608007,0.2439776282710768,25.8286192509736,25.849931910463372,0.3692276807296202,0.9823839797205183,17.34469261665906,17.37641416777972,0.3692276807296202,0.9823839797205183,0.12284997346917063,0.6508105650408561,0.3864480179483052,0.5090385103420456,0.1175529272629891,0.748351260066474,0.3920147320832925,0.6265264300607327
171,169,1.4889912300744697,6.952325111675981,35.63097707332865,12.944434523806082,6.03057296289572,53.50856490555126,190.7075082944922,0.9167540626580286,1.1932127384265496,3.5171689149116783,0.15422331958379765,1.9332504000389554,0.279668056312965,20.999939517556427,21.020828454528576,0.19321273842654962,0.9167540626580286,51.73229484802617,51.7407779166182,0.19321273842654962,0.9167540626580286,0.2511981730915121,0.3854792284804786,0.2711405703722223,0.109437217269162,0.5084726359021108,0.5744328452806738,0.26720908246260544,0.00528947308364236
306,226,0.8296270044890036,7.917602516204436,32.056908873551556,14.348023213185341,5.041757577833575,64.26452829878967,359.8950629340924,0.4719305328650627,1.0907864609728968,1.824642448866809,0.05437196420146036,1.0796072324267705,0.12452358507520245,5.021715208570387,5.044658982065429,0.09078646097289678,0.4719305328650627,4.414193946477873,4.440278010042635,0.09078646097289678,0.4719305328650627,0.06941049173890337,0.8241831266242916,0.616581563350489,0.5424824288260622,0.09463049857611203,0.8219641476321824,0.6187701464939217,0.5327228496505731
79,55,2.0912598561265043,9.789450545573311,26.548873679627906,15.222938151216828,3.886250601155818,33.02573901885148,356.16011745874107,0.9992882847637492,1.3861500881347004,6.8326061990542675,0.1887576224905486,2.2478603251900666,0.14300352527901036,27.97325467748607,27.9937612017058,0.3861500881347004,0.9992882847637492,34.2131893315447,34.22995783232513,0.3861500881347004,0.9992882847637492,0.16094562030760395,0.6899894540232065,0.38709611243968567,0.5480315261927232,0.2553888525488182,1.009475188346389,0.4004083439694468,0.8907804712500274
86,79,1.7642612910387854,6.196254069419219,38.962896427095245,15.357850490190641,9.425633084867048,27.194062660343107,357.6126177128922,0.4052166117684044,1.2434113212985511,4.140451242338449,0.02968217048200719,5.266649416468789,0.10769546790906576,15.534564614744292,15.541754963434947,0.24341132129855114,0.4052166117684044,15.004570726634194,15.012014930193653,0.24341132129855114,0.4052166117684044,0.039787552243069346,1.2061911131654166,0.8381760809610801,0.866472624766909,0.03938191250644501,1.1791007022967879,0.8367203987569762,0.8298352278784507
169,105,0.8685720570704004,8.91432213989216,33.047035054985066,16.868505679337442,5.900176201433944,21.122374055925157,99.70847187396679,0.6675507069907007,1.4920898386457653,8.954712299030508,0.19660432201172529,8.396699043501513,0.1082672914288459,24.28661193477486,24.300767387596032,0.4920898386457653,0.6675507069907007,251.95072588195362,251.9520907807654,0.4920898386457653,0.6675507069907007,0.40215317327699707,1.5588778157559593,0.8305060670040292,1.2564364458056807,0.1656433188948698,1.189668546681044,0.8199780092987174,0.845878009014416
92,86,1.5404615774376869,13.208267565594237,35.10232148469831,18.80257116118172,5.534281321886679,38.85939092106298,100.32420702674465,0.07832122348901405,1.0577092971821465,1.1495504561924843,0.14283024708147887,0.11956507282783982,0.21214141593220426,4.468468441265026,4.469527356176664,0.05770929718214646,0.07832122348901405,4.4052403230106965,4.406314432778198,0.05770929718214646,0.07832122348901405,8.516709966297446,11.534740706031837,1.0134580206424901,7.712898115867534,11.328969843681032,15.635991498302946,1.0366694620608503,10.726788375016925
163,157,1.3054656604856443,14.839957021493998,35.7504734089744,22.097142817288702,5.979793161928579,40.01273385004639,184.62046808327887,0.23756678758244,1.0344462567064832,1.0018440406083566,0.1408528465916214,0.06034793324997057,0.13595001669634008,2.4244386975037115,2.436293808455134,0.03444625670648316,0.23756678758244,2.70331107665284,2.713948286227515,0.03444625670648316,0.23756678758244,0.320903949490154,0.9972122182312702,0.7889289337236841,0.5186945159966141,0.2562613837711962,0.9941374260394519,0.7885649698006115,0.5484565738902023
163,141,0.6974190027788322,13.556411719603917,32.024857899907765,17.576049900648268,4.262310992180322,28.973547875567565,358.02107574699187,0.5925429019817112,1.379996514169533,7.270353418562604,0.15550661244651143,2.669438806928862,0.00041108333349703096,56.39400305854504,56.398396124434754,0.37999651416953295,0.5925429019817112,59.549548841438046,59.553709134362784,0.37999651416953295,0.5925429019817112,0.08214744617738953,1.2891249838763779,0.797122311413502,1.0097975251443234,1.0876732705961307,2.3571588858157977,0.8029476288222839,1.930916874124767
96,53,2.0697956355215656,9.19411522540025,28.973426544512364,13.795025294363763,4.023384654617669,49.95028728249842,174.98595301763856,0.1631244315948559,1.396828247346225,5.617116176973319,0.17028134485099874,2.630617777066538,0.15562464092404085,88.81547050684178,88.81650681933937,0.396828247346225,0.1631244315948559,1229.9678904106968,1229.967965242826,0.396828247346225,0.1631244315948559,0.14373719747851255,1.8969856843271535,1.241832535768108,1.4267958009858779,179.9674279026295,2890.7290974128878,16.716237836125572,2885.0731371866896
177,115,1.0179183473686213,4.414656482095685,27.915261715486224,12.607711698044435,6.15831020611976,53.745571785302396,358.26672641952223,0.5840378405379879,1.4959076117608119,6.838193944429383,0.08509341002132387,9.406830432801467,0.20592583613845675,22.79252570845814,22.80539963976312,0.4959076117608119,0.5840378405379879,72.2328826741079,72.23694597621095,0.4959076117608119,0.5840378405379879,0.05181633468907953,1.318887190332306,0.9151740328511108,0.9482800102696819,0.05421883312354844,1.3470184274284565,0.9176197870762234,0.9846282995794601
85,68,2.105909326181383,12.065295109734583,34.84474109025326,18.439623625725247,5.376982828685795,63.598858711062995,357.51982716502187,0.09695977179558435,1.2351820095962214,4.441441587010119,0.09795516279491441,1.60808728728752,0.20705543679649568,186.29679713951057,186.29697081867687,0.23518200959622138,0.09695977179558435,127.68792528439013,127.6881786823157,0.23518200959622138,0.09695977179558435,0.16104807844093597,1.5086058809465566,1.1358146937251399,0.9797347610323341,0.12533669224929359,1.5198978989804817,1.1342837816650055,1.0038827817793383
59,50,2.334989354661496,14.948094777072969,40.746251837043594,23.072830785932606,7.118435871758919,87.60241041352367,142.4069503790262,0.33472542714271747,1.2066850577483925,5.107838598986528,0.11170083042703834,2.151225591991774,0.08279898253474928,72.48563492966147,72.48670244245376,0.20668505774839252,0.33472542714271747,347.02621681864036,347.0264397985875,0.20668505774839252,0.33472542714271747,0.13816486961439037,1.3457136769096698,0.8730154633578754,1.0147412329082799,27.572236977104147,27.585564604311212,0.8385041990038492,0.17897856098257559
58,60,2.4768165596030807,13.930865556654075,37.47760052671165,20.021553633211667,5.9621300781474265,48.02046937994262,122.82723445822683,0.5391487865354505,1.1801929754056872,4.147004274361122,0.0026740721681894676,1.15570732062041,0.29278315270805755,28.74378495582235,28.749405637490444,0.18019297540568724,0.5391487865354505,29.548841255835118,29.554308831115502,0.18019297540568724,0.5391487865354505,0.004985501762190784,0.9127130094109879,0.6412452678461888,0.6494803220922946,0.005278761650464869,0.9129719512563237,0.6412483905358051,0.6498387646881773
192,123,0.5814484561194876,13.813404316679893,39.71189878494729,24.055959602656003,7.77897861414257,36.63341351960277,54.3764749115699,0.6280705962526673,1.2408582861107385,6.4097020732383685,0.10217064800428995,3.5530157451295223,0.13405155266087232,17.10352874096192,17.116751466933664,0.24085828611073845,0.6280705962526673,14.213161937988664,14.229070864373227,0.24085828611073845,0.6280705962526673,0.898045378201516,2.125659331901971,0.6186691681183168,1.824606958885288,0.074462790287414,0.9297401357938996,0.6143017294365788,0.6939059000901345
146,146,0.6668148396492317,19.906871972040502,36.216036317839105,24.826187614165253,3.3012827678756307,26.376553007514026,89.45320235309401,0.7946686588530917,1.354155967656198,9.58690299091746,0.09866754059998036,1.402107094976482,0.15754250785181714,316.6860946147437,316.68728968347494,0.35415596765619806,0.7946686588530917,327.0330438977147,327.03420115598215,0.35415596765619806,0.7946686588530917,33.06464421233201,33.21123770624077,0.48249529170161976,3.0794173776566938,33.29326045074664,33.403318158850524,0.49105625681866083,2.664457981050205
85,62,2.524210995160112,7.596571444195418,31.546839870590304,15.012503892178895,6.541074635590689,83.23285613263361,296.9231659019967,0.5625373300181848,1.1649571721126508,3.0387158205712548,0.10084778627204281,1.1809939369229803,0.03408360117156962,20.53238721925878,20.540754222712383,0.16495717211265082,0.5625373300181848,6.550151551603506,6.57633214377659,0.16495717211265082,0.5625373300181848,0.41188595098332,1.3279286256414764,0.6120928470397828,1.1041226131111344,0.3223137345813634,1.2122076458073623,0.6127687507510313,0.99502547261719
260,283,0.9304019520479102,6.726304846810928,30.36111937713321,11.527715842550549,5.34509554783385,54.331120339903265,358.1440154729162,0.08264593510182394,1.11759238583612,1.609014365651588,0.0694220996490152,2.465917071179111,0.2693109166894165,3.7499468956726054,3.752700366424169,0.11759238583612008,0.08264593510182394,6.418639252934247,6.420248295751793,0.11759238583612008,0.08264593510182394,0.059876254015771534,1.5018939168168381,1.0353361312037714,1.0863605603115707,0.13653482325939564,1.5881234256032208,1.0394791317695784,1.1928861603702166
95,64,2.850638751658658,4.116814076471904,33.14478600540288,11.06414506373297,6.233489984445268,71.58433942036774,354.2785002307812,0.5893310344523928,1.4839736896543687,5.946133960766553,0.0406608734274275,9.091579431950231,0.2194154004521524,25.3193689402115,25.330850462055025,0.4839736896543687,0.5893310344523928,23.152462968028026,23.165018521174456,0.4839736896543687,0.5893310344523928,0.015767893936576502,1.2560709328201838,0.8945564527549918,0.8816089352036861,0.03815445134521274,1.227636985416881,0.8933559168408371,0.8411611092124148
168,267,0.9934588132261093,9.3048224190922,35.72208515018052,17.041079593612103,7.200126368905053,36.955223135136954,90.94200503257008,0.09167425437649657,1.08025283836202,1.4457529843754025,0.12476879523400908,0.3610765789989732,0.1618394988805301,4.363831859584236,4.36553240575569,0.08025283836202002,0.09167425437649657,4.496702804570793,4.498353120822718,0.08025283836202002,0.09167425437649657,0.17981484998709288,1.3904944747468024,0.9902261586177143,0.9594757208052274,0.15747848372068715,1.505387800040533,0.9892594459675821,1.1237253686910436
53,35,1.7994021029782912,16.787725857446848,35.78158210718836,24.161431881400713,5.689459348691706,26.556463107632098,72.08677143963021,0.31465120068953045,1.3976022248498916,9.870435344291787,0.15565606586629743,5.151463803581372,0.1823435711748644,35.70472595038299,35.70832603328324,0.3976022248498916,0.31465120068953045,21.51790605735066,21.523879157816076,0.3976022248498916,0.31465120068953045,2.0108463990936256,3.0445152935015676,1.056498564102276,2.027160801630439,2.0002658312027055,3.0324893977134995,1.0551321565500813,2.0203031168569
346,216,0.6633085002183376,9.059735081777092,45.21023613942183,15.740759151318596,7.400230002753773,92.2101405163811,359.8432314869494,0.3289498409908014,1.098753084128527,1.9258905891238909,0.16427827901649836,0.9864066239421938,0.2155662244210483,7.440062093339188,7.44798523912712,0.0987530841285269,0.3289498409908014,5.674198945227392,5.684583875670445,0.0987530841285269,0.3289498409908014,0.059915501411625285,1.113871714523408,0.7687872236212092,0.8037950820344093,0.2647230161000678,1.2615848838208434,0.769252481480114,0.9642451781413383
188,137,0.912016352088035,9.356011226424284,31.077070864598397,14.87896463711068,5.597115855749861,55.76960753488131,186.82943075139616,0.466847486307881,1.1028290566448185,1.9995317047477672,0.08340402392195506,0.33831486047289394,0.12059599565741715,15.789496252938557,15.796731064113333,0.10282905664481845,0.466847486307881,7.7306364973016555,7.745402574674531,0.10282905664481845,0.466847486307881,30.738295585441264,39.651757074815684,0.9354928510668737,25.030858490028667,0.20472509688977922,0.889683422518131,0.6307511136250964,0.5931081348858289
120,86,1.1960528949299243,6.40166383306074,24.7280142151347,12.43574451828614,5.117558552126974,46.07963514906475,184.6816620861993,0.8174078418706197,1.4616468841933115,6.563850393037658,0.199674475855961,5.655099604770244,0.22015408201906936,30.478867382964705,30.493321078130972,0.46164688419331146,0.8174078418706197,71.05798917525959,71.06418999085929,0.46164688419331146,0.8174078418706197,0.151909801288824,0.7697940314257314,0.6365706788387102,0.40531966882189874,0.09941677878484637,1.004813250863836,0.6465520909025895,0.762716439417091
187,144,0.9886874718937848,3.2783466895954874,36.48089495560494,13.213254253336798,7.956593719000592,57.57069884022363,357.7681048606114,0.9831249178752307,1.3117588295314426,5.3729235839496345,0.0334973640401808,7.642437440065978,0.24896095978798366,17.981754412427073,18.011308112426995,0.3117588295314426,0.9831249178752307,43.020366533322445,43.03272783397943,0.3117588295314426,0.9831249178752307,0.019669437455890743,0.4606555127101091,0.32867891769725277,0.3221595624558502,0.05643119653548249,0.45579746601358034,0.3274773660173268,0.3119702306764677
64,62,2.2221093383601005,9.026323383488254,37.62181429399808,17.2086972847957,7.891477574369129,57.30384099839047,196.9652203107126,0.03064887162853902,1.3260331463364725,5.639711888639248,0.07073578258270095,6.588471325224841,0.18064699237928503,30.862859858851458,30.864597124099106,0.3260331463364725,0.03064887162853902,32.085177242454044,32.086848328334355,0.3260331463364725,0.03064887162853902,0.13427145824429104,1.8562364909626956,1.2920362814464146,1.3259816489335645,0.2017984250218838,1.8928844735807173,1.2927337338155906,1.3678919984548628
81,154,2.030244963464781,10.250754550017536,43.903351359828314,17.97803381248214,8.93363208218786,61.51368574514256,355.30800347995057,0.8277653505320249,1.114271362808185,2.8830815010686885,0.09381291162117077,1.0590733921612236,0.08138978561710586,19.037903058442982,19.056232741089516,0.11427136280818506,0.8277653505320249,19.073174255042467,19.091470073912962,0.11427136280818506,0.8277653505320249,0.11962100754977115,0.4244073840950383,0.28528752604347585,0.2905571711576984,0.2638281456277257,0.6464981986012244,0.28809236112001757,0.5151285488434485
46,27,2.3499398812971464,15.573224216143362,32.79987441607987,21.67365365571095,4.966319262915355,28.574041030945803,97.57181608608327,0.7078437685816638,1.2124937546147712,5.269578907295918,0.18650502875934694,1.182747437322891,0.10278837539800843,26.917805922662517,26.92794964505459,0.21249375461477116,0.7078437685816638,13.441456136150194,13.461758408785974,0.21249375461477116,0.7078437685816638,2.068774979694508,4.46608949687924,0.5544757567800443,3.91901545195579,1.0623730419025534,2.420424421722692,0.5623298446197978,2.100857693172057
51,46,2.470262606300338,10.912640420784104,33.727607689674315,14.93963876824384,5.702134135829887,87.71461471610216,358.1044479736487,0.1188405318456558,1.449602062732424,7.32554474162888,0.050760415028333755,17.572415279305197,0.20595697952063644,31.06576103324235,31.06924160100052,0.449602062732424,0.1188405318456558,24.709239742092088,24.713615553354504,0.449602062732424,0.1188405318456558,0.0682311980468247,1.8627414241150735,1.3332008085105593,1.2991249827919322,0.18432500881283928,1.8788839204046213,1.3269271519657067,1.3173812701178669
159,75,1.4490898140501605,7.060355719208574,35.08746551790545,14.469660631319215,7.263749402245225,74.01309734653002,354.97821206275694,0.6059414877258756,1.254481433731224,4.287328425769859,0.052297156686576446,3.408155575190981,0.1673386579490622,19.043236844117718,19.05457413294309,0.254481433731224,0.6059414877258756,121.80500534840729,121.80677835741405,0.254481433731224,0.6059414877258756,0.05521457239672983,0.9560715428049832,0.6486308309955732,0.7002158174723986,16.57665466567308,17.61258385911625,0.802356014863315,5.896936078577912
138,190,0.9739991017792874,21.872865026074578,38.94198466311179,26.831669794676625,4.177168769051254,33.35870922716795,78.830061442719,0.34944378898324757,1.2526454972874854,7.122597795863936,0.1450731129206559,1.1089995610581618,0.06925159199267035,16.678000774465158,16.68357427357876,0.2526454972874854,0.34944378898324757,16.372281305865428,16.377958843132713,0.2526454972874854,0.34944378898324757,0.3879278429984262,1.6354951072006312,0.9016519852753999,1.308197206751613,0.16604773024231662,1.4234839067654539,0.9031820139935627,1.087656578934797
232,163,0.8293716170426825,7.3623197720467815,42.15410642742923,16.570923308864813,8.643254456917493,22.40583897954009,359.6782948881678,0.031925493298628704,1.1878067614917898,3.1597727506213937,0.14298312756994655,2.716914375531098,0.11761353463758961,34.47522058674976,34.475746911732585,0.18780676149178976,0.031925493298628704,34.919476853385454,34.919996482401125,0.18780676149178976,0.031925493298628704,0.06689947754711224,1.6361425983449163,1.1561544858719208,1.1557654895440561,0.04295160095954264,1.6408774881806458,1.1581836010461233,1.1615699881887755
123,81,1.251596056714627,13.817447597818008,31.053746012224053,17.53100083998254,3.630392684776607,37.454773702742784,142.66148783286724,0.08739487166989002,1.1285925173840978,2.3422149589039716,0.01233864342675719,0.21710577806561646,0.2430360846207183,33.80428535049547,33.8046429053295,0.12859251738409783,0.08739487166989002,63.37971737206938,63.37990807868464,0.12859251738409783,0.08739487166989002,20.721411213851503,21.034430874607537,0.8693037544717248,3.5092321820553973,0.11992549931967145,1.3427219428919581,1.0355391281685131,0.846273480955464
116,84,1.7069832225801465,8.049002233226796,29.63099604758168,14.534018138049989,5.878869387019338,45.89098473176263,357.57987516594403,0.09447406050716667,1.2106946365014144,3.1442216348790275,0.1331635629300774,1.5795985810459634,0.19925293788791823,67.60871903566412,67.60911334443998,0.2106946365014144,0.09447406050716667,57.11664346235599,57.117110203369464,0.2106946365014144,0.09447406050716667,204.02956299675347,1326.5248291020616,6.172032095516423,1310.7257400644194,0.6185064613310268,2.0908811221180312,1.1345466794903079,1.643787533770361
257,156,0.9740574985079385,4.365754172124926,37.45136755323582,15.224727152544599,7.994300988489612,17.864421611461292,114.5822735980074,0.8159619194362048,1.3021911566153093,5.416409386874144,0.06439053648825888,5.805279737397687,0.09606377833567627,38.38667617502819,38.39653657708705,0.30219115661530926,0.8159619194362048,165.87512934476882,165.87741150769412,0.30219115661530926,0.8159619194362048,0.3523458944615595,0.7242931852465733,0.4845889805005327,0.40697236862981845,0.8993785907783489,1.077906123934017,0.48651643275936063,0.34103009122233485
135,98,1.8304964524747416,10.78367527179326,30.995949803086326,15.331198364612154,4.510183124383247,58.87127423099312,359.15384132416955,0.8129251849235525,1.2160313462664063,4.251440474929413,0.05798534235240247,2.89842518498357,0.25875259708610576,5.0094297640164855,5.079557407832589,0.2160313462664063,0.8129251849235525,5.534466188668106,5.5980204440822785,0.2160313462664063,0.8129251849235525,0.03122555697203495,0.5936621150823219,0.4042192488980826,0.4336663121526414,0.04058744815841267,0.586835391606723,0.4042032227604685,0.4234952072978574
172,175,0.7729933096678582,9.612259810749428,30.214252762960893,14.48552323099819,5.09359394029138,64.76632422245592,197.55682207004995,0.5701844446611266,1.4195532153327104,6.91619735281972,0.14811209290002775,8.909430684847582,0.2578056587499165,47.14464667822307,47.14996124723666,0.4195532153327104,0.5701844446611266,52.01677878850757,52.02159561887699,0.4195532153327104,0.5701844446611266,0.1498340755185961,1.3314486728866424,0.8526641170197973,1.0115677050459542,0.14965531109574504,1.3915793964850962,0.8571536208452826,1.0859945556283797
97,53,1.8334305444099124,4.658726124293923,28.648402640132055,11.065863947979064,6.387895931519678,69.7786444432128,354.4974844771142,0.7041437123803234,1.3477068562292505,4.5581589816873445,0.06400205586485101,4.928844619897972,0.19638114724399952,33.26122625717887,33.27049579667845,0.34770685622925046,0.7041437123803234,21.138786173218442,21.15336850959215,0.34770685622925046,0.7041437123803234,0.05420736073962652,0.8779902944771937,0.6432240395895188,0.5951397769700277,0.48080372565906604,0.8029447261823893,0.637271234966984,0.0862170735998895
214,126,1.074780248542396,11.345365435136523,38.98303155791711,20.91429483742301,6.848236794614611,33.702696341717726,99.67242224754179,0.18570668257213008,1.1882996673896518,4.123798555095658,0.0006908408822950741,1.662835300650295,0.019663298488058055,10.291240607777233,10.294638263866007,0.18829966738965176,0.18570668257213008,27.408657178675842,27.40993309139717,0.18829966738965176,0.18570668257213008,0.0002272140329109148,1.4180083501853789,1.0025957147485256,1.002770892246647,7.675610645924334,7.8813671782939165,0.9379227865337176,1.523565114382206
82,29,1.6635212131319694,17.129537730358027,41.0805195550862,22.56488087396438,5.568928631828965,73.83438286044245,357.2725770752497,0.03357066835631539,1.156320426619176,3.545339754401748,0.10109198155721644,0.7633439651710655,0.2967241230913121,66.9579974379843,66.95818832652706,0.156320426619176,0.03357066835631539,86.55480139550227,86.55494906520593,0.156320426619176,0.03357066835631539,0.27740902974340015,1.4042057706299311,1.1161591954839767,0.8056219503115505,4.453450908089569,7.364917424522089,1.1098522084283449,5.759948936814631
47,48,2.5946549737879523,10.58395325439588,33.00466975478388,17.723997335002405,6.590241716330378,33.57634627303165,357.8203941832553,0.6273292596346953,1.4971127404598175,9.42502586981828,0.133342653052557,10.795960572232739,0.17910253082344157,314.6513059719429,314.6523240227632,0.49711274045981746,0.6273292596346953,313.0477990553347,313.0488223208417,0.49711274045981746,0.6273292596346953,0.7400621042274763,1.9711724135969027,0.8960402053834517,1.5921497154313786,0.7916172938998062,2.0966856905210656,0.8989645698049067,1.7208415519942628
78,134,1.7242750308083479,13.345891982273212,33.87463152208061,20.531469504467708,6.400859069201731,57.6813176464845,175.71217070727627,0.07630254014454041,1.2178566805233388,4.547638198469282,0.015839027157595442,1.9500329099933895,0.2137249677311257,7.7188569811649845,7.722307731925773,0.21785668052333884,0.07630254014454041,7.149608733860329,7.153334093845544,0.21785668052333884,0.07630254014454041,0.013292438529857536,1.6414427722217468,1.1429242837756597,1.1780839389079367,0.013413452216952119,1.6289865711316405,1.1424183571994138,1.1611621873625728
209,209,0.9254863627819259,13.383994429183767,42.61796411311439,19.279720338328794,6.110245499904629,15.19980712414944,359.75986276695244,0.8315173210067498,1.0159865285771477,1.2360178451523611,0.006290050219440713,0.9722064191374448,0.24901325079746855,3.1620146801665197,3.269558603514971,0.015986528577147663,0.8315173210067498,2.3136286381940376,2.458567489352649,0.015986528577147663,0.8315173210067498,0.0023971750942402936,0.2611822602789617,0.1845310612982839,0.18482076196175534,0.007668064350880126,0.2611740021483764,0.18456391492993862,0.1846326663758211
241,120,1.1536193740845626,3.9540997420756843,33.69815832430842,10.921058246902932,6.879533433828674,68.73324588011025,354.77306647266363,0.8291402344131128,1.435478516983116,5.5708068336890575,0.10206539310920976,8.969048042861251,0.057483392571496456,17.33989908648146,17.365172483924166,0.4354785169831159,0.8291402344131128,28.190923553815562,28.20647595649179,0.4354785169831159,0.8291402344131128,0.027671805925308095,0.8848526408986359,0.6059243843720469,0.6442469306760246,0.039840653436050526,0.8942109557337137,0.606780831688624,0.6556241133326718
57,54,2.8453496126710203,3.6415174816878997,35.1290797303708,14.372938143916626,9.942014210120636,78.4706469995049,327.8923899025142,0.8718855278464939,1.4016872841678523,6.643797163276532,0.07954003935061218,15.832895291712413,0.13538239187813803,35.82410616980274,35.836965830176375,0.40168728416785227,0.8718855278464939,37.433821717055366,37.44612857682642,0.40168728416785227,0.8718855278464939,0.15052706189481568,0.6252457376501326,0.5222768935592292,0.30903184713083265,0.09810302674038615,0.6602975727463819,0.5257109839139087,0.3872939995809497
313,377,0.603205826791697,6.4068523325704145,34.64303496574159,14.219029152775857,8.189030814944594,61.30442921240769,359.20819700282993,0.47179851935031014,1.3976402234763152,6.14198021819036,0.12367810627182728,10.780216792937397,0.21016585186904774,55.37002728449096,55.37346506292938,0.3976402234763152,0.47179851935031014,41.71639200130532,41.720954845218465,0.3976402234763152,0.47179851935031014,0.08470295540953299,1.4063802918835395,0.9286798774936936,1.0527509771458865,0.05548745305282974,1.3762549406583353,0.9278921298543853,1.0148965462521193
263,212,0.6139790385550922,13.519451615990025,38.92675408901219,19.374852893331017,5.610180020704168,48.453458921140395,359.5351164866678,0.16642855105606313,1.2250817711391246,4.575682462915417,0.028868052161372004,2.183734953093386,0.11179247539625299,467.17215944388005,467.1722433104565,0.22508177113912464,0.16642855105606313,185.85221039216398,185.85242120542708,0.22508177113912464,0.16642855105606313,17.782017226950504,17.835793812540977,1.0547718449793813,0.8960248986213459,17.713177054158738,17.758611668112305,1.0515298537479705,0.711288966254719
192,123,0.9553879715367448,7.310924081441692,30.622620511360356,16.246841378660573,6.363758515049271,83.69260830089875,162.86765280334689,0.569756153977479,1.1308468948936345,3.1493720732492645,0.16563513266411742,4.647445045160726,0.2990154613107285,22.01251345437243,22.020274556958316,0.13084689489363455,0.569756153977479,14.30327809507586,14.31521942723811,0.13084689489363455,0.569756153977479,0.0571013955664187,0.808535581415565,0.5608191709557205,0.5796128660821044,0.10587029340999975,0.8315651824801314,0.5578896240853618,0.6074959267553888
133,98,1.176617383922765,11.84846711578145,43.58316692622462,21.75097304078108,9.142851644799883,36.455076942535285,358.9306820115861,0.3707628688442338,1.0799921934960008,2.1077046134185995,0.03430984745641019,0.5294577123166403,0.1424688621130147,14.190791312475762,14.195859323414398,0.07999219349600084,0.3707628688442338,8.680487967740454,8.688770638820012,0.07999219349600084,0.3707628688442338,0.08697987780121512,1.0164815694268658,0.7081269089623813,0.7240342275373268,0.12165741626227634,1.0151208719814737,0.707286112719984,0.7179249351807393
52,39,2.130021621395051,14.047034994818226,35.86479136988487,21.903074864379487,6.530997487235999,35.4640584447705,77.39338563035288,0.05033026151030606,1.390924336528416,8.577506737459679,0.13364930751064982,6.571035348453823,0.004199446688318231,38.370572506457144,38.37259685563904,0.39092433652841607,0.05033026151030606,39.07902219305026,39.08100984540993,0.39092433652841607,0.05033026151030606,1.1483990207200263,1.7823021912271189,1.3283981099986641,0.30518723992698527,0.9651926707191483,1.6450995897004475,1.3321497428568012,0.011525234452169686
92,79,2.4600153017123683,4.9819396484465575,36.733812287972384,13.054293769465156,8.027005194574818,57.14361839223683,356.6138563208733,0.7070732400260088,1.11935092624933,2.256036485542384,0.07475792819190433,0.9252413654112045,0.034449313047470405,25.854480359412044,25.8644225117357,0.11935092624932997,0.7070732400260088,14.435264002901087,14.453063483006272,0.11935092624932997,0.7070732400260088,0.3068732186815776,0.9344943848145391,0.42002612265135986,0.7763289503788824,0.32823136113768925,0.9694801034372471,0.42177160818140813,0.8088662157974358
90,91,1.6223736581346442,12.85359054211897,35.03654924548886,19.68714250122275,5.511978256360364,34.643209112636264,94.07612965483717,0.041408697797209904,1.299757275320371,5.907603632357695,0.14906636425781086,2.834034656471426,0.21221685464633808,22.371091047605436,22.373137548511448,0.299757275320371,0.041408697797209904,23.274495294476033,23.27646236688358,0.299757275320371,0.041408697797209904,0.7351336199261272,2.8594559944998106,1.2746164433759422,2.4518197461499636,0.7431623294338523,2.8792280627977918,1.2751135126243196,2.472195283474921
62,52,2.61602603033542,7.632135447953223,29.076889595389943,15.36650527938989,5.917959435503947,31.48504616586319,122.69195633838319,0.9713061606919479,1.1644515391213646,3.493279914374457,0.0661799451835614,0.9629638802633208,0.19051844530530548,63.43503775493482,63.442686693869796,0.16445153912136456,0.9713061606919479,53.52930691996595,53.53837109306214,0.16445153912136456,0.9713061606919479,410.94629732381975,2998.456959723326,6.313866048972593,2970.1561263887475,3.9385369641616834,3.9718814568588687,0.1508458961563689,0.490932179515851
59,59,2.196133153681282,10.832658609872222,39.19220311680252,18.984059685563675,7.424335828716009,28.216254656027488,96.58356245392088,0.24326573867257084,1.2619850219211162,5.196714132853967,0.1120332999500716,3.7727866860669588,0.13788829143839612,70.84091657136166,70.84181868813043,0.26198502192111617,0.24326573867257084,67.8471523737518,67.84809429599639,0.26198502192111617,0.24326573867257084,0.6249571462752905,2.2150657402796683,1.027711484253742,1.860041371640193,0.4661960662520368,1.9481326932259975,1.0218786430387423,1.5917431504889232
48,92,2.6126560372049354,17.583165176117657,28.989733614314247,21.476088230207456,3.0855924961389207,20.900095626397928,134.75382378308464,0.9203290814310296,1.0607627543103662,2.2285185800363485,0.08693162467563549,0.05523623175625767,0.03259752261481534,1.2041366205644584,1.5167869762835713,0.06076275431036615,0.9203290814310296,1.229511337341126,1.5370087374798584,0.06076275431036615,0.9203290814310296,0.2919286630796595,0.6967751698611221,0.1644583532403372,0.6109228617894363,0.26786392310815127,0.3473478715548683,0.14902195219454994,0.1633766211394182
228,167,0.9758322461441608,4.264764415997747,36.996199481156154,13.484297810216827,8.801839443402963,49.598908495272916,358.3690982688759,0.9762559042591222,1.2362047084412668,4.163920000011355,0.03321214744167755,4.326258504089649,0.06248358761291056,12.76859540352987,12.808040319812191,0.23620470844126684,0.9762559042591222,11.661581599995865,11.704757736418669,0.23620470844126684,0.9762559042591222,0.01851124477444156,0.37836379314274254,0.2603041718746638,0.2739675745100326,0.025169945299290602,0.3702561698796217,0.2617975800500921,0.2606110747214584
138,111,1.5215753660900226,8.136761828211924,28.728366692025503,13.462130524330062,4.79995732278739,72.31631628640258,172.18684394315332,0.08988375306111063,1.208931051322189,2.8966598359016613,0.13705356434233548,1.043353505873528,0.17903819689241832,14.54352497386675,14.545303363586365,0.20893105132218892,0.08988375306111063,12.301993174960899,12.304095551890658,0.20893105132218892,0.08988375306111063,0.05849913924092903,1.6018747832121443,1.1197511394511586,1.1440008992552657,0.055059404735082154,1.6064643258123716,1.1218318359116717,1.1485597172080622
127,97,1.686241117775713,5.839798358314548,34.74354472739684,12.809730086816764,7.4073662984326285,73.61945366636904,353.5505260249183,0.03858572683632011,1.030477912438175,0.41563959223240426,0.09478958231222706,0.05746129220232967,0.29681525369605266,1.0245520511776072,1.025731284028287,0.030477912438175103,0.03858572683632011,2.002623762687775,2.0032273201870567,0.030477912438175103,0.03858572683632011,0.08891123766206653,1.4661796686000874,0.9947764601269715,1.0734045867290274,0.11368559016693798,1.5029864294904116,0.9962126571427545,1.1196446470060506
130,70,2.5409438989602147,1.0086122425248714,28.425870793570656,8.956292681096917,7.489104021844639,27.30284747401955,237.5847108916767,0.369250094554184,1.3124788297337027,3.141522137813334,0.1664605573667397,5.4993865294513995,0.015291822324872549,19.204325707632837,19.210416823593587,0.31247882973370267,0.369250094554184,10.870941284970115,10.881698078545817,0.31247882973370267,0.369250094554184,0.2553851631074427,1.382911659079074,0.9374937914468994,0.9840368216077786,0.49804570829934797,1.5321031454948437,0.9361751655641005,1.1058329802736147
80,65,1.9681828288723966,9.763403227648885,33.26451786730969,15.48367837893037,5.551977884709013,68.00394187360727,358.36216261958907,0.4930498651864236,1.4853568265901922,8.012889666348666,0.05380546795632653,7.309352315871775,0.03748986891976763,21.85182860742949,21.862778480951405,0.4853568265901922,0.4930498651864236,24.959763651470283,24.969350631442847,0.4853568265901922,0.4930498651864236,0.04345684920038468,1.3792457863632384,0.9931005044417708,0.9561285632883391,0.13569068324109035,1.3205269379986542,0.9941241880572914,0.8585432611005099
109,115,1.073625121890947,11.460598521702737,35.5841343087687,20.33857078301208,6.819002109624918,41.24049412663179,121.965604487854,0.3707977943693711,1.3596394071139093,7.817355177225081,0.03092528432168993,7.124555984479337,0.20961398108682172,19.67069539281638,19.677476686415513,0.3596394071139093,0.3707977943693711,42.586037142626495,42.589169879449656,0.3596394071139093,0.3707977943693711,0.022207948996436355,1.4332018882351758,0.9905875241393497,1.0355244161591357,0.028808507537923744,1.4277108358360815,0.9907212222617746,1.0276184897214213
117,216,0.6871385193013633,21.825583221835334,33.06667429278311,24.71807457062468,2.5391818039477156,29.58800569023905,105.99840892480802,0.6542393971818781,1.470286260090266,12.281391385615887,0.04571520673141334,1.4187129994028103,0.20553162671910355,168.07998349728322,168.08191470471255,0.470286260090266,0.6542393971818781,132.67104067586686,132.67348730011122,0.470286260090266,0.6542393971818781,0.06636991096811164,1.0108775385252748,0.8100516547995691,0.601069670977902,0.059609109661071635,1.0515420375911222,0.8126677670338882,0.6646491640639122
77,57,2.4651410008075927,4.9331539131632764,34.29876301597601,17.233120180072053,8.095026922624287,26.83375713590327,359.2882233777289,0.7276436882679004,1.388655695828368,7.609763015256101,0.026007530993633822,11.0173756056522,0.26544526348598285,17.34268348592989,17.362292160890547,0.388655695828368,0.7276436882679004,17.762869116536294,17.782014448261332,0.388655695828368,0.7276436882679004,0.018965239302889878,0.9185112723845402,0.6609914138289331,0.6374901003467264,0.02811374225151848,0.9084651817525008,0.6606373873484287,0.6229581417644862
104,77,1.7135197349036018,9.194184477694906,31.436222411978203,14.282983791063998,4.563435107190707,77.03492383432175,198.69606906822378,0.6741637829277047,1.49647063210579,7.767246056633528,0.022459289397592543,5.1281662590616355,0.19171520663848737,27.931485230771514,27.944030616422573,0.4964706321057899,0.6741637829277047,21.94844325789989,21.96440623690989,0.4964706321057899,0.6741637829277047,0.03464463091115136,1.2052349720260445,0.8234951651575031,0.879344528785997,0.038317938739621964,1.210758470713619,0.8235794153463041,0.8866706020802583
219,108,0.7630216899298916,4.2206201752890955,40.87940956520068,13.735436434265795,9.439126768090198,47.82040799477254,358.6037260809033,0.7734058965207953,1.2044537058260643,3.8380410882333074,0.01903123445064514,5.373980291545637,0.17885624812201473,16.72828064970017,16.747397752896784,0.20445370582606426,0.7734058965207953,29.278695657930513,29.289622350387486,0.20445370582606426,0.7734058965207953,0.0061982901436830684,0.6111977637446022,0.43126667032449584,0.43305120560150834,5.152630870865963,5.209410363683851,0.4056988444698826,0.650968427384601
191,123,1.2683384723533841,3.545943287144039,42.19995791604493,14.658671232864211,8.936966721173636,38.71590878451805,160.57676041990752,0.17329334492236903,1.1413950932931622,2.336718249376301,0.07513464047147317,1.821479769985111,0.2367936143715663,6.294734108985878,6.298706268642157,0.14139509329316224,0.17329334492236903,7.416249712737515,7.419621483437079,0.14139509329316224,0.17329334492236903,0.06660838558406561,1.3396090015798152,0.9661090425684362,0.9256073238425965,0.09679775001857692,1.3099438376854466,0.9659496434227444,0.8795023250980578
129,79,1.4687409555127053,9.799454265809606,41.3062252749529,17.48357571443591,8.227097440028277,43.908264354955946,122.31760124724178,0.13665987856799555,1.1857183336177979,3.3785265607041373,0.13497024567503368,2.3733271099310596,0.2577075308487131,24.14634959897491,24.147450510929055,0.18571833361779788,0.13665987856799555,86.46774697673331,86.46805441580274,0.18571833361779788,0.13665987856799555,0.14602313699028444,1.4232555122799613,1.050818254641501,0.9487436389304549,16.948873429122653,16.98227109872157,1.0033738195063593,0.35561514644798664
68,59,2.8607095674430307,5.709040054347602,34.541822669896334,15.088455213013086,7.124802369041167,40.84483271847369,118.00784368591937,0.3042756241748297,1.3801799542182838,6.011058445599561,0.1374597680643583,7.425591675257819,0.0029830388412716903,26.83145946026759,26.83587779859343,0.38017995421828377,0.3042756241748297,17.935965172548844,17.942574149879984,0.38017995421828377,0.3042756241748297,0.2232203469790825,1.3982861898076413,1.0747249538905965,0.8662235385777529,0.13372634297160996,1.6724988803013037,1.0879691981077169,1.2632073439358265
284,244,0.6544666012728215,7.853174476693632,34.612648341047176,14.777002835909304,6.955453648637128,37.55640101007923,358.75781779219096,0.7610166940767872,1.0887100720646243,2.359807433578421,0.009293976940822835,4.463163824009245,0.2800893584267924,12.111991789781708,12.136200435115136,0.08871007206462433,0.7610166940767872,7.934213280531474,7.97112013875787,0.08871007206462433,0.7610166940767872,0.026257081543530073,0.47626459372614394,0.3279023847961037,0.3444104454730915,0.046352921139249166,0.4891351070217435,0.3281749671572264,0.3597301079342462
120,69,2.7051748674099105,2.542725724552442,29.55664336993703,12.519302298570897,8.322088822375742,44.35205304069007,359.5495467078131,0.2176482164984932,1.0761646154946853,1.159073974423685,0.1688261810336179,0.45918763271572505,0.2505458815987603,3.417103223863981,3.4248746308938145,0.07616461549468534,0.2176482164984932,2.7968917862790894,2.8063812034279776,0.07616461549468534,0.2176482164984932,0.12439434431527065,1.324470066088445,0.8620813916348014,0.9977788719268954,0.329533793562455,1.5561315894183234,0.8629594934243492,1.252299451087768
95,166,1.9020624913209947,6.1078100958272135,35.40623642824629,13.31241008493468,7.991672053635786,59.100647603578004,357.88592400073367,0.4704392306364791,1.3612618433609638,5.2815233160795065,0.02324607038785589,8.336611420465307,0.08394806750503349,50.45177710828888,50.45526371523245,0.3612618433609638,0.4704392306364791,50.691615674069226,50.69508578587012,0.3612618433609638,0.4704392306364791,0.03693235973524662,1.2497814105276104,0.8910569983356449,0.8755609633953767,0.012582268904057859,1.252800205025927,0.8910119925295736,0.8805950655044066
105,92,1.6786744073615676,9.182595519170853,40.141015995007656,18.181911287862206,8.313741061530822,38.912493440478734,358.9347563078098,0.2710090249910657,1.2254964268509747,4.3592536878803685,0.13346301302304953,3.558393111402031,0.21296555705221648,30.09650809952841,30.098572961440023,0.2254964268509747,0.2710090249910657,24.12017161370088,24.12274804421194,0.2254964268509747,0.2710090249910657,0.07423705852649386,1.3587262300972345,0.9560181877215703,0.9626292392407064,0.05974917681834716,1.3475924282482736,0.9550942610842847,0.9488046906426382
58,29,2.7181495841895886,12.492735514179763,31.95406971037007,18.319497228742115,5.752426202499342,44.779352153595475,119.61320670146485,0.5438223687381304,1.22629368924268,4.651663128100445,0.18849833204151864,1.894230821574785,0.2709665152145194,12.410492902712964,12.424463195278092,0.2262936892426799,0.5438223687381304,14.342054607291402,14.354145114253916,0.2262936892426799,0.5438223687381304,0.19130041137234086,0.9873727466615871,0.690194072446472,0.679662589685922,2.3643394047692934,2.916476717544244,0.6962006914249851,1.5591793419270927
65,58,2.367960214431712,4.518933382777802,36.19627898298345,18.370776812640855,10.780016402205698,28.559459506191022,143.14889422973977,0.055295492377745226,1.3795901448221852,7.023245291951542,0.08826821051254519,16.77522524761965,0.14782382273745742,15.537731311544844,15.542465717487831,0.3795901448221852,0.055295492377745226,16.765099765744072,16.769487661371034,0.3795901448221852,0.055295492377745226,0.060195882940671484,1.8277759599042884,1.3230106975352776,1.2596761923162056,0.12807358765723795,1.7641361012446146,1.3231357444486083,1.1597780570529779
256,83,1.2621508626165348,0.9058552924955242,28.838004615683978,8.984391830870923,7.414541421375051,75.05333711651099,347.47555601498505,0.568616587419903,1.0308379791525164,0.8417859642782187,0.0560331095738857,0.055366656911937824,0.07227565656662803,1.9047942633266302,1.9880938081613018,0.030837979152516404,0.568616587419903,1.6646387516503967,1.7593458949119296,0.030837979152516404,0.568616587419903,0.030926349868695618,0.6696149042006421,0.4629896062397152,0.4827714835462298,0.14395355387410258,0.6600596913211725,0.46761034584301275,0.44305387358039805
110,71,2.2600363730133877,8.421326210001267,40.33448137071182,19.804512869840014,9.266627276861573,16.630245933752988,95.27275944051806,0.9003274612796435,1.1697093855538807,4.2677036684622,0.0903266615091646,2.477317890392856,0.17928043908895988,8.980391158426196,9.027004828370188,0.1697093855538807,0.9003274612796435,50.22460071717926,50.23295639331974,0.1697093855538807,0.9003274612796435,0.272361329149421,0.442059345629327,0.2673443461130218,0.22307570921906839,1.1643138866198575,1.3200265286182873,0.2784869161796504,0.5561368960938986
86,112,1.3473882443880156,16.315669708603625,34.412097830451444,23.783414937720796,5.292082401979294,17.062101494624468,358.63239808730634,0.9211157581799814,1.420735203365027,10.916611078471854,0.07462974272667876,4.986850443093053,0.2860774788445905,34.18998685986638,34.20498024892214,0.4207352033650269,0.9211157581799814,35.828302640497355,35.84261070918785,0.4207352033650269,0.9211157581799814,0.15815784496349988,0.6739502637685627,0.4983134802234708,0.4252984005822139,0.15614135077573763,0.6339198226446143,0.4975064377690044,0.36050182315503365
49,66,2.5640065092108983,12.94002117753696,32.028632245167856,17.799385050668945,4.953074114584841,84.8576453389978,194.41604138618894,0.746023791020798,1.2592101905018074,5.3590432988027334,0.015645933608385423,1.6426854474767314,0.23700598942879214,106.40486859249455,106.40779953370742,0.2592101905018074,0.746023791020798,118.65881966828728,118.66144793693843,0.2592101905018074,0.746023791020798,33.89761985337576,37.74135874626489,0.7649033969596096,16.57638232798733,33.66581504536757,37.46323057908682,0.77017979302517,16.416862240980873
164,127,1.7888638811929254,6.424043549242794,36.1217223504545,13.85022746567555,7.841033025745333,30.701124498827603,138.15943912963954,0.6077985338569307,1.3059315972170726,4.83982235593578,0.07738684162113807,5.740633267020708,0.017052421600414813,25.5589738294506,25.568029967411942,0.30593159721707264,0.6077985338569307,26.699210760019792,26.707880267963816,0.30593159721707264,0.6077985338569307,0.045611943358597216,0.976504657801743,0.6966352964195475,0.6827738726064438,0.1359431621073093,0.9907422421045287,0.6945902328442832,0.6932777620866681
229,139,1.435949971466995,9.891312544394818,24.497849001976913,14.976948743987142,3.6748249768805272,35.302592200960746,358.5255122146277,0.42888579581243447,1.1603884951734336,2.7976749532973675,0.19954644248461034,0.3641021830195945,0.1182428704290216,4.20367808441047,4.228543121760324,0.16038849517343357,0.42888579581243447,30.57800842948779,30.581436640698556,0.16038849517343357,0.42888579581243447,0.06020318457776439,1.0297350244573955,0.7269402581708885,0.726833996323377,1.1803708388288745,2.5344796652558497,0.769503695101171,2.106697870997041
343,288,0.8838895381860037,3.5828405896265694,33.395456497219854,11.43335219734655,6.863322412472619,50.940027075820495,358.702033997567,0.05680607305162755,1.2375287861062843,2.8088030806860504,0.11390327426615926,2.8039551068719955,0.1690836417513418,12.024596226144547,12.027076172369341,0.23752878610628425,0.05680607305162755,12.01397768400686,12.016459821677078,0.23752878610628425,0.05680607305162755,0.008594215971511094,1.6585857507063675,1.1795166456084576,1.1660074247750791,0.026798783516494028,1.7017012334896522,1.1839564855791374,1.222013074200656
58,55,2.7642881129358714,12.595226525228684,37.52261277455588,20.701467447071572,6.696288379335111,34.538613991248276,120.44651174049135,0.6689097515523796,1.2176919290695678,5.169231215289926,0.0673947792670142,2.1008235236154125,0.295243189153997,25.305166807419468,25.31494217222366,0.2176919290695678,0.6689097515523796,25.949979411664362,25.959511965703594,0.2176919290695678,0.6689097515523796,0.06413706615054447,0.8278532771976514,0.5486922935422684,0.6165746121272083,0.021513698860961005,0.7386569302590066,0.5462935897543235,0.4967036693787491
160,105,2.463080879829281,1.8071313668495037,32.16887365684094,8.240788776787747,6.328329696210261,92.16187835547845,355.5923087444436,0.8503699239344734,1.324776380324689,3.5072767872817368,0.0959749327470523,4.248073265247742,0.03541686460359632,40.498718239123164,40.50894700824296,0.32477638032468903,0.8503699239344734,99.44713245927801,99.45129844842617,0.32477638032468903,0.8503699239344734,0.03586409049026075,0.7051024412493435,0.47535589828362357,0.5195382465575173,0.40801280671762197,0.8091160386378488,0.47476589179588713,0.5126320917799326
77,64,2.78224452608157,6.646303541481136,34.56831679939981,14.224091376939743,7.2370401369280195,39.31814817590165,178.0046942288493,0.6157783817656225,1.2465860251562146,4.096833586490206,0.12799426888838633,3.1726952003480746,0.078096709704706,17.76128271216166,17.773664542366745,0.24658602515621464,0.6157783817656225,16.334546104119323,16.348008567126822,0.24658602515621464,0.6157783817656225,0.28627784793519206,0.9231037213790718,0.6335355177076262,0.6072875941499349,0.028500391164592038,0.9038226273538944,0.6291133005794421,0.6483051167886942
326,316,0.951502271603532,2.9266748373915408,28.362885015498815,12.14328216184158,6.476306576863312,67.74689588290958,358.9324463045282,0.5134834696682967,1.0297625320995278,1.0228068745570709,0.114757982625797,1.2469402233433617,0.2827449970404088,2.9758952866583495,3.0200171918542034,0.02976253209952784,0.5134834696682967,2.172556786477272,2.2326114915963364,0.02976253209952784,0.5134834696682967,0.08746586959661458,0.6819260229756253,0.5149801316393529,0.43837003374292804,0.05933444632896302,0.707341558437889,0.517042594259523,0.47903910017195794
