[121],1.7183580016554572,3.006107727524623,10.381725462122201,6.312119457375675,1.9758381973667838,70.691451043623,208.27494722630635,0.2,1.02,0.37816402923414516,0.24797345514340416,0.5598501537948651,0.1,0.11532675536664204,0.2395506502360259,0.20900778340795234,0.020000000000000018,4.24001044711753
[93],1.7183580016554572,3.5337009258941756,10.276671483999,6.512711318922111,2.3091023344861386,29.609165950220127,149.4653161122874,0.2,1.02,0.38774195081151586,0.2893026323393749,0.5313436065948302,0.1,0.2711010172332817,0.2732816123779,0.02805491256348261,0.020000000000000018,2.3839834178933392
[93],1.7183580016554572,2.314510275758221,8.63474821650578,4.359891639488458,1.1572985874255435,39.43958018069607,186.071519753287,0.2,1.02,0.112558047653904,0.1717932416318129,0.4193206743373116,0.1,0.6394498798586631,0.6543535100987452,0.13741312647374648,0.020000000000000018,3.7805869499472484
[103],1.7183580016554572,2.501028794264274,10.045438966126866,6.360622580084567,2.729265719202734,44.437699186328196,183.32578318344656,0.2,1.02,0.06502215225929116,0.3583258508329985,0.47932462970819234,0.1,0.44609105924686704,0.47546034718305624,0.16329515793017416,0.020000000000000018,2.824941708758099
[101],1.7183580016554572,2.1116095238062305,9.542528126957341,4.496007740158093,1.5402689467308022,40.33954536734444,125.73092170876687,0.2,1.02,0.16477993042207253,0.17761335890052035,0.4187740012451067,0.1,0.22258174772375464,0.2526909753240019,0.11794106405503638,0.020000000000000018,4.3710512288828065
[86],1.7183580016554572,3.005064271769998,8.90276373136194,4.751314939277278,1.7776024730804767,44.27557183165805,160.847506946159,0.2,1.02,0.5069669568052777,0.2343491704232601,0.5463306114516876,0.1,0.3199328313432387,0.32597297563632593,0.059172326926524854,0.020000000000000018,1.9841880967850785
[134],1.7183580016554572,1.7545786539081538,10.097924329082383,4.820141103187266,1.3371168585335174,68.65157191001214,204.61504713534518,0.2,1.02,0.5252976067607749,0.2250749490311667,0.5629471288495377,0.1,0.1740663343241472,0.286732952646067,0.226972900118243,0.020000000000000018,2.3115774896509715
[129],1.7183580016554572,0.5295009687762015,7.156286846538798,2.8187146087977233,1.7739331982780566,81.63638379879212,223.43193435403447,0.2,1.02,0.20184066393879255,0.09078542645477684,0.34142263612802876,0.1,0.4371386372099113,0.4690615635597105,0.1689040031122468,0.020000000000000018,1.243244148180795
[108],1.7183580016554572,2.2261453849453208,12.347105957056298,7.404492690066593,2.804875962186211,71.09022807036517,168.3457482702516,0.2,1.02,0.4600161580662968,0.3712208927558787,0.6480841905343719,0.1,0.21823193204358607,0.41433739057478913,0.35163944185038315,0.020000000000000018,4.204875830446293
[124],1.7183580016554572,0.6147002063332259,6.265511410033848,3.4948800897271806,1.5149897929059055,40.49929830713035,226.95916799133843,0.2,1.02,0.10988391830352366,0.05590905456446933,0.33859257097450407,0.1,0.40402849292761456,0.4253940092594409,0.13160942221764288,0.020000000000000018,2.5569006484201795
[61],1.7183580016554572,3.93143623038073,10.595732228148012,6.232596015340754,2.1747593838736976,48.439412486752616,122.63759954076707,0.2,1.02,0.3778305501540859,0.24154284310758162,0.5801910617908494,0.1,1.8825979481897002,1.8830520499968166,0.03619376284865705,0.020000000000000018,4.541983517178862
[142],1.7183580016554572,1.4015973638254906,10.872439662586697,4.234564064083134,1.6644167590958443,66.97519433609065,390.91269602297103,0.2,1.02,0.23128509836373748,0.14206478991105484,0.41557274530040444,0.1,0.8530457903039813,0.8597528843589809,0.10529910639812298,0.020000000000000018,3.9153673920116367
[151],1.7183580016554572,1.5384585911319122,9.017146798862374,4.380118899458448,1.6605242285898778,77.87122364106321,237.25698140165312,0.2,1.02,0.3976535132298667,0.18345791368327613,0.4936100578694526,0.1,0.36963846281502083,0.3988253152895806,0.1484218276520735,0.020000000000000018,1.2579652417685137
[107],1.7183580016554572,1.5496108891173157,8.65403510659553,4.393748716369918,1.3591798376736626,49.73933332399925,185.05945344996488,0.2,1.02,0.2630525206768819,0.17865818553158366,0.4615801055317474,0.1,0.7669920755443244,0.7682906166332745,0.03992026626848369,0.020000000000000018,1.3233960127165572
[107],1.7183580016554572,2.8420356387934427,9.215479436064946,4.229453675959356,1.2524073953273294,54.1554485438699,163.73658826976825,0.2,1.02,0.5542440439634246,0.17583640940419368,0.5623428479881041,0.1,1.488617944750973,1.4928600498027715,0.11066952092840415,0.020000000000000018,4.6640898776859565
[102],1.7183580016554572,2.3493291517301182,9.774016756625327,3.8721301231272123,1.3354019407627544,52.272826861870456,199.39596185850246,0.2,1.02,0.34816847834179915,0.1660949527687331,0.4581826302514493,0.1,0.11270402528799882,0.12017337666050407,0.03659840354263427,0.020000000000000018,4.113337290663813
[116],1.7183580016554572,1.1806399933205525,7.714792120064379,2.77192446776731,1.6667138750512511,69.741395836373,242.28078580749303,0.2,1.02,0.44905624299809305,0.17332545991741732,0.4551879596957807,0.1,0.3900802261831578,0.39408297895018385,0.052333654937788326,0.020000000000000018,0.9336172836882866
[111],1.7183580016554572,1.301390221236355,7.662077716939982,3.5876026170880677,2.1030958254271597,63.08647996560326,250.8414896968877,0.2,1.02,0.17025544866000814,0.14075832967347382,0.3989941204704112,0.1,1.3021907630518543,1.31071555317837,0.14790022977030925,0.020000000000000018,1.7579160669036993
[125],1.7183580016554572,1.687946959777479,8.665996398903559,4.313221057046051,2.459354295319031,45.12241405421519,139.9562467499268,0.2,1.02,0.21234267909423685,0.16423196762938938,0.38123072095063026,0.1,0.33829480263250683,0.36332381480247483,0.13099931646560703,0.020000000000000018,2.1277875596411393
[103],1.7183580016554572,3.1122199606801666,9.732354504124887,4.7129093255035714,1.1968250049467244,68.47719512001032,129.13535865371642,0.2,1.02,0.15032462280820594,0.16870781809392277,0.41996287580399444,0.1,0.45084919053817946,0.4753584228060337,0.14933397980268326,0.020000000000000018,2.779650139856626
[97],1.7183580016554572,3.2727154883883145,11.29432320095094,6.194228298012044,2.377459514582984,16.40827800071663,137.83117335900346,0.2,1.02,0.3077833244877278,0.18198070243220643,0.45487508445041386,0.1,0.9322171870381863,0.9324419241135051,0.004365550951132197,0.020000000000000018,5.026100599774676
[89],1.7183580016554572,3.2450244439881213,8.498206628333675,6.237859797452153,1.423808691043396,26.30167956593152,172.06314924991784,0.2,1.02,0.4851072638839719,0.3995608377393317,0.6378269591333163,0.1,0.3641346893027411,0.3693836246828736,0.05873831994749412,0.020000000000000018,3.580388470315358
[108],1.7183580016554572,1.1739541186806626,7.976878627467021,4.432784411236227,2.2911752919932638,77.45371734568393,303.524986681879,0.2,1.02,0.463090360443102,0.18502182865379488,0.4823138194761725,0.1,0.30367667186479,0.3091609302819571,0.05441470185464392,0.020000000000000018,1.701939654329547
[108],1.7183580016554572,0.8897877095827185,8.752569853706408,4.252896177758918,2.33204234879152,94.25354691613663,187.2426857598214,0.2,1.02,0.04527348482992357,0.2144016369607351,0.41442674633101423,0.1,0.8481038167591941,0.8523433914429339,0.08251771285566292,0.020000000000000018,0.11775467096466388
[87],1.7183580016554572,3.9823124961565153,15.04218457663862,9.815077592945858,3.5707910248915806,22.04441905362507,90.41137503136275,0.2,1.02,0.4447862039722629,0.41364817611238763,0.6373986517087127,0.1,0.4419749784504235,0.46147659313240585,0.1312202897148142,0.020000000000000018,7.039958318778298
[105],1.7183580016554572,4.498360461496524,9.893771967408235,7.16598129221339,1.5334215367400819,68.26013541644342,229.47532644014242,0.2,1.02,0.15085266618930018,0.3889201458500728,0.5639856715337143,0.1,0.4232706679293744,0.43432549645617324,0.09529206967278338,0.020000000000000018,4.2796375253900445
[109],1.7183580016554572,0.25347467504107096,8.321224749359319,3.7146743778532465,1.8301046886409305,34.165687174872936,208.81523518385887,0.2,1.02,0.11195077928283219,0.13551873909786932,0.39506457322121447,0.1,0.703945627779406,0.7270140383716158,0.18058229459075822,0.020000000000000018,2.3498684567628767
[89],1.7183580016554572,4.167992036189076,7.775563195157944,6.3034524606576605,1.007009511749863,82.18879956852844,173.8415025233325,0.2,1.02,0.28320159995526833,0.36288215233355636,0.5472302363772342,0.1,0.11539310909043717,0.13337245962685695,0.06381726538610105,0.020000000000000018,4.047733171754204
[102],1.7183580016554572,1.9633472102327156,10.287457409501462,4.95757781757756,2.5176770391628893,86.49358522815632,171.91845773520075,0.2,1.02,0.38223763417512613,0.2469547991308201,0.5144426321853353,0.1,0.14490000432814426,0.1466059908129545,0.009864344273790987,0.020000000000000018,3.76766857607098
[111],1.7183580016554572,2.245409972987966,10.29795149687633,5.445362440104329,2.7322850699652323,82.99916365684628,170.28875768388198,0.2,1.02,0.5182782102569645,0.4438046571939821,0.6877565669204774,0.1,0.16491530028096657,0.2814287274328476,0.22716749846250156,0.020000000000000018,2.5127899068914616
[132],1.7183580016554572,1.4443316285195364,9.643593901946451,4.102871222599141,1.877967880732265,56.56546478623108,246.53584151258048,0.2,1.02,0.20725984637221273,0.1474703921134434,0.41597368725441397,0.1,0.05650717040016542,0.061414875551181955,0.013368868027392455,0.020000000000000018,3.1718393800176554
[130],1.7183580016554572,0.24071683652136108,7.2976752257807735,3.3429457595475194,1.8953609965720506,30.300478818195423,557.0609689122352,0.2,1.02,0.06405912943233778,0.15189882374347144,0.38680086521762214,0.1,0.5932338545791755,0.6026894978448104,0.10444244632123162,0.020000000000000018,2.550753239258938
[99],1.7183580016554572,3.5175890269742642,12.144702400183439,8.184842726470713,3.00847159581542,17.19140259793619,61.442902717274926,0.2,1.02,0.20484640525053652,0.44128471606791425,0.5630640544047673,0.1,0.20527363965256495,0.20914006405567284,0.03467418718585716,0.020000000000000018,4.774585050637841
[76],1.7183580016554572,5.180693289669077,11.054949913289855,8.368086001969242,1.8735940751428626,24.329826754144776,114.10708149954733,0.2,1.02,0.14090042369815117,0.6477083244485333,0.6871944637568561,0.1,0.5276616261493586,0.5557706692425157,0.17336160209137536,0.020000000000000018,4.982392681046733
[129],1.7183580016554572,1.3261422871446022,9.231511511069078,5.403443266884823,2.743812457820215,84.21983481486326,328.69728705152136,0.2,1.02,0.24518182851370096,0.31639107577631664,0.4643435865937179,0.1,0.5030833614338144,0.5112030121240752,0.08851921290421318,0.020000000000000018,0.9546689370975283
[104],1.7183580016554572,2.074893016944068,10.613099237780597,5.177470111830526,3.025216210496116,48.04539145326083,141.57982151775582,0.2,1.02,0.10396929490391701,0.21745547720353647,0.4671959689407282,0.1,0.8938895805572974,0.9090647402741452,0.1641953707654331,0.020000000000000018,1.9283795414658818
[102],1.7183580016554572,0.7759826089041699,7.4974118852412746,3.2526985030719127,1.6763827210905018,84.8991081302598,248.8359631116943,0.2,1.02,0.09590251286671887,0.14716823354192396,0.374230473643417,0.1,0.7288672228587119,0.7528858413843618,0.18758907643908096,0.020000000000000018,1.7858309906958612
[108],1.7183580016554572,3.025270753493015,9.589383238160396,5.804444890223568,2.1924207245366722,17.989483162122124,140.65988080926184,0.2,1.02,0.521077231988132,0.1691773071699228,0.5317430185218557,0.1,0.22285453850212877,0.25628261177800304,0.12496652259208402,0.020000000000000018,2.2750267611775428
[102],1.7183580016554572,4.664776648248108,10.263881128018928,6.549105425974308,1.5901810578730518,25.523334631889828,82.62944486603163,0.2,1.02,0.5192795118285183,0.4244292025252426,0.7102639390238489,0.1,0.5098674386311678,0.6617884731833533,0.42142517516404526,0.020000000000000018,3.950449425108032
[144],1.7183580016554572,1.7162716420745303,7.758060231337657,4.115719090156521,1.2011689764562303,67.87540230637924,225.11311438349324,0.2,1.02,0.003680372381475849,0.12507801337251612,0.3779680898698344,0.1,0.3056723961678492,0.32679981096427346,0.11385298708110529,0.020000000000000018,0.7137340290947364
[110],1.7183580016554572,1.1314833837124407,6.960834415372919,4.148060343730898,1.9071518995608054,72.40683402128302,314.8193309002276,0.2,1.02,0.39806960075820563,0.1710182331242163,0.42786010947303305,0.1,0.9042690481427422,0.9062572845692196,0.05656637168667025,0.020000000000000018,0.873450894642504
[114],1.7183580016554572,3.7261341119917923,10.005995826309197,6.525365260063049,1.8790356884907864,57.55003020081395,153.82424634486995,0.2,1.02,0.5941826952428438,0.3858562238149586,0.7148923388519616,0.1,0.4157586105348274,0.6463880074450588,0.49453233861391005,0.020000000000000018,3.6853724616985892
[108],1.7183580016554572,2.8163551285130493,10.407780791333158,5.952868696924075,1.2101775076880152,40.23166713223028,145.74065689441588,0.2,1.02,0.5332353727723373,0.25477254378953396,0.6091779928585541,0.1,0.21681291746885162,0.52214895221417,0.47458580585285154,0.020000000000000018,5.273197706407349
[94],1.7183580016554572,1.2430289624308053,12.34210602603826,7.139206553288274,3.3493311408208624,74.3715382742061,173.14009279322312,0.2,1.02,0.526989304551234,0.6505432901133332,0.7141188559306799,0.1,0.6706476693042653,0.704414906313941,0.21455084221236487,0.020000000000000018,5.1881754463072385
[85],1.7183580016554572,2.724068985536306,11.786931749663948,5.336522329623522,2.2381068746542523,46.01813020139331,125.37848101314596,0.2,1.02,0.33486851193326184,0.18352723997487225,0.4470597125003657,0.1,0.38986374593123446,0.3988014981386238,0.081540753774273,0.020000000000000018,4.821126345593994
[72],1.7183580016554572,3.8720384414417297,9.516995792261024,5.753548075309307,1.5497031199894176,38.19443380555117,72.03313204639831,0.2,1.02,0.4923006747471523,0.3156906160801071,0.560978974796884,0.1,0.7834499144696018,0.7868739632960616,0.07054690376498013,0.020000000000000018,3.57090315596728
[95],1.7183580016554572,1.079396582175095,9.731973690053305,4.201803693042383,1.9569762854968038,56.24175532202401,136.84055108187246,0.2,1.02,0.0006078803444531155,0.12976668764030014,0.37968643098888527,0.1,0.44852277281357716,0.4875330906956964,0.19004167119586793,0.020000000000000018,4.132627558482415
[114],1.7183580016554572,1.7051316556152718,9.587325240886253,5.405293643200763,2.708369239617129,81.35644911058215,183.5553304370313,0.2,1.02,0.5836523007239299,0.392630930829676,0.6619831823149527,0.1,0.4805972446718204,0.5004993011226138,0.13829619965161438,0.020000000000000018,1.4176386625089552
[103],1.7183580016554572,1.6876043254277466,8.272661353872936,5.0544240926037185,2.212928611709549,43.085231302334016,117.83718001919809,0.2,1.02,0.15338565569874155,0.13703388130173214,0.40087957609475094,0.1,0.5537405866143421,0.5766382776499028,0.15963416296974361,0.020000000000000018,1.1391854495163005
[90],1.7183580016554572,1.6243259791915257,9.777750671436158,5.801215098339935,2.487697235150663,22.286747162519333,190.28859436364277,0.2,1.02,0.5824724667282986,0.2862164850131474,0.6037576160092206,0.1,0.6999368936780629,0.7010859070404939,0.03478209193099363,0.020000000000000018,4.600495549399303
[103],1.7183580016554572,3.3948251303493038,8.717126530252642,4.67149210095383,1.1870634792758998,74.5970685039683,293.3571303951693,0.2,1.02,0.09969270977476631,0.20217928181788192,0.4114374778099971,0.1,2.3934087563772644,2.3984134598543734,0.15356317692488342,0.020000000000000018,2.7068169842677463
[109],1.7183580016554572,0.3772773580806882,10.00213117708319,3.7822838526823497,2.071684519901504,78.82780015143348,216.11291487038548,0.2,1.02,0.2092847680814302,0.10033094623921524,0.3406447688734093,0.1,0.18504158990146455,0.21461451938984558,0.10685973020587602,0.020000000000000018,2.136457005361484
[90],1.7183580016554572,4.212287383959304,13.233390218472376,7.981090372711893,1.988885122993114,58.42993902328994,109.88230292067301,0.2,1.02,0.0543880553916815,0.4303410030962341,0.5618542754138813,0.1,0.6175451474549736,0.6383165317667857,0.1602684796882807,0.020000000000000018,6.141685220847358
[92],1.7183580016554572,1.6450591590752326,9.752224132688006,3.9372569814415814,1.9537760552729306,72.5823243279659,191.15167219030656,0.2,1.02,0.21810065466023879,0.10628244343422484,0.369286466181663,0.1,0.3679621461329639,0.3904465566235971,0.12904407228713421,0.020000000000000018,2.7029410287560114
[134],1.7183580016554572,1.1595844167651932,8.947988338951847,3.035780700335899,1.5472862447146387,125.58306440534115,221.35064156970608,0.2,1.02,0.17654366863282026,0.063908275639588,0.3268575130363246,0.1,0.10857809867748743,0.14287339913518718,0.09068409269560072,0.020000000000000018,1.839631911495421
[87],1.7183580016554572,3.9074849278537656,10.837830330137919,7.56763768316766,2.356683790700476,25.35236289655978,95.66869429391154,0.2,1.02,0.05199561221036544,0.3977397649325065,0.5403696776163094,0.1,0.37896121167529745,0.41207757497034125,0.16061235269750454,0.020000000000000018,4.710416484051151
[74],1.7183580016554572,2.106496008616248,9.496199065232945,5.739791196299183,1.8602758068161018,49.78963379935482,167.52995918457106,0.2,1.02,0.0843472305844221,0.20482408771492303,0.4366311276869791,0.1,0.5340772260720372,0.5643797190317658,0.1813449305758859,0.020000000000000018,5.001931633733374
[107],1.7183580016554572,0.991030029671411,9.516884616754943,4.605298676557087,2.278440467119724,50.202291515011964,136.36587485314837,0.2,1.02,0.30096561360309276,0.1256062225223351,0.40824524946874563,0.1,0.5127533305338866,0.519073951279899,0.07824186170927745,0.020000000000000018,1.8714419735483054
[117],1.7183580016554572,1.2911307267026397,8.37651910377758,4.8192471198537605,2.2178142618703642,57.9745721272231,248.2057193561208,0.2,1.02,0.1567222073014009,0.2564841484520303,0.44149236271036973,0.1,0.1751241424541213,0.21200020238478998,0.11779482391387379,0.020000000000000018,1.0792882587811472
[121],1.7183580016554572,1.8462457021194265,13.388503475875583,6.9682145085711324,3.2704177461490223,43.389676651544676,161.26984343122132,0.2,1.02,0.5034284957507902,0.39030545602887606,0.630883820272079,0.1,1.5506251691279496,1.5686898511143688,0.23653632671566094,0.020000000000000018,2.53034743776815
[94],1.7183580016554572,3.7372751354426876,10.39790179346459,5.750874664911728,1.6057139857386649,55.64845647780519,179.09940696382822,0.2,1.02,0.12912788294887123,0.2194172844667855,0.4772842899203344,0.1,0.2841085430808785,0.32042923936773393,0.14682381683584286,0.020000000000000018,3.3970402713832475
[127],1.7183580016554572,3.186103127589311,10.415609613008076,5.324526922340633,1.4125210733824685,78.58428846980036,282.4501694702976,0.2,1.02,0.3405135673109665,0.1756467101174206,0.4176684485204072,0.1,0.7329781851596535,0.7332511022968059,0.0003988728389322793,0.020000000000000018,5.147167804007427
[106],1.7183580016554572,2.3508269062830567,8.488696611444562,4.935725518998986,2.0648955852314237,26.07032725598573,154.14302225844895,0.2,1.02,0.22956022838118073,0.26735043076007287,0.48699190795818575,0.1,0.8675952130999596,0.8724696232667124,0.08989877490374897,0.020000000000000018,3.215924762141906
[86],1.7183580016554572,1.1553043244142318,11.585561581891172,4.394533741559053,2.725628031665878,76.41551624517207,153.62042885233936,0.2,1.02,0.32208719890339316,0.25727160247798275,0.45803732014371445,0.1,1.1581483411545472,1.1660469172308718,0.1340068396186934,0.020000000000000018,3.9115736608955394
[100],1.7183580016554572,1.6680312267341273,14.04365262450306,8.600616715729377,3.6876441425982973,60.21240943446535,150.30622561554586,0.2,1.02,0.2775936503350412,0.644266917681206,0.6084322138605215,0.1,0.49387033861101004,0.5007090198714889,0.08001006949699035,0.020000000000000018,4.841285604226826
[137],1.7183580016554572,2.6934404378983796,8.885474086122736,4.937178353647206,1.4593151704365566,70.05780464032884,151.32251014641594,0.2,1.02,0.5721088435350211,0.221786377425855,0.6273040402851349,0.1,0.39214831537564376,0.5353287479909685,0.36386339081257196,0.020000000000000018,3.558741970934052
[89],1.7183580016554572,2.9392295682744143,6.884117589858713,4.793054935194036,1.028940507770013,75.84622373873724,200.72187955246525,0.2,1.02,0.07375331955483488,0.1530262598064451,0.4193809470056769,0.1,0.6258398988100242,0.6442406042787452,0.15155981412927796,0.020000000000000018,2.3271067669342
[89],1.7183580016554572,2.378397773434636,10.269918732348863,6.095063957783872,1.7693125764078461,79.23729457699307,148.79582308434817,0.2,1.02,0.27222004112636045,0.33498283056511047,0.5228889528349808,0.1,0.26827432767811593,0.2849308786865619,0.09388551931981397,0.020000000000000018,5.9173633335185425
[84],1.7183580016554572,4.480778006346685,10.521901236947702,5.84021619950646,1.2435889132960725,40.41813698571027,107.03323558336834,0.2,1.02,0.25611673895019976,0.24120891097662897,0.4682663652896622,0.1,1.5792242371807779,1.581136634725751,0.07512567053053666,0.020000000000000018,4.965314783597385
[98],1.7183580016554572,2.2667468539794724,10.444780864947733,5.254120203915705,1.8578807606881103,46.58237549431463,106.89478397280993,0.2,1.02,0.33847831065058853,0.2441273979327229,0.508371895346804,0.1,0.5573090894784325,0.5626354750536693,0.07460064727325563,0.020000000000000018,5.360182402112133
[110],1.7183580016554572,2.105736593434065,8.522870107752235,4.291987298189533,1.8923464774928516,57.001788432955095,172.72864089179572,0.2,1.02,0.5207198375579765,0.2715879370973605,0.619214517944914,0.1,0.5946563476180425,0.5985159030569179,0.06484685381425842,0.020000000000000018,2.573323503236391
[78],1.7183580016554572,2.9017286347008096,11.943625734049471,7.742067318439525,2.7445232106315256,73.09631661136997,152.17174763098174,0.2,1.02,0.14301492109960137,0.4240937618059026,0.516189740888228,0.1,1.3158482671673306,1.3254219503375213,0.15775514010406166,0.020000000000000018,5.866492618802646
[87],1.7183580016554572,3.9602371195415134,10.128019083527935,6.401594644287073,1.5693487264479782,43.01848520715691,99.87190733107695,0.2,1.02,0.3517917348881627,0.4126744024642765,0.5987021554152862,0.1,1.0585738529760866,1.0598199919615587,0.047326664331658025,0.020000000000000018,5.536342643888397
[89],1.7183580016554572,2.606924600476826,9.764350384247317,5.38481706638267,1.5948286379517642,31.552013235262713,121.8979190087344,0.2,1.02,0.030591054986858032,0.2240525009522063,0.46095439286920503,0.1,0.7502201037596654,0.7665873183893542,0.15628791581634885,0.020000000000000018,4.03147126150036
[111],1.7183580016554572,1.2607176224178207,6.70415065420019,3.0157041445564445,1.481193697424391,55.37683133435961,237.36507829252307,0.2,1.02,0.4622050563621858,0.14730756209172657,0.5301832843500073,0.1,0.29483735738556227,0.2957907340437586,0.012770710083772036,0.020000000000000018,1.3316557247318352
[76],1.7183580016554572,5.612571379050381,13.680551737337629,7.2459797134331305,1.5185521865758271,29.54770468688733,81.36914024737405,0.2,1.02,0.5986070310578473,0.4412704117572864,0.781942156352022,0.1,0.42733867101621625,0.8888763071799825,0.7791551512503891,0.020000000000000018,5.988098055414658
[73],1.7183580016554572,3.550397928672154,10.340295161754742,6.686696523162042,1.5938634201561925,81.5228098969009,170.129726754518,0.2,1.02,0.582223102108344,0.24862067354373507,0.6276575198023182,0.1,2.158242879181823,2.1675763600926254,0.19993736842659277,0.020000000000000018,5.660676719238609
[101],1.7183580016554572,3.0103870949565468,12.438933939495044,7.8200596124695005,3.119927099318503,17.712282448213006,108.50982536111417,0.2,1.02,0.10947621045596775,0.576572235624863,0.5750071858272806,0.1,0.7796598976660929,0.795195697112008,0.15513426661041058,0.020000000000000018,4.587048516472528
[77],1.7183580016554572,2.489151741061011,11.959854018743334,5.571541759028802,2.8604709935490815,56.34356553959335,90.24885581433855,0.2,1.02,0.4219978346839525,0.29823797058256435,0.587065419594654,0.1,0.18806170209749185,0.1921313808836394,0.033871281706607304,0.020000000000000018,4.180995315071154
[120],1.7183580016554572,2.0618672472398063,7.739487999025325,4.734031339085207,1.9951915946469376,56.192820000998985,209.63196213378376,0.2,1.02,0.5447265539493479,0.2574447343344318,0.6019421759695684,0.1,0.8508472708042191,0.8608645400946733,0.12940895702162697,0.020000000000000018,0.9622187772580889
[119],1.7183580016554572,0.8698342333457488,8.95905553868263,5.2445578311370085,2.2782325619892845,53.26867449225895,249.97097147589926,0.2,1.02,0.32944396059569764,0.2116950706781972,0.48044994194721913,0.1,0.3381297322229832,0.3388518473066781,0.009426484496459303,0.020000000000000018,1.653474981379535
[96],1.7183580016554572,2.6814528293344675,9.433998722786356,5.249962634945318,2.1512532718924238,78.09627596271294,209.4461496955717,0.2,1.02,0.05868165103383005,0.16937660368601243,0.4166217979488666,0.1,0.2654741680059105,0.30405861310306515,0.1468846701454208,0.020000000000000018,2.7254414356731727
[79],1.7183580016554572,5.10164228316353,9.239626405589537,6.771314553209642,1.3641291530265003,24.91577008636445,108.86002295058731,0.2,1.02,0.11774819528751383,0.3516208791418378,0.5427275273599701,0.1,0.5536711968665878,0.563908537031451,0.10507637173633105,0.020000000000000018,4.9994901380712715
[124],1.7183580016554572,1.0894376650619164,6.751648395414146,2.866567539823155,1.2017445106366917,48.2953137390992,263.60167465864913,0.2,1.02,0.5170639383152754,0.11417356399122944,0.4552178982952925,0.1,0.17780680280634886,0.17990603384365986,0.01873290925457813,0.020000000000000018,2.093388087507052
[117],1.7183580016554572,1.3312712434968195,8.614328594854115,4.271549918541167,1.5616320814194304,102.32033904958791,170.92503897902014,0.2,1.02,0.4967490859731904,0.21983086981505445,0.5001797802923402,0.1,0.10834220439026507,0.11037648044154438,0.006703296392123498,0.020000000000000018,4.799824203067989
[92],1.7183580016554572,2.6144308417570423,9.567069767797944,4.812562879771119,1.7585367146242064,31.828544108468133,188.44234706192339,0.2,1.02,0.24106602713535868,0.28471398496154815,0.5076172465396736,0.1,0.9061205670662734,0.9110549818176527,0.09255645755028906,0.020000000000000018,1.7708285290625414
[83],1.7183580016554572,3.09746428169038,10.206737362594003,5.365256613977346,1.6308779526662618,76.58946801991289,261.91424760644105,0.2,1.02,0.5795341847775678,0.32359346592131444,0.6700153669932246,0.1,0.6041045157344548,0.6399832301853465,0.21032419971964733,0.020000000000000018,5.267750818877968
[110],1.7183580016554572,2.6182000821466405,10.10519347541939,6.364305603148088,2.468930779714606,43.78184263067133,135.06491006648687,0.2,1.02,0.5171043822816376,0.27340767299233104,0.6334402089633885,0.1,0.4564807656823577,0.5468937422830565,0.3005296589530136,0.020000000000000018,4.666679623886102
[92],1.7183580016554572,3.071315980452966,10.893799992142322,6.598437496068415,2.5550352522805757,76.65811547272217,158.35188467885345,0.2,1.02,0.5798192752608472,0.38857331345582047,0.7078094665912997,0.1,0.5581363382863238,0.6055133662425284,0.23394500332918555,0.020000000000000018,4.269928702063756
[100],1.7183580016554572,0.7129321694685122,15.840373188298251,10.449627248304163,4.078354633668417,37.65058690547587,156.71406127043397,0.2,1.02,0.22930882925421334,0.6720760906708823,0.6322683280112666,0.1,0.7309054379092993,0.7385397642678375,0.10401069290899131,0.020000000000000018,6.60103604593622
[114],1.7183580016554572,3.310423170739644,12.556798975385624,5.466629814097914,1.5464171417794006,45.96700565438061,81.33886117840824,0.2,1.02,0.48902585651340563,0.2805517571083978,0.57998269362857,0.1,0.5644739664621282,0.625180952197898,0.267993216663375,0.020000000000000018,4.697592407375904
[70],1.7183580016554572,1.580930064716534,9.856229169514517,5.1790776727301475,1.9163442427652546,60.45508147773776,200.29724306101335,0.2,1.02,0.5106058776804526,0.31527931755536415,0.6056901100293839,0.1,2.0320417761945664,2.0321423550488693,0.00296158464293092,0.020000000000000018,2.956763027267304
[98],1.7183580016554572,3.963079155866523,11.459808505096662,7.322948109529727,2.580840632173515,38.67786746966724,79.07751155810466,0.2,1.02,0.5292405848494581,0.3902161311572602,0.6814411528149189,0.1,1.4266363778036149,1.5204376772557582,0.525394495542413,0.020000000000000018,4.818103372432492
[116],1.7183580016554572,2.779737462506594,9.260703464438622,3.834715201016568,1.1485432367004584,44.70582330964339,246.89604387288256,0.2,1.02,0.07671528795244387,0.06986432923456566,0.3637857632463168,0.1,0.1542788781626871,0.23659636760278588,0.17825787195996515,0.020000000000000018,2.4327969130414493
[131],1.7183580016554572,2.247496132010023,7.277522907235504,4.306967246955094,1.7707236624573786,21.09752707359138,306.0423296987202,0.2,1.02,0.13289826695090237,0.20890831852707598,0.4312405622612863,0.1,0.45117803390850375,0.47042183828096273,0.1316627800484908,0.020000000000000018,0.6656835953880876
[101],1.7183580016554572,3.243745623877039,10.882635643287935,5.404092129733739,1.6991278383450406,72.08077732298662,149.72911326315725,0.2,1.02,0.27300350252016653,0.3079592825119673,0.5332982045977563,0.1,0.7968026462755134,0.7974909898522393,0.026408744457914135,0.020000000000000018,4.600780363340682
[76],1.7183580016554572,3.9298815519767087,11.786700721258548,5.996928142608052,1.8456545431419007,37.81476599302241,95.77156584500948,0.2,1.02,0.46362951652386675,0.26543725481256036,0.5569574296498111,0.1,0.6825053814375166,0.6831188539629229,0.020923024361865744,0.020000000000000018,4.701773494228467
[137],1.7183580016554572,1.1539501213940548,7.805798058328431,3.9048986060984943,1.5153726060116497,51.36061883995231,289.65139898139626,0.2,1.02,0.06300676544384447,0.10082080890332956,0.33932274439321386,0.1,0.4295701968696098,0.4523547318232976,0.14033620118961523,0.020000000000000018,3.5808116010930635
[73],1.7183580016554572,3.2699041305705103,9.791832775014264,5.624434154227263,1.8967906918681072,30.39228378161514,79.42832332386804,0.2,1.02,0.4719798918227083,0.2798523762684632,0.5985013909090742,0.1,1.4037553139109618,1.4044545600848082,0.039542761787082936,0.020000000000000018,4.828250241840383
[107],1.7183580016554572,1.7497909660395912,9.198611758308918,4.772642779716443,1.7769066151044752,83.80927809528688,174.29287017746174,0.2,1.02,0.5891414093026488,0.2901804327636089,0.675349584655611,0.1,0.05984530677154703,0.31718272166411865,0.31084307645446635,0.020000000000000018,4.06085411718458
[111],1.7183580016554572,2.21705819720114,8.081350203688098,4.6131509303575,2.007397816416103,59.27388504161623,237.63382549755246,0.2,1.02,0.3448446526060562,0.3576694848846922,0.5710757061616287,0.1,0.5311077601522793,0.5340218683851193,0.05199906748743302,0.020000000000000018,2.3858785215577374
[99],1.7183580016554572,3.8921024650476297,15.735560972788681,9.582651201455567,3.838681366065993,25.863140992794182,110.64138847259628,0.2,1.02,0.03902907991953068,0.4976950292082086,0.5849235743882778,0.1,0.5288595726792106,0.557377628448371,0.1748638701398692,0.020000000000000018,5.2703804103958305
[102],1.7183580016554572,0.10856585225843667,8.860719674088116,3.4695789367157053,1.870896029195335,59.540072901031486,166.5450051509965,0.2,1.02,0.36483713948167085,0.16247242976265514,0.5253667857119406,0.1,0.6665601639779694,0.6712124107003133,0.07631283034843372,0.020000000000000018,5.210202090510223
[108],1.7183580016554572,2.5084154665222167,11.977110727672512,6.016728021745914,2.480802408285381,32.94600611470834,93.81495358125598,0.2,1.02,0.3760725528042503,0.4183313287938974,0.5643491368410177,0.1,0.2863510286361198,0.2985906798555859,0.08221607200333225,0.020000000000000018,4.576581361217784
[126],1.7183580016554572,1.519879653451627,7.269264672487034,3.935723541510239,1.3164909191497598,87.8556918773341,327.08737194041913,0.2,1.02,0.014021559604291167,0.07122536799395174,0.3465285989199286,0.1,0.3272488256100547,0.3574653147310734,0.14244176835684594,0.020000000000000018,2.390067943295075
[97],1.7183580016554572,4.255883891590973,10.90130587424587,7.937584863889448,2.0910890817796215,37.36620279187808,129.3205941082165,0.2,1.02,0.17069920945337827,0.5061016603912963,0.5903434086420521,0.1,0.21214241056996833,0.2304931918477791,0.0878789458615663,0.020000000000000018,4.660659496409208
[108],1.7183580016554572,2.1564865593196934,10.657842895478876,5.270610940750828,2.3053417273080634,70.44938145653042,263.67117116839137,0.2,1.02,0.043275357378134614,0.14769595854314344,0.40590469616104374,0.1,0.4544068020815941,0.4873990688229298,0.17513512072522197,0.020000000000000018,4.2032760765347525
[66],1.7183580016554572,4.329431223545083,10.270209531435482,6.708085242466287,1.310330175257329,19.62258952643254,97.33133976128842,0.2,1.02,0.19890525686261043,0.36902494739061414,0.520099244697535,0.1,0.16336325125503032,0.1905244892457671,0.0959793162183721,0.020000000000000018,6.535128993270371
[93],1.7183580016554572,1.9301065364446919,7.532500326116876,4.037751003005838,1.772287068339731,44.07172798867758,174.96273147935472,0.2,1.02,0.045279230544644375,0.17744227933780243,0.40110033264820727,0.1,1.8739012376348474,1.8844248536950052,0.19786657326094467,0.020000000000000018,3.1941618793281266
[96],1.7183580016554572,1.7601215622735906,11.999618115793488,5.901422581664663,2.4324746958679446,71.36374428650446,90.65163171012595,0.2,1.02,0.15613790399443853,0.49247314828348465,0.6488321091598324,0.1,0.43594848690273924,0.4604116191192606,0.1467234670638315,0.020000000000000018,5.17631279904778
[109],1.7183580016554572,3.3497103965995314,11.326724455317905,7.089141998631327,2.459963280497158,29.881142798562724,190.9778887189432,0.2,1.02,0.5902053004644922,0.40347545475276797,0.719104695337799,0.1,0.4668994407371585,0.7437378266051161,0.5785765869464736,0.020000000000000018,4.363324703148068
[76],1.7183580016554572,1.0468233706663794,11.389899247696222,5.172288033634747,2.7123789055155347,25.53032682778973,160.16671201658286,0.2,1.02,0.45490531295734915,0.3213724696825719,0.5958266440100017,0.1,2.5168845359072884,2.517868162741689,0.06747086674232489,0.020000000000000018,3.837615188800549
[102],1.7183580016554572,1.511297276293369,9.730611332617016,5.367160200101474,2.3948768489148473,73.93440927821267,332.5291216776651,0.2,1.02,0.34916963032295084,0.3037837108172263,0.5379755351684498,0.1,0.11713793016341005,0.12015660433918036,0.01778524341566362,0.020000000000000018,3.8049771543266164
[118],1.7183580016554572,2.170987499783042,9.175509881114335,4.771712924400246,2.3038387050937397,62.094482242261,267.61224193779566,0.2,1.02,0.27621517982182253,0.2290336508435666,0.4944606190164263,0.1,0.2972116947141481,0.298606037947373,0.020755105968700838,0.020000000000000018,2.7086691349915433
[96],1.7183580016554572,1.0326486046843908,11.579288457130293,4.79282227877386,1.8777030006947715,24.630288442289835,168.19279370732133,0.2,1.02,0.29717495066325084,0.22823955221573225,0.49801507425755726,0.1,0.200947145426123,0.21283396565018398,0.06722009877615681,0.020000000000000018,3.822222270335131
[106],1.7183580016554572,1.7955188781501434,6.816308107286804,3.3899121782548796,1.3089102140064544,81.24702249854576,166.6829532640471,0.2,1.02,0.558710655994545,0.18402604086716082,0.5591725186152944,0.1,0.3058457155502954,0.3099049650491332,0.045820144495977794,0.020000000000000018,2.0198839357822758
[75],1.7183580016554572,0.3337273583634074,10.954652622234162,6.898697484477574,1.943702010789998,71.49017281695839,172.93474757963074,0.2,1.02,0.4413492358978358,0.4706017754897088,0.705490465864069,0.1,0.30975579344073995,0.32031102411801504,0.0790601075222469,0.020000000000000018,6.830099602298195
[83],1.7183580016554572,4.633830133496612,10.003917227156789,7.1256306499036155,1.6285153755501143,53.786514560614755,106.4548900366115,0.2,1.02,0.08029455245413554,0.3642313746374594,0.5527186734914823,0.1,0.39962078785649996,0.43476704184868714,0.17007529682704756,0.020000000000000018,4.478779156893292
[116],1.7183580016554572,2.21573920653517,15.155722897860043,8.615393957369939,4.0204867484974764,60.83387657914562,131.73644462837194,0.2,1.02,0.32907426667421796,0.6494968691293386,0.6132719411223374,0.1,0.2641140196037932,0.26863141131420776,0.04479530994858966,0.020000000000000018,3.775746647947246
[122],1.7183580016554572,1.1071903175173112,8.675523469558707,3.517834244496262,1.7617208230154118,62.43626285981181,125.67798824900038,0.2,1.02,0.34545032348311927,0.14964948006554804,0.4436293435268771,0.1,0.6160978049471025,0.6190782696460218,0.05728349402117869,0.020000000000000018,1.7006937653761407
[129],1.7183580016554572,1.5883480964814505,12.407587833158196,7.100454214730045,3.5734572375399276,73.62467644194534,193.9004476712731,0.2,1.02,0.32856163262113586,0.6420015278698755,0.6547777559732901,0.1,1.7421523793287423,1.7435083597212093,0.06577604135962781,0.020000000000000018,2.568844002087165
[122],1.7183580016554572,1.0212810039635611,11.192392099483419,4.133844370732531,1.982634822490139,58.17787466735315,184.06364702833068,0.2,1.02,0.36337828923115323,0.25563159592732565,0.5162642364070025,0.1,0.09834870043213378,0.10068412991421774,0.008051530282715325,0.020000000000000018,4.406963592778819
[110],1.7183580016554572,2.4094330019152803,12.26228916743247,7.667034184353798,3.0945304723609843,28.73791348124819,91.7738073353616,0.2,1.02,0.5957024019115538,0.5530900729172161,0.7018290151598777,0.1,0.13332529454553477,0.25258168526928093,0.21359277508337327,0.020000000000000018,4.498506462794608
[78],1.7183580016554572,3.538308491478341,11.032631039740085,5.880405993562705,1.5270917358020384,32.93717589884346,75.37956297173437,0.2,1.02,0.16777158949515766,0.22244787091546278,0.45627444045759785,0.1,0.4740319107247015,0.49821619637507303,0.15203001659255952,0.020000000000000018,3.9027565506239936
[74],1.7183580016554572,3.006382309537466,8.620379696947174,4.169034697259869,1.3983214309381242,50.009423956186254,166.84068389161527,0.2,1.02,0.41033179984612445,0.1651820127874235,0.4449312377553107,0.1,0.60656294839248,0.6108981867253754,0.06984256711900802,0.020000000000000018,3.2561135751126833
[158],1.7183580016554572,0.9556902943454348,7.649719138945439,3.627078924994225,1.233086552983124,58.56301703620106,273.77621849895894,0.2,1.02,0.02734743023539028,0.08635205227050465,0.35129712158612464,0.1,0.6885066240414391,0.7026239332851696,0.13870479543326078,0.020000000000000018,2.491109701010687
[124],1.7183580016554572,1.6259938861089047,10.441336273746904,4.523069350679635,1.995353929246084,86.03214539817763,169.06846760616358,0.2,1.02,0.24283322208220282,0.20240304948597668,0.4323738032682635,0.1,0.1887473707836941,0.23123224745475346,0.1320711258573161,0.020000000000000018,3.006571065656085
[63],1.7183580016554572,3.7891662202779908,11.291015643491177,6.147258664268355,2.257166175569634,25.67334974263676,98.93765551837089,0.2,1.02,0.20422167984241152,0.12469038283257608,0.43751808151611227,0.1,0.6756923865318687,0.6941688521417976,0.15782963621173482,0.020000000000000018,4.186746628576431
[111],1.7183580016554572,2.2458886690927686,10.441684210913541,5.275356299334286,1.823350556171022,86.16958762728625,311.4370796853503,0.2,1.02,0.37255765263822355,0.280246803464124,0.5008539048298819,0.1,1.7022621940205334,1.7043634733935669,0.08220871150057046,0.020000000000000018,5.609779348450427
[98],1.7183580016554572,3.571860014013873,12.799299075459038,5.878294496386624,1.8082708219333818,77.29813587666841,251.52835755968985,0.2,1.02,0.1784675274566825,0.28684247297011095,0.47314334799323854,0.1,0.9261037743818118,0.937307472003246,0.14309820456203506,0.020000000000000018,5.795658348276846
[72],1.7183580016554572,3.223097265585809,7.133794147463284,4.9893259880425695,1.2230093658597998,20.735932508634544,136.42287991766,0.2,1.02,0.37546373434559804,0.1850127816154553,0.5106687968417938,0.1,0.1433735201584622,0.15744034156946743,0.06189907003244566,0.020000000000000018,4.995121093026294
[121],1.7183580016554572,1.268204070088651,9.680918448498689,5.499367483229615,2.4335996127170763,45.69882388947751,144.56307944704474,0.2,1.02,0.2635514137486526,0.22637091135954127,0.46442765731688,0.1,0.309398337073694,0.31141839452766057,0.029224740652715214,0.020000000000000018,2.7722293064084234
[117],1.7183580016554572,2.496828476613593,9.29441970745364,5.662718706783589,2.090644707867428,44.49865002005437,174.4475032529496,0.2,1.02,0.5861316085590494,0.2869651076099636,0.5714899268074145,0.1,1.2646298793779693,1.272218911720553,0.13730341410136299,0.020000000000000018,5.385030982602596
[88],1.7183580016554572,2.4586048077745426,10.839303107907586,5.149531926504287,2.4800457034796617,13.353825670269723,89.00528617028175,0.2,1.02,0.07528847760134535,0.26225226591674716,0.45177975275606197,0.1,0.6096293073370702,0.6382626496628645,0.18796626716085127,0.020000000000000018,3.3567724121084446
[110],1.7183580016554572,1.640704462148633,7.916179470361226,3.913180748276174,1.9667177690205078,78.25283028735986,464.49144916480753,0.2,1.02,0.27592876545369055,0.16342272731759236,0.4322076543778451,0.1,0.4003787154407885,0.40378986056048705,0.04840594708753951,0.020000000000000018,1.2089946596663843
[105],1.7183580016554572,3.4175255137720546,11.024842258123456,7.5770891166912575,2.566899961829805,44.89454251161035,185.01872667714807,0.2,1.02,0.17633348559880355,0.5169619864852198,0.5682960644868252,0.1,0.2426791635392252,0.24671127022164813,0.03966452367394663,0.020000000000000018,4.795089329237641
[106],1.7183580016554572,3.6106869714760927,10.904324752211272,7.254412460904374,2.6027432881256525,59.93993786370249,138.99270886234513,0.2,1.02,0.059399942395148564,0.32874056686733466,0.5016905709443824,0.1,0.36634285412913753,0.40789362592830886,0.1782417552131392,0.020000000000000018,4.665871394981384
[95],1.7183580016554572,4.035856724355456,12.514469641868601,7.485582720159624,3.066239052124498,52.97651045328855,124.17901256299145,0.2,1.02,0.5054980594414283,0.4277942722795101,0.7157625752071188,0.1,2.1933275015710336,2.2210763055766467,0.3494201282785138,0.020000000000000018,4.315315471590965
[121],1.7183580016554572,4.085918565136916,10.621617501606758,6.859032611660343,1.8906187911160872,28.405533283956295,226.53343187848472,0.2,1.02,0.06799542364935326,0.2592946360465996,0.48407044463045834,0.1,0.17885260520474053,0.1981223060127298,0.08285043000056776,0.020000000000000018,3.1369663296479184
[119],1.7183580016554572,1.8617833751012305,12.290034198118677,4.77188692096292,1.900698408078762,32.22511469424151,93.18140562887044,0.2,1.02,0.3254754914967117,0.31741774992754773,0.5134371496665145,0.1,0.29892584780206666,0.30846611763033527,0.07344850741674419,0.020000000000000018,4.448880553681337
[117],1.7183580016554572,2.012835692513437,7.9651865737007705,4.433115178282366,1.0979910204137011,72.6369664023815,245.24068020414495,0.2,1.02,0.38692777860649186,0.1886495434135425,0.541175874498939,0.1,0.3662432997415643,0.3667890617566014,0.0002474241271184785,0.020000000000000018,2.8734853435484204
[67],1.7183580016554572,3.034154458039242,9.02403967546302,5.618706581593948,1.8902955861572557,37.156320725356665,126.03404542828213,0.2,1.02,0.10078498774189912,0.2982283448811601,0.49208879099076924,0.1,1.7508420448513624,1.7612709655485592,0.19033535684431682,0.020000000000000018,5.421913366408486
[122],1.7183580016554572,2.4177471311232432,7.586881898926107,4.739439532340079,1.619533222885541,129.23508666851527,287.20815321983747,0.2,1.02,0.08295773561986632,0.17543280808856007,0.4198327090200352,0.1,0.2603063666664607,0.3044643860473942,0.15664979362936546,0.020000000000000018,5.012053301939444
[120],1.7183580016554572,1.6425603717428423,13.645729847043144,7.057858728959586,3.715557568965529,60.258707789556716,224.4240918564262,0.2,1.02,0.4509938403354178,0.40539189299303785,0.5674134701593514,0.1,0.05434844180550368,0.10314256517924836,0.08535007688965063,0.020000000000000018,2.8445261644888227
[126],1.7183580016554572,0.6301236590612084,9.190611894778677,4.088485774752918,2.4808520343098155,48.34989155810566,294.06516088634993,0.2,1.02,0.1308591214410665,0.15823279301964954,0.4038358216254156,0.1,4.404503831841961,4.407734222284678,0.16753199571723343,0.020000000000000018,1.9123651682539518
[132],1.7183580016554572,1.5426174698571187,8.397993068176953,4.383620891453159,1.8278881889499003,65.85139011207217,195.6285179658773,0.2,1.02,0.20878136388666893,0.31037456332349583,0.5317977148249108,0.1,0.45651740469784957,0.46359999563125787,0.0782100706894078,0.020000000000000018,1.61424667348174
[67],1.7183580016554572,5.583414448378318,10.225897041266633,7.440988107908537,1.6511035559619804,25.142520008692745,104.8249772533251,0.2,1.02,0.5489683037011505,0.34100105931025265,0.6276832102578186,0.1,0.6355325112435753,0.6792583968229485,0.23893596800590128,0.020000000000000018,4.666763355415847
[117],1.7183580016554572,2.417825396326556,6.8615098274287645,4.904489730816218,1.4842128552474743,34.91929865445368,206.6541019987471,0.2,1.02,0.0023653224685592942,0.13599187430948295,0.41131320573058866,0.1,0.16322621176579435,0.22941140283023415,0.15995873074366407,0.020000000000000018,1.4802007637961223
[76],1.7183580016554572,4.309641723738792,9.921426335875688,6.9222141904904735,1.7422488399406335,27.27975574293719,105.84007126621565,0.2,1.02,0.15332054315085825,0.3529699791458121,0.5348234231104517,0.1,0.3527104662584678,0.3872290838977527,0.1585613143488254,0.020000000000000018,5.656845755966562
[83],1.7183580016554572,3.159348974250219,6.546522578222678,4.885030300745222,0.9779335498413019,36.54639756408897,150.8486039492982,0.2,1.02,0.5125382910026276,0.21546862180394163,0.5857961718264856,0.1,0.21319741467701453,0.25570079978437427,0.13974892266277317,0.020000000000000018,4.445067192666823
[97],1.7183580016554572,3.3002069558946383,9.608138361644649,6.289711325284437,2.1022183692948593,23.704820270442486,117.60228606068837,0.2,1.02,0.23947583920819115,0.40166199493654886,0.5702849432311786,0.1,0.3559498927192971,0.37599780452166914,0.11947394225619312,0.020000000000000018,4.598245970285161
[113],1.7183580016554572,2.5418271568794104,6.616597390864344,3.6177431111060914,0.8957786180805395,64.6660489798318,201.99834641555995,0.2,1.02,0.40216995210126977,0.18490104120506912,0.5010523364567172,0.1,0.2508895125690256,0.2756601200358597,0.1124408922992935,0.020000000000000018,1.0421387291576536
[120],1.7183580016554572,2.863542187155919,12.161405369783507,7.272617490954018,2.2655399853623286,83.79637241873135,205.46195283685825,0.2,1.02,0.47348110123240217,0.38141167233875445,0.6318339028018327,0.1,1.189425362692306,1.2101483804004407,0.222095495609628,0.020000000000000018,6.918456515244961
[118],1.7183580016554572,1.500648782327727,9.083065327719206,5.559639651630861,2.359936086536597,32.411868366410495,138.53241758952345,0.2,1.02,0.5965555691282187,0.3881829143360303,0.7422083805371446,0.1,1.0007139539227377,1.0696804597609277,0.3773431706267792,0.020000000000000018,2.2857785679917257
[66],1.7183580016554572,3.8009952126780564,11.40080606488596,6.354566495075164,2.5198371399141632,80.65562845424812,143.66754071996414,0.2,1.02,0.09485346849466655,0.4016685565682523,0.523315979891398,0.1,0.499238912629849,0.5286175500076353,0.1726181401019047,0.020000000000000018,4.901747681603917
[88],1.7183580016554572,1.1835178465251,9.074698564983253,5.368372253238804,2.537477291435948,26.426361459866456,187.33051424706227,0.2,1.02,0.4537608400603797,0.3219503183537326,0.5645938940311475,0.1,0.9166315821429774,0.9173503800430544,0.030302844473721502,0.020000000000000018,5.551342013710302
[66],1.7183580016554572,2.5696902842898557,9.689900902379163,6.00892984970599,1.2831925794934926,25.740480304931168,145.3476212269589,0.2,1.02,0.48866943299967647,0.32637889585650787,0.6117532693078559,0.1,1.151754421093221,1.1524807356284632,0.03568752564893682,0.020000000000000018,4.406038324485492
[67],1.7183580016554572,3.5630273964038843,8.649460122017885,5.871656683261408,1.6602043420836705,19.825660702525138,109.50293144006088,0.2,1.02,0.4750361549746578,0.21152165059111783,0.5370162542552801,0.1,11.66851805698634,11.668802386904142,0.07896517209204534,0.020000000000000018,3.7642139881124828
[124],1.7183580016554572,1.302928147614015,10.211553364421667,4.916680370396692,3.0415256390588588,56.518760982714326,167.36026779034253,0.2,1.02,0.3488057993498544,0.21228194482288898,0.4685373626052918,0.1,1.0930519050265697,1.0932360506028271,0.0016109796566420032,0.020000000000000018,1.2826106484062951
[87],1.7183580016554572,3.204435032353672,8.652022897978696,5.125429012378298,1.1489584500156667,29.97357696962938,107.89687264657915,0.2,1.02,0.47835225222894245,0.19761580652950494,0.5286770313279844,0.1,0.3432897677272139,0.3536620352405577,0.0826375855424698,0.020000000000000018,3.8662484085362196
[86],1.7183580016554572,1.9013908026296087,10.955145017227247,5.7507284934590395,1.8729336034209543,83.56502386275977,166.64151317294488,0.2,1.02,0.4562580567885414,0.30023571161775875,0.5949251224430764,0.1,0.3184125289822123,0.38013865476490577,0.20668540885515846,0.020000000000000018,4.032444934153575
[121],1.7183580016554572,0.767814114819033,14.647504296013755,8.749949041310174,4.493384788794212,29.09070689805106,137.12045096078992,0.2,1.02,0.17680650548758262,0.46180622284114214,0.543135414450322,0.1,0.3599432262705261,0.36330689365608176,0.04508628217092531,0.020000000000000018,2.3525755978666307
[101],1.7183580016554572,3.2319355624610497,8.125558730690743,5.331048973650856,1.5863851471839359,37.87059790473677,174.0876745112297,0.2,1.02,0.5534389745314637,0.2805942843002436,0.6617113187300626,0.1,0.29908282148331317,0.40921360855276606,0.2785771765926941,0.020000000000000018,4.0603722231931245
[76],1.7183580016554572,5.358127643332111,10.94357050766121,6.958886199765703,1.5302025952559342,31.537349983074503,98.65655740834377,0.2,1.02,0.4830040218927062,0.45164281636245324,0.6955471955333014,0.1,0.8916791069151059,0.9504106620861444,0.3283120419632864,0.020000000000000018,3.990379420985659
[128],1.7183580016554572,3.157501971602664,7.40883231041261,4.9241165686376505,1.151584694414922,84.98199785256865,292.5057378045892,0.2,1.02,0.5036720911689972,0.22138531066625106,0.5644741355057897,0.1,0.4275367607797108,0.4748334483712486,0.205618875286593,0.020000000000000018,4.878485236701609
[108],1.7183580016554572,3.5119145002667094,13.694557068265723,7.9939707194256755,3.4878799972218686,83.52067759428431,175.46494874777653,0.2,1.02,0.22630708656314313,0.4882543608379259,0.5324725998764198,0.1,0.4832619522667336,0.49453814764102066,0.1030818362445938,0.020000000000000018,5.021547794122536
[107],1.7183580016554572,1.620888430238611,8.959549800354791,5.334890059162063,2.3414953158401266,63.538780964979324,120.58935009009902,0.2,1.02,0.3335495624515309,0.2347419547893348,0.49131015189268307,0.1,1.7771477429212665,1.7797109330654328,0.09336436741327533,0.020000000000000018,4.587700809116548
[96],1.7183580016554572,2.747369554742657,7.994538854919464,4.50773482308152,1.374311935038337,56.45746244871262,154.78891485406658,0.2,1.02,0.43510978092404107,0.19220000728631115,0.5006885093262329,0.1,0.34523286779910206,0.3465665574504757,0.022861446460834572,0.020000000000000018,2.9362564877375754
[67],1.7183580016554572,4.591601267229416,11.849812560154595,8.413802199772224,1.9832239454016416,47.1965186065919,90.09085323280948,0.2,1.02,0.46519231471716815,0.38384844130814444,0.6642491030994367,0.1,2.286440329983683,2.307026150870652,0.30685546797338265,0.020000000000000018,5.072149899281519
[110],1.7183580016554572,2.5446426052339413,10.917417405790568,4.89187646003384,1.6799463961859775,76.27599567337155,263.1987388342709,0.2,1.02,0.5803780042463595,0.23518759918066254,0.5811857318288742,0.1,0.3392204517057561,0.3820112439119527,0.17453388100795847,0.020000000000000018,3.819501146426384
[139],1.7183580016554572,0.7317674805620984,7.10068019620205,3.2539490460526115,1.5507610970707018,53.74395423946516,518.4939808496223,0.2,1.02,0.122764977067238,0.1342105390726364,0.36864439780135677,0.1,0.8004353639563815,0.8185029346322842,0.16985370802451308,0.020000000000000018,3.866285245791372
[109],1.7183580016554572,3.721290045332201,15.559514008014167,8.70036907252866,3.777456906035277,51.81856417735739,160.8507493567774,0.2,1.02,0.1510338660243532,0.6436202716105335,0.5736165235094812,0.1,0.3544234145705688,0.3611854917727742,0.06662584086733492,0.020000000000000018,4.286740300562423
[116],1.7183580016554572,0.6666127033673136,8.931610165394318,4.960175834466363,2.777006003816916,56.246716620899115,204.5278190732581,0.2,1.02,0.5112080972344671,0.2956432085881331,0.5271473977872997,0.1,2.5831459005000132,2.583915689780809,0.05981261259475973,0.020000000000000018,1.0983580719743413
[78],1.7183580016554572,3.3245661119467567,10.313008652387072,6.244864196359797,2.533292796557351,40.396574444772654,104.81927804889216,0.2,1.02,0.16194879578543914,0.2531875240466991,0.4461324209031027,0.1,0.9624510193614743,0.9723828949898904,0.13717335673876058,0.020000000000000018,5.757044844605801
[79],1.7183580016554572,1.5952812520445014,12.296098346391005,8.752846306055604,2.457392922439441,51.33300336946176,198.79822997780371,0.2,1.02,0.4815723390241398,0.6426440031359111,0.7413744969977764,0.1,2.130386121815239,2.1558324921883814,0.3296493688029655,0.020000000000000018,5.173288998240786
[98],1.7183580016554572,3.3043994000017176,10.067841480170847,6.696478556246853,2.1674354995608747,34.34761680134634,119.73695034098185,0.2,1.02,0.0004748430592933506,0.3886203247131628,0.5484161095762575,0.1,0.5987799122633322,0.6234071858726838,0.17233437285583858,0.020000000000000018,3.051676021379555
[104],1.7183580016554572,1.6504358623684932,9.402859403916947,4.851196337861115,1.7687154594411616,23.374811323701856,147.14805252225202,0.2,1.02,0.43549275779973196,0.25460951333255355,0.5864951569607616,0.1,1.7316663210644272,1.7324966200967948,0.04976234658866269,0.020000000000000018,3.58073618448361
[91],1.7183580016554572,0.8945409658265924,10.198848064313259,4.807973379204082,2.678580841822862,74.41082842799331,160.71931368233047,0.2,1.02,0.36804210415739497,0.2944554812460762,0.5403698875959716,0.1,0.7081331123300549,0.7198386193728756,0.1277307056364977,0.020000000000000018,4.760307176088147
[111],1.7183580016554572,3.3239992313609865,7.683112636987689,4.883636762991877,1.020451035829925,76.47927337726232,185.10797164946132,0.2,1.02,0.5643009782453473,0.22807572230527526,0.5661046470134026,0.1,0.39928740906245763,0.44374963450674676,0.19257025494364638,0.020000000000000018,3.5731936750354976
[127],1.7183580016554572,0.7361572501808479,6.896591657196617,4.279646781593303,1.4657283758614497,104.91247332224803,204.18189380513658,0.2,1.02,0.33897424447115276,0.20605450195218555,0.45126054906986746,0.1,0.20156057522948836,0.20285189938104642,0.01105565898786437,0.020000000000000018,3.5590111191749045
[106],1.7183580016554572,2.590533233225862,12.785307115173783,7.6898375542784265,3.6143751286535375,75.47139866945845,232.50994833639342,0.2,1.02,0.22826359401256172,0.4757558839877912,0.5586406108173596,0.1,0.22730767493355428,0.22893680775803008,0.018527894179826282,0.020000000000000018,2.7887127847958775
[81],1.7183580016554572,4.618463762090569,9.759346789725301,6.336482942492039,1.490054599846506,23.467338510326368,119.52732476451823,0.2,1.02,0.4226714124759066,0.3620545266255351,0.5757835413049589,0.1,1.8276642973796093,1.830924682154621,0.10737042333389374,0.020000000000000018,3.374547645862879
[107],1.7183580016554572,2.055962317340844,14.215988061222092,8.855928378625594,4.303293162572492,19.918065199180027,121.49923177449388,0.2,1.02,0.48922677328841807,0.47702775186609464,0.6685954781975069,0.1,0.44037470069720475,0.4926910377166589,0.22003313757742382,0.020000000000000018,3.931503285512737
[116],1.7183580016554572,1.916687336717406,12.280877069710945,6.856326682838542,3.3117284555603077,75.74117998049947,219.975207611618,0.2,1.02,0.26048886294537854,0.4700639224691976,0.6114728284398353,0.1,0.5149161169029127,0.5162598760257889,0.03139509751201269,0.020000000000000018,4.426196398616736
[93],1.7183580016554572,2.883815695036064,9.441545662150912,5.142834575900049,1.902510489466249,66.40591980286177,289.924696999142,0.2,1.02,0.5380130062801755,0.2061749485203373,0.6560365230792164,0.1,2.3500741005985155,2.3572593388909797,0.18282043782033058,0.020000000000000018,3.5931836536694854
[85],1.7183580016554572,3.5614920596987534,9.520333618026246,5.398842398772784,1.6408423887595047,38.23835415116824,131.62347341262983,0.2,1.02,0.42144487306452777,0.3589388063899366,0.571863300163103,0.1,0.7040226221468984,0.7043456180400866,0.0074092616148370705,0.020000000000000018,2.38894275597539
[110],1.7183580016554572,1.9950895411593825,10.740344219803799,4.382270543442163,1.9101190462717952,45.138315428197394,131.61741909092845,0.2,1.02,0.18168910248055806,0.23239988481971505,0.45030591481977333,0.1,0.15962869724676756,0.17975891203889824,0.08019941067556655,0.020000000000000018,3.837432607585709
[77],1.7183580016554572,3.3262624851739995,11.400975422256385,6.190548864592431,1.7994614257304204,43.441015165892246,98.78437838108097,0.2,1.02,0.3884891125508975,0.4286252986435143,0.65816403082799,0.1,1.3979763280909434,1.3998927808536927,0.0704413513757926,0.020000000000000018,5.17870377387235
[108],1.7183580016554572,2.370840196530403,8.922191002859899,5.52263966103885,2.336651460241904,58.123411984347335,184.64943420050244,0.2,1.02,0.1530233167901486,0.21931264839133813,0.4115852551114612,0.1,0.6964965148175862,0.7068347966674037,0.11877724793413,0.020000000000000018,3.5340264805057613
[127],1.7183580016554572,2.1758905245325426,10.957582844926929,6.603952468577927,2.95787503975023,56.17699780863128,179.69278033013063,0.2,1.02,0.24007356450548256,0.35443530931599515,0.5186783841976016,0.1,0.6350241084798021,0.6413588704812153,0.08766745344979993,0.020000000000000018,3.99736557689201
[122],1.7183580016554572,2.604215000687643,9.906947132152128,6.573723445786026,2.058428606889564,51.012544845252805,153.35475521026825,0.2,1.02,0.5666488590463279,0.34506072746818633,0.6669112084569924,0.1,0.5371452228316149,0.7284937933353619,0.49170948385944296,0.020000000000000018,3.7897130861457113
[142],1.7183580016554572,0.6951429581212598,10.570078579195448,3.508941199647323,2.166092857638717,53.725597946912,658.599192614701,0.2,1.02,0.2489644458559249,0.1983433301495261,0.3680844308644707,0.1,0.28046843589541764,0.30291077000662286,0.11266051239180125,0.020000000000000018,3.731052771877958
[103],1.7183580016554572,2.261100370150886,11.968650193941741,6.272090933426551,3.403566637356149,55.188444136236576,175.4275642364313,0.2,1.02,0.45954300610747606,0.9177693585348459,0.7609134534194567,0.1,1.1629787189910783,1.1631774600991025,0.007893215850965307,0.020000000000000018,3.300642240829177
[129],1.7183580016554572,1.784620353494033,9.771338322067578,4.794676655986035,1.437256474005405,77.7804272077879,161.0065412325589,0.2,1.02,0.15299481977650212,0.24861193452661665,0.4678618982218166,0.1,0.3238448828519503,0.3427026972997241,0.11031604863805122,0.020000000000000018,5.398986952296376
[72],1.7183580016554572,4.598708781119428,9.276315992636663,6.306575834795386,1.0563571938616478,9.82682450612619,108.27743186831589,0.2,1.02,0.4604767055477452,0.29005418641329667,0.5839904162324875,0.1,0.5807686016214878,0.5906242616905346,0.10556917101176211,0.020000000000000018,4.8961885382865376
[105],1.7183580016554572,2.0779001706429217,7.79292170150582,4.248857957339275,1.4606483627615034,58.17165145223933,247.1551600357414,0.2,1.02,0.19605040219998904,0.12360119074593305,0.392354021425101,0.1,3.5038387574130843,3.50542393248811,0.10349351917069492,0.020000000000000018,1.1986165213807611
[126],1.7183580016554572,1.6816841917572676,10.104824522033914,4.926367267826324,1.6594454374151468,51.119966726719916,350.0810142875845,0.2,1.02,0.4423833845439743,0.2382263015621586,0.5816268891399188,0.1,0.3780054505581549,0.3906267484507665,0.09644239707485885,0.020000000000000018,4.409625652757899
[79],1.7183580016554572,2.918180941046546,10.727690591584128,6.125881535028213,1.9631835465254175,48.55996421992551,154.0215701595919,0.2,1.02,0.47380373813197385,0.3042158713156595,0.6642396151378419,0.1,2.134041983412444,2.1435605552688903,0.20079010717103085,0.020000000000000018,3.423000339227143
[106],1.7183580016554572,2.3999286140904745,8.516495258049071,5.050642168184091,1.779239523707788,76.47143079492511,221.48034492321247,0.2,1.02,0.22790525884886378,0.18411705263036524,0.4275460142571463,0.1,0.34780532391548985,0.35274327097428393,0.055310684986522224,0.020000000000000018,3.308880877729881
[104],1.7183580016554572,0.8245632760248833,8.55227545416013,5.467300244268704,1.8458355107487348,71.98321230349285,162.9943962512701,0.2,1.02,0.0821632290862029,0.26673350962362946,0.49206408376539357,0.1,0.2537235189149337,0.2763798549414917,0.10775063882364348,0.020000000000000018,2.6345738515612855
[90],1.7183580016554572,5.262173408937735,10.219922665863926,6.572819615042241,1.0968450497066549,52.77275313917043,120.30651269395356,0.2,1.02,0.14637264163105337,0.13754155065616996,0.3855951485283138,0.1,0.0676412219542774,0.08355368331454949,0.0447870861740324,0.020000000000000018,3.721207797066663
[100],1.7183580016554572,1.447869869027841,10.442785769432339,5.909657790567377,2.9287705181654617,74.95291548230088,196.93545286733266,0.2,1.02,0.021937521859035546,0.1980384870754319,0.4352129491408143,0.1,0.4216477875594481,0.464012911679342,0.19266843397755484,0.020000000000000018,3.485958526203801
[80],1.7183580016554572,3.324686197262732,11.85972612968453,6.9248446934090575,2.574493472745613,86.7618783582093,171.49198179727313,0.2,1.02,0.5118544502910536,0.4557834204383686,0.6817931311146266,0.1,0.3664101779048349,0.44180282587002323,0.24603519763335757,0.020000000000000018,4.868147148322359
[104],1.7183580016554572,4.305680336978756,11.462850572865264,7.602479333350851,2.485568133524535,68.4306832043717,140.01103479915682,0.2,1.02,0.42782525913547503,0.2507141397974015,0.5385224068856592,0.1,0.9941061050687569,1.0038356133537596,0.13798184845241385,0.020000000000000018,5.800155495202959
[106],1.7183580016554572,2.10761184925139,8.863820597772614,4.620254558382198,1.6440421529067297,35.8919865754064,145.5470475374712,0.2,1.02,0.39294392500291603,0.1540726352014595,0.48483846251366775,0.1,0.899152595783707,0.9034108377586443,0.08529801448566782,0.020000000000000018,3.6774707830388245
[125],1.7183580016554572,0.6153735583668809,12.72624551431845,5.06150803041827,2.1903952915574227,61.08356053040558,221.01159788631992,0.2,1.02,0.044119317691457605,0.3045024382770646,0.5005172099759437,0.1,0.08276273120541527,0.08543054354774866,0.006979118446047428,0.020000000000000018,4.785317270183542
[113],1.7183580016554572,0.9027980048173162,7.798148927493885,4.138159471386234,2.3114323260691174,25.159697347768564,178.9937186594147,0.2,1.02,0.5945138546404707,0.2500928508342535,0.6038193236173734,0.1,0.39600339488944747,0.3968141171037121,0.015580589489197355,0.020000000000000018,2.8153101409567802
[116],1.7183580016554572,1.6794562120677392,7.763845141131191,4.450495366604174,1.5816794578785416,58.36512682541904,207.39750790308514,0.2,1.02,0.2891975170367889,0.21621328456737038,0.44963244906958283,0.1,0.23510162246086094,0.23606811138429545,0.007441796074801527,0.020000000000000018,4.4907602140409155
[119],1.7183580016554572,2.4057745668928523,11.6878327604771,6.219889512967887,2.874637215953224,52.50453195252483,237.06530168744203,0.2,1.02,0.3103805495206052,0.6231128907984976,0.6546980036789675,0.1,0.13955490214651825,0.16390898375707735,0.08360971380858545,0.020000000000000018,2.3596825675659296
[118],1.7183580016554572,2.026566066004106,12.301863835677032,6.708894512461082,3.2807001423363564,45.48148516538137,232.45072017415686,0.2,1.02,0.16045253121474393,0.3742208585106067,0.48737279946890105,0.1,0.6000547004571157,0.6030492676613598,0.05659307100894517,0.020000000000000018,1.485088673233133
[81],1.7183580016554572,1.9742340805978746,9.74259828476158,6.687154699599956,1.465938548511454,36.464786392830575,143.42608969133525,0.2,1.02,0.0269553792584156,0.31191480382797354,0.5109779064318171,0.1,0.37604605053311596,0.4190373931068645,0.18379799971773922,0.020000000000000018,5.444623050024573
[106],1.7183580016554572,1.4680734306957643,6.955036091549175,4.734545307400239,1.6781831873074031,54.382474581583104,145.96053562988115,0.2,1.02,0.19191587244470323,0.18982035133374578,0.45353532314325157,0.1,0.6800451824304437,0.6888441375065938,0.1079110542546392,0.020000000000000018,4.3397911595458805
[68],1.7183580016554572,3.565516031334367,11.250675725847124,6.672721071423473,2.135725962886344,21.910509633617526,61.336531050461126,0.2,1.02,0.38646337667462755,0.3016555097619739,0.5426151240385607,0.1,0.3933950844601035,0.3996452386814913,0.06750277270908348,0.020000000000000018,5.959400837779618
[97],1.7183580016554572,2.926194281611556,8.336391115647919,4.620343218939626,1.617282126414389,54.97329760174434,123.88322305151667,0.2,1.02,0.3807807873685679,0.21508050515744767,0.49260694382022774,0.1,0.30846542195188537,0.3094412426645584,0.014246617908523163,0.020000000000000018,3.0753268220967587
[101],1.7183580016554572,5.0354187485463555,11.159638920552545,7.96670671814453,2.1935084996906973,42.24787785643148,113.00373626174513,0.2,1.02,0.3159497049419465,0.5246174087265467,0.6124189816209865,0.1,0.9226005140912827,0.9244351696885994,0.054668769472984324,0.020000000000000018,5.0835042483606045
[126],1.7183580016554572,0.8222469604038867,8.28757782039026,3.003393227100067,1.5206624039711683,41.96942276794775,273.8722995638266,0.2,1.02,0.5891166307198049,0.2186442984359782,0.6101333520682238,0.1,0.3102915052704391,0.32008206646948656,0.07597177786771808,0.020000000000000018,0.7650224094469003
[113],1.7183580016554572,1.172656798724543,12.034519675703462,6.454465932112557,2.3133976958423452,61.712175739956685,172.04762897265462,0.2,1.02,0.38990838670580197,0.3225426452602829,0.555077073730227,0.1,0.3852124672370012,0.3857373282597459,0.002154413643943559,0.020000000000000018,4.378518765554736
[70],1.7183580016554572,3.2607837367487704,7.3554556287144655,4.958895194973012,1.1881975700716474,29.041257614688718,151.9844062575718,0.2,1.02,0.17212089248616033,0.2019058681797386,0.4542985456899849,0.1,3.523368485761668,3.526634692711874,0.15042197106974514,0.020000000000000018,3.3127336196250616
[75],1.7183580016554572,1.7004974452726689,6.600369157987215,3.1333849172856136,1.2471992111480703,65.21381327565119,158.61965051435564,0.2,1.02,0.5045802662314585,0.13351649095925766,0.5258354404998316,0.1,0.5510371377133585,0.5516661715692017,0.01713586048288865,0.020000000000000018,3.6893635370027296
[117],1.7183580016554572,2.411527851057616,12.653973363901127,6.948814543558157,3.241741916079539,34.32741783250173,129.40449455259315,0.2,1.02,0.5503544531030656,0.5144210000569166,0.7031230354686413,0.1,0.6097647101521873,0.6522834511858638,0.23078279603116064,0.020000000000000018,2.628575699096038
[123],1.7183580016554572,2.019546971363966,8.998657494254681,3.852613517786867,1.3822211712000119,62.7615410604029,145.41598579358532,0.2,1.02,0.008663576959971131,0.08811193842843987,0.36683436089681143,0.1,0.3893785484085161,0.43346816603834465,0.1894175203298861,0.020000000000000018,2.4630293189933288
[116],1.7183580016554572,1.6915799181324471,11.272047242880074,4.486697475995494,1.8418822370111936,64.81912681745091,93.89555984253793,0.2,1.02,0.12548450248630155,0.18450047835719033,0.4312582485336744,0.1,0.37294497618054323,0.4041210985366692,0.15435642851588127,0.020000000000000018,4.201955893249534
[75],1.7183580016554572,4.640396188525223,8.582235691339422,5.802891815325377,0.8918666267326255,25.593939897541524,109.89038572423972,0.2,1.02,0.5134227615740935,0.23062751819970165,0.5799797230488124,0.1,0.6350336315061368,0.6411750517373552,0.08624229720113125,0.020000000000000018,4.163949617417734
[88],1.7183580016554572,4.51375992472548,10.707686431845877,6.739795055092014,1.5146874891479083,23.972201790074358,74.92690680019874,0.2,1.02,0.2977638590112152,0.24182286377873477,0.4837694452519301,0.1,1.08851953545093,1.0889763526100484,0.024386830166626294,0.020000000000000018,5.84508763484622
[79],1.7183580016554572,2.8225082651905096,9.508596733847508,5.840210110808005,2.038635552326983,55.9821552405983,201.4242388633088,0.2,1.02,0.5395225501404929,0.25892001753716737,0.6035394928942354,0.1,0.8186889049429108,0.8391351386079766,0.1830198288984169,0.020000000000000018,6.165995237868095
[125],1.7183580016554572,1.564008685027176,10.048560712763855,4.429475211471953,1.8259974200094373,76.18995364453093,271.2776987066613,0.2,1.02,0.10779652134300932,0.1945157206856757,0.4357773530869977,0.1,0.6296296626825736,0.6541387757274078,0.1762498958308357,0.020000000000000018,3.734288192368944
[111],1.7183580016554572,1.5680056607155448,10.25546268038383,4.474463643094368,1.669491097108177,68.82150885749036,347.58801084210813,0.2,1.02,0.28436243081293433,0.20883806561867657,0.45520421657428506,0.1,0.07427659378402596,0.07749763542868356,0.009427147653449847,0.020000000000000018,4.847806173919223
[123],1.7183580016554572,3.8677176164298106,10.889233484565763,6.4152129675352825,1.875554999214895,40.47261667331886,104.0567785019787,0.2,1.02,0.23096210526245103,0.28434614458539104,0.4422732391226146,0.1,0.9262450547255051,0.934062813934069,0.11892619127415652,0.020000000000000018,6.646878202583486
[109],1.7183580016554572,2.840320276082559,8.797164647592453,5.663821659753529,1.6419352223663388,41.83994872206696,139.54075400024198,0.2,1.02,0.17539764761672808,0.2356648200710023,0.44738671375794875,0.1,0.3187476975279503,0.34278470246956766,0.12450404639119299,0.020000000000000018,3.3838229903349677
[107],1.7183580016554572,1.840663225773506,11.812001126948248,6.3906116219321545,3.2467307872785587,30.854016043353713,233.11700853914164,0.2,1.02,0.4485835418726695,0.3865136454787765,0.6348598626027776,0.1,0.6091651049706805,0.6270381795891754,0.1472913899335827,0.020000000000000018,3.606748356405032
[89],1.7183580016554572,1.9715395224941417,10.737011465326745,6.944791047174173,1.6376598842037264,80.42263032034609,167.04042423802665,0.2,1.02,0.45497025212735515,0.3257301052272711,0.6075877493519755,0.1,0.8207110691267628,0.8353736588196257,0.15453960936437683,0.020000000000000018,5.1470862446119865
[117],1.7183580016554572,2.3400220211149048,9.497373694783208,5.239123793115061,2.018569662924483,95.65113858947136,223.53993106331436,0.2,1.02,0.2838327279707858,0.22940755302487728,0.4608144918283608,0.1,0.12959386294551234,0.13849807577880272,0.044577434664757665,0.020000000000000018,4.470861817596222
[106],1.7183580016554572,2.9362448086368134,11.958179925604396,5.682297665327156,1.60108149230132,29.28817804077753,94.3846759034613,0.2,1.02,0.3110914393868828,0.31615155759036323,0.5613379243454172,0.1,0.36118414302630475,0.3619268985404267,0.011708745169580509,0.020000000000000018,3.861097213618398
[106],1.7183580016554572,3.4859260328877815,10.605331121308152,5.50310792483817,1.5579740546000977,60.246774693867444,100.94399400047439,0.2,1.02,0.2305359233545211,0.20531630338374462,0.4657677627501193,0.1,0.3843059253022425,0.40210210729026397,0.11659785789137889,0.020000000000000018,5.528115125483335
[126],1.7183580016554572,0.8044665161288855,8.872154042434044,4.206093016643901,1.8579935202178914,66.08370872217148,149.68155989586154,0.2,1.02,0.13403038292060546,0.16318311241674388,0.3966928840683182,0.1,0.23364693656260924,0.2577493459801285,0.10697585890326869,0.020000000000000018,3.687484244674581
[114],1.7183580016554572,2.92475576750204,10.855107875218568,5.5713596900539315,2.1595679287328737,72.47424215845307,272.3509673948066,0.2,1.02,0.32133181886348333,0.2739344116782915,0.5051338645966443,0.1,0.12527591152206016,0.12688401536931151,0.0023450689876066133,0.020000000000000018,4.938551626526444
[90],1.7183580016554572,4.044157463377158,8.051788580620205,5.742750314324561,1.3668870190607054,33.276997894400445,94.61952301036342,0.2,1.02,0.2952374039698429,0.23610597045735748,0.43959182813450765,0.1,0.4737625384694919,0.4754582654847315,0.03477958252614091,0.020000000000000018,3.0061767758718245
[105],1.7183580016554572,3.99037835101897,11.116395251770792,5.6440790307116,1.5163354729344087,65.76857058696504,129.39792458418282,0.2,1.02,0.3429281653179792,0.19440357977922013,0.5001041769457569,0.1,0.378627154851651,0.37999881503366795,0.02530962338589235,0.020000000000000018,4.069524085066354
[83],1.7183580016554572,4.154090837540912,11.076170592178098,6.882875458328056,1.8912686820077884,18.987501124349237,81.49717525111805,0.2,1.02,0.3756357386408991,0.3440897546570936,0.5657330866203396,0.1,1.030369519825014,1.0394668988473923,0.13575745436249465,0.020000000000000018,4.9586830008207725
[79],1.7183580016554572,1.294049391626098,10.534777346224834,5.079763560909891,2.4338759502506635,28.604352833772975,155.91520714224055,0.2,1.02,0.5638852420823861,0.2715790544563509,0.5624810204204318,0.1,0.19713879843850246,0.2065788309140897,0.05840468758631939,0.020000000000000018,5.632297940611973
[96],1.7183580016554572,2.72053880856173,8.72657365540665,4.365217227409699,1.3093717562584737,40.13762041789565,113.90232876607004,0.2,1.02,0.5131133553232773,0.23531146477071316,0.5286675566512633,0.1,0.38135853667688707,0.39703707112803505,0.10864668588406973,0.020000000000000018,5.259591657728568
[87],1.7183580016554572,1.3215669069259464,7.790482739471016,3.4867431196236716,1.991831495343413,92.00415502683789,188.85208934423866,0.2,1.02,0.08883786636276385,0.1348335957240431,0.3615460090081743,0.1,1.3172580543993713,1.3313217629075327,0.1919605545709946,0.020000000000000018,3.944788600045395
[85],1.7183580016554572,1.5565895728092676,11.721951702021364,6.61129729883427,2.7419511018964142,70.5192230903848,167.08345039837232,0.2,1.02,0.35700571789641106,0.23667044851541386,0.44822478180147085,0.1,0.57870659469156,0.5826767122323225,0.06489089488030811,0.020000000000000018,4.251936468409374
[103],1.7183580016554572,0.7386688187863442,7.487816435508376,3.7474349730273713,2.0498168874272484,28.18235439027175,221.65813729894705,0.2,1.02,0.4970737805490159,0.18713134617513105,0.523272548881648,0.1,0.4699273866213332,0.47120945300444106,0.028400702526320876,0.020000000000000018,2.1967144909513863
[97],1.7183580016554572,1.582319064800564,9.625924511745739,4.198720867932754,2.555225004087527,58.64056619281453,164.80396826618892,0.2,1.02,0.1805153214871601,0.22595800690437595,0.4103938845889425,0.1,1.506224261303996,1.5167492014295485,0.1772473263448706,0.020000000000000018,2.3658013838432153
[102],1.7183580016554572,3.020048532113941,11.730301934909802,5.27094390319131,1.5247600696822483,54.42650735375059,144.31970320192167,0.2,1.02,0.554443642682557,0.26018889767573555,0.5985634506242434,0.1,0.34051892836327186,0.44590149882792773,0.2871846202067955,0.020000000000000018,4.515018755900957
[96],1.7183580016554572,3.3698587830052333,10.121267967856921,6.1083028779282955,1.7808703796967003,79.68279738727621,147.84840259975712,0.2,1.02,0.25588409761552566,0.32825361631187094,0.515457929993951,0.1,0.6864523173955757,0.6900998767038308,0.06797834779461878,0.020000000000000018,5.7981118485058
[99],1.7183580016554572,2.287229558620321,7.733242037200188,3.3515868908784863,1.3185779458905975,53.23308092999359,193.84181816829837,0.2,1.02,0.5868396611957137,0.17667672470493473,0.5403902600638767,0.1,0.19881156675577927,0.1998389124999338,0.0030906105009400053,0.020000000000000018,0.6086612906578958
[110],1.7183580016554572,2.561749660335409,10.501783654387491,5.134112196035323,1.7721355081637076,58.34252641351188,126.84749307610542,0.2,1.02,0.5676360467443712,0.1998931380168609,0.6060436958360613,0.1,0.744739550743261,0.7794508092483666,0.22914311160639195,0.020000000000000018,5.722840131746467
[112],1.7183580016554572,3.4924525694680435,16.524501497066506,10.26997037158909,4.134756632819717,75.79646857362,174.31930636320186,0.2,1.02,0.31649411811410294,1.1662890397450232,0.8415773613455012,0.1,0.226698817821897,0.3128457116781504,0.2146627245554355,0.020000000000000018,4.774580094833852
[116],1.7183580016554572,1.519850967422635,11.569774409927021,5.949463908728234,3.246126443870827,65.63339592972619,298.6914953249805,0.2,1.02,0.3858624769411843,0.36114312605320936,0.5923284768447966,0.1,0.17194406497982423,0.17563213958514876,0.029696581848272674,0.020000000000000018,1.8469960507163614
[125],1.7183580016554572,1.372046600594711,7.682918866690278,3.933767520896052,1.92383997584617,91.80811320351768,212.81133822313492,0.2,1.02,0.3223384123245343,0.14973380785516452,0.41436757062889357,0.1,0.17547565798639356,0.17979985097257184,0.03370875055532732,0.020000000000000018,1.1455061271537166
[94],1.7183580016554572,1.3104746144823716,11.039157670967853,5.345367851491131,1.9646188823710051,62.09733877710382,158.13023565369127,0.2,1.02,0.5154277692926214,0.25534046615677425,0.6262201306255654,0.1,0.9742129016916172,0.979215521370612,0.09681043058843819,0.020000000000000018,4.946940501701764
[116],1.7183580016554572,0.8317589698663531,8.489317649723965,3.831246538185272,2.601120697352428,54.23067872792718,90.7090235005029,0.2,1.02,0.47146654843076724,0.18470603065271443,0.5419724778709476,0.1,0.5694342711262961,0.5722460035429527,0.05301037103949585,0.020000000000000018,3.5560409993186677
[107],1.7183580016554572,1.5108366844370293,6.87753949079342,4.001806434595528,1.3195355902462444,42.07856921174312,222.1304858419379,0.2,1.02,0.05838306973559528,0.09160491556754978,0.35747765959360533,0.1,0.3120641241357266,0.35919868049471737,0.17674748794975245,0.020000000000000018,2.4097938216126917
[125],1.7183580016554572,1.9734939352602106,8.043223439038725,3.930647094800288,1.4516062269194816,42.727717477477256,245.0412022361058,0.2,1.02,0.5865828509331111,0.2734610749269495,0.6077120851185003,0.1,3.9749979426175632,3.9750989840117055,0.020082053605985806,0.020000000000000018,2.5144673354126197
[119],1.7183580016554572,2.6772844262769726,8.209924869328274,3.90772666956437,1.0088379968880208,75.62082996596688,115.02217379652942,0.2,1.02,0.3478200172108716,0.12883197561932805,0.4471717314893341,0.1,0.3187906894954027,0.3228860348750857,0.04720050644220716,0.020000000000000018,2.445816784066356
[68],1.7183580016554572,5.044787155158643,12.610396511282941,7.187331694479648,1.5783725697948456,30.360904527692668,73.05424371343064,0.2,1.02,0.096513144440013,0.2924272349571143,0.5202005310609522,0.1,0.7998359283040827,0.8186852104845618,0.17351645933483537,0.020000000000000018,5.43705232193193
[131],1.7183580016554572,1.4405503603897647,6.454863760543301,3.971294450963127,1.1430899430186905,56.21259049780628,265.0184205294818,0.2,1.02,0.12339797192777463,0.12701388100126393,0.39984723927604143,0.1,0.1459162995664097,0.1749803132492529,0.09448038709516624,0.020000000000000018,2.466443949097692
[77],1.7183580016554572,4.4955866903285555,10.887858134937042,7.512698171548296,2.1424215823650363,24.896143665626088,118.65482278826877,0.2,1.02,0.18361513372793273,0.4168746593319257,0.5535871504954509,0.1,0.4534720868256541,0.4712931956050613,0.12680829110754938,0.020000000000000018,4.638323446716599
[91],1.7183580016554572,3.3894566670350375,10.23670227513361,6.902589378202383,2.0832101416129953,17.145940557711636,87.46485830690536,0.2,1.02,0.10404558090745616,0.32328097365139863,0.5132969618519692,0.1,0.386243056159825,0.4167054654072509,0.1551120448855982,0.020000000000000018,5.799781540732421
[74],1.7183580016554572,4.2675468946307085,8.57860589758429,6.411909711595978,1.3307846825993794,24.87407716413785,110.34838568472662,0.2,1.02,0.14191834778950554,0.3470162413264409,0.5031004130791181,0.1,0.8773672053307707,0.88260994603408,0.09395266812791878,0.020000000000000018,5.719870411598213
[71],1.7183580016554572,3.0640348425497916,10.071875106091735,4.963415318231042,1.9519199049803093,33.83766874938149,96.8218407155187,0.2,1.02,0.28656027781242804,0.17500221693111045,0.44527803145372225,0.1,0.6130518860104804,0.6249959154036467,0.11994698549874147,0.020000000000000018,4.614284309174672
[81],1.7183580016554572,3.3296278725095627,10.1826924263143,5.68463410165734,1.7751446418980457,34.66916216893735,80.08345187605515,0.2,1.02,0.03306705429954939,0.23778692493784673,0.457957365474797,0.1,0.5734858120632679,0.6047871904432449,0.19100148974908027,0.020000000000000018,3.1289091813163092
[82],1.7183580016554572,2.8292691604278684,9.376597385616774,6.838612055337615,1.7590850667407572,27.95437746595212,110.23900303793691,0.2,1.02,0.07383777480573735,0.38569311624213365,0.5437305428238338,0.1,0.3482607514426919,0.38211781114314325,0.1559758654324394,0.020000000000000018,5.194178377124005
[85],1.7183580016554572,4.266122503733209,10.04680557545758,6.950568376388278,1.5745726137714453,34.72408830566386,77.68455756146341,0.2,1.02,0.3804982696109653,0.3290519349628109,0.5959987716271311,0.1,0.2727478685717502,0.27596171857528434,0.036925198829413364,0.020000000000000018,4.115725563935746
[125],1.7183580016554572,2.4877156477810836,10.829239314545134,5.629227806319467,1.7565353033065387,59.48312950133643,194.30331106522192,0.2,1.02,0.576756364929932,0.3071344883376852,0.6306115059841282,0.1,0.17918761738793054,0.3629617655345403,0.31501276325696265,0.020000000000000018,3.254954018515624
[95],1.7183580016554572,0.48016760932606617,10.06629079959993,5.726313313397799,2.4877997356665182,92.26834982265277,240.86296327474324,0.2,1.02,0.31197456065657525,0.30609240106424984,0.5281952621146397,0.1,0.4012184383618891,0.4077755484544655,0.07003329662230051,0.020000000000000018,5.619477343153384
[120],1.7183580016554572,1.2804668898182647,7.252999691931208,2.861674341449277,1.185418533373198,58.34403049115205,222.7388851402499,0.2,1.02,0.3011926543222918,0.10040589609219465,0.39227634257452293,0.1,0.6092424316531608,0.6135315836256168,0.06960361757481334,0.020000000000000018,2.058006751566166
[145],1.7183580016554572,0.21099666703548192,7.489372976044327,3.882039132041354,1.4755233739131586,53.583668899153196,532.3957427222006,0.2,1.02,0.25138196159739684,0.17456927796728722,0.42655265846583107,0.1,0.25457709534960465,0.26522900137052385,0.07167234955939181,0.020000000000000018,1.4917603232555199
[94],1.7183580016554572,2.9634757775235583,10.667417452460354,6.663248694098881,2.432601912409048,16.139858209148542,132.40117151284687,0.2,1.02,0.02994757731636306,0.4204193235916546,0.5445573559143712,0.1,0.6413808781790904,0.6662881386329829,0.17936123546971858,0.020000000000000018,4.128452659470609
[105],1.7183580016554572,1.606210025991717,8.765214109873984,4.081383442496096,2.2968778476955123,74.64485571808027,282.43929480504465,0.2,1.02,0.005168030292504322,0.12320598491099946,0.3879803613251609,0.1,0.35004442280341047,0.37210131515830486,0.12461256279672316,0.020000000000000018,1.2951913336881076
[115],1.7183580016554572,2.837891034599421,8.9294280600512,4.830747552779781,1.6116026729958473,52.224054537999905,130.20026139793376,0.2,1.02,0.5417335808064954,0.26150432115700273,0.6209996896225664,0.1,1.1153581031282394,1.1277244243466,0.1653441231312628,0.020000000000000018,3.2723949603645037
[118],1.7183580016554572,2.608723832833571,10.56941568263563,5.530456456689964,1.9701434726465552,46.42943103974845,152.55095480571254,0.2,1.02,0.43937761155365385,0.2503272693406043,0.6076393748068198,0.1,0.5252846543998211,0.5455839467600946,0.14607489453832284,0.020000000000000018,4.99658996274673
[99],1.7183580016554572,2.009023270066411,7.054862805238097,3.796158054401416,1.111015358731347,26.948326795732772,181.39742505604616,0.2,1.02,0.46572967897046574,0.19099304383142718,0.5480043334279532,0.1,0.4427545894841226,0.4496520341413972,0.07586386029093367,0.020000000000000018,3.8917032141815486
[113],1.7183580016554572,2.4183024147231715,12.629880230175349,8.08219923005909,3.655647423547676,39.34703426680984,146.51490075173388,0.2,1.02,0.08586181942904922,0.33345476642486416,0.5381042731475721,0.1,0.7588828612610845,0.7693814277595489,0.1250783125306368,0.020000000000000018,4.1967516438009795
[115],1.7183580016554572,3.198506169384072,10.564079034764106,6.417719911052653,2.447406148192249,29.71876701297419,127.22788261435225,0.2,1.02,0.5483419683961914,0.3756319127697393,0.6417206986930016,0.1,0.7953098021311946,0.8161990785571995,0.18238216599125517,0.020000000000000018,2.9941950377862976
[105],1.7183580016554572,2.3737062256325254,13.4555092293812,7.773435897418427,3.29694661621175,38.183283832395496,174.74395508955584,0.2,1.02,0.5295128240585034,0.7779092156749262,0.8110150964854393,0.1,0.4366086286313069,0.5477950936810584,0.3302307830377554,0.020000000000000018,4.631145822774232
[104],1.7183580016554572,0.8200710168585081,8.160261467518957,5.0235614153186825,2.0776255678068174,25.077171637807986,183.0758188894766,0.2,1.02,0.5694778863363014,0.3223378603013615,0.6683158083330323,0.1,1.3384657780862788,1.3446572208494458,0.12732793281306337,0.020000000000000018,4.629122883136807
[57],1.7183580016554572,5.823262674694006,9.97232006037082,6.594901571704532,0.9296679696955327,22.17944519616085,109.01919832232521,0.2,1.02,0.05007349869671416,0.24901052019925082,0.4917993932699736,0.1,1.132243539575708,1.147345628515715,0.184462891561402,0.020000000000000018,4.3194676647393635
[95],1.7183580016554572,4.979662428582138,11.865843625566804,8.033589590592744,2.26921421057856,41.764615463832335,93.76381573226136,0.2,1.02,0.12207777846705087,0.7224076053954351,0.7536513508628677,0.1,0.732488299921983,0.7436403106619417,0.12673516528095996,0.020000000000000018,4.922008684781436
[131],1.7183580016554572,1.5783516624950316,8.071658903636063,3.98318939621759,1.7895945317512851,69.3681574598134,202.25896578503213,0.2,1.02,0.19969599518392636,0.20513784978301422,0.43739268355598576,0.1,0.24037976307365075,0.26938948174870603,0.11995108328602934,0.020000000000000018,1.3441520009559749
[82],1.7183580016554572,1.6488299186363622,12.119488787547409,5.23542824529006,3.132730715809608,16.692539797707866,126.85649367836656,0.2,1.02,0.1884604705209937,0.23098908872069246,0.4495169761073231,0.1,1.6010313185624807,1.6099470146005646,0.1680122221844435,0.020000000000000018,4.416422613464603
[118],1.7183580016554572,3.8323949423538184,10.875283017388016,5.172323155523104,1.3826043558655354,55.89833501917036,305.54051743600206,0.2,1.02,0.5427188453183154,0.23369535951514014,0.5874932004354793,0.1,0.3418094369934017,0.4706503300627015,0.32292110796661094,0.020000000000000018,4.355981381896613
[97],1.7183580016554572,1.7713029438159682,8.007156815196643,3.8592637457704697,1.8222909822109545,69.98724537677215,264.93093805291664,0.2,1.02,0.1771660350286026,0.13449885833279526,0.36112111657869944,0.1,0.3225804775104492,0.36425032175473265,0.16798848897337224,0.020000000000000018,2.5545900436423463
[81],1.7183580016554572,2.607875147100532,12.388144635869928,6.0417971721526555,2.3218715568697847,59.75462518083589,128.9396500292686,0.2,1.02,0.16544013702792718,0.49901120224024814,0.5739059767333469,0.1,2.4243446975319345,2.430439834340448,0.17085249748721462,0.020000000000000018,5.245003282125675
[91],1.7183580016554572,3.3219677985139926,9.788640947744483,5.629161679229731,1.5372692066984117,81.18931581999873,281.1115378108999,0.2,1.02,0.06554889417590541,0.18275068608459724,0.4277239225242232,0.1,0.8644312362478794,0.8855559662389602,0.19122763173867224,0.020000000000000018,4.479635581405145
[123],1.7183580016554572,2.887134349783456,9.069820698567218,5.153895709233773,1.4329627564200302,78.53667064314773,278.667436286827,0.2,1.02,0.31346285399009993,0.2719795530751932,0.4804775508957713,0.1,1.9189303368487625,1.919151214500513,0.021160019855588602,0.020000000000000018,4.1163737385698695
[140],1.7183580016554572,1.0415919256223924,10.416549914211961,4.796882698095363,1.7912956788984997,80.3014997587206,294.4056466048382,0.2,1.02,0.20542923412317052,0.2282284376405039,0.3984900705014539,0.1,0.1401823163989722,0.16144220527760347,0.07754033668945673,0.020000000000000018,2.6249022294821747
[116],1.7183580016554572,1.4249013256121181,11.594686264468692,6.122211210767919,2.018699246139149,68.43611979254,253.3981897013125,0.2,1.02,0.5121238702190547,0.272017799767139,0.5318372713585211,0.1,0.14562048075338005,0.17188476251272672,0.08910133090594624,0.020000000000000018,5.641476293757251
[102],1.7183580016554572,1.9355580965848835,9.186878283942342,5.312442323635169,2.3230150200658666,70.55517959783003,125.83447770426473,0.2,1.02,0.4971321857531606,0.241794242256722,0.5668752677293861,0.1,0.4349160368811084,0.439414902521448,0.05944322855939077,0.020000000000000018,5.04966540134211
[94],1.7183580016554572,1.8464475880398912,10.458770851122203,5.090285853293191,2.1677272121300084,18.854530247767048,105.62179996579835,0.2,1.02,0.26643227953955895,0.2185761221400591,0.45044617609574045,0.1,1.395427161047342,1.4064272671312752,0.17441529732710429,0.020000000000000018,4.180198270345704
[123],1.7183580016554572,0.46066490339075505,7.043534026385757,3.1991157291335726,1.3169436846143772,109.95498938822291,215.888287025262,0.2,1.02,0.05049076460010566,0.10383049327220017,0.36163973031823354,0.1,0.4326206421969266,0.4681651858474686,0.17781456966377535,0.020000000000000018,2.9456562352415694
[90],1.7183580016554572,2.9888205797106107,12.946608394898643,5.955968475959758,2.10758219675541,32.67537908103601,111.49314237601615,0.2,1.02,0.2960611191729615,0.3796865791646352,0.5837411273811867,0.1,0.4238448626866233,0.4318874231265971,0.08051259919472101,0.020000000000000018,5.545868104545399
[113],1.7183580016554572,3.351477595917951,7.199268893590813,4.597230117628409,1.0276639321741523,73.78671841460888,232.38929727290227,0.2,1.02,0.38596283031446504,0.17400105655721884,0.48642777655303077,0.1,0.18211127086478276,0.18730516948435721,0.03897064971972505,0.020000000000000018,2.690485968510007
[80],1.7183580016554572,3.7501145859547,8.404569620409307,5.595718952974074,0.9625686659479736,50.945020668587254,136.05681049363196,0.2,1.02,0.11456743023019549,0.3392095754973536,0.561112228408716,0.1,0.7798659412103165,0.7909851230365773,0.1306391159084319,0.020000000000000018,3.0868931828454143
[72],1.7183580016554572,4.949337734085667,10.080469761257415,6.074229259449637,0.9398651200295943,23.251677974054466,115.87598302974916,0.2,1.02,0.35215159911914945,0.3639741751685797,0.5920035465023271,0.1,0.8549376727349419,0.8602409907147065,0.09325308490544071,0.020000000000000018,4.376257918656681
[81],1.7183580016554572,3.9564902282100873,9.109227543493674,6.557252557430959,1.401011527584548,23.07630064711396,112.69278524001561,0.2,1.02,0.25233273918354865,0.26499300213405463,0.5054476086985542,0.1,0.5455838503836786,0.5527563524102893,0.08647454729831033,0.020000000000000018,5.708497207833199
[84],1.7183580016554572,3.498124625150956,11.689472844732455,6.331307493655801,2.8001082039688483,27.8390518230937,124.05897670297819,0.2,1.02,0.20684837577250728,0.3962509399356219,0.5421611504704159,0.1,1.3091128821102656,1.3104413375541943,0.0554973969099489,0.020000000000000018,4.9627653291907965
