136,0.19967389191473336,0.0523241972125174,1.174847619034609,0.7277428912811851,0.32365670406426267
186,0.15512896560828168,0.12519413804860371,2.570732314357177,1.4398579347655993,0.06173123092568551
136,0.05056621329144924,0.005004605702258225,0.5809825811313982,0.5975876955827921,0.3134297236397289
156,0.08641716357533179,0.11008445369443698,0.027517420016550047,0.0481598644986718,0.05928121575287421
84,0.11639029034631763,0.024382062646215275,0.3549940240600704,6.2683317659709035,0.3549940240600704
113,0.09681637326199283,0.02660668448723329,0.7959711880279922,0.1763124903586759,0.16049306932088328
167,0.18495675736865705,0.16996395217845447,0.39608923274441854,0.25937069144964614,0.2529172194713794
151,0.04638579381230552,0.09451908331918107,0.37395043950117557,0.2672297131208749,0.07918831570315438
109,0.14947687078053093,0.0751458850312356,0.5157425100537936,5.235561289429829,0.5157425100537936
164,0.1842408532454235,0.036265226603973515,0.15189285608723682,0.059409101532919444,0.12866695858986002
117,0.007852079981822335,0.1025927932163726,0.903052111048648,0.16602424407540778,0.1660189019854516
161,0.15369357111292223,0.05386560837175652,0.5677022623155074,0.6839023139777064,0.22677160862924828
116,0.12475829253384213,0.018748706662222593,0.3337402935564527,0.14764739185286785,0.12576607494687592
87,0.015696988007453273,0.030075875148214994,1.1164909776209517,4.444506560223118,1.1164909776209517
103,0.0992667635081322,0.18222071082146363,0.6204174243634761,0.5750601311913744,0.26802725774829983
108,0.103513944223943,0.0018091036728845823,0.6767338667005462,4.943306434262307,0.6767338667005462
112,0.1280437066628651,0.10239867071466907,0.224806686963938,0.24728564480051476,0.2683671627325249
132,0.1360667512002307,0.10617527288153726,0.1351738386378004,0.18197983332790177,0.0898987398129091
113,0.14456012273920216,0.0031630502645995096,0.3141042394503054,4.8835753092956535,0.3141042394503054
83,0.0368727924531747,0.027242720979567283,7.212050036806969,10.082466554652797,10.044165820403935
103,0.04927999251456199,0.1798224914763008,0.6646113416846247,0.38437179624963225,0.22662135116991214
91,0.01821645971331236,0.17270494572958484,0.9182664637572913,4.224718349890966,0.9182664637572913
96,0.17916471437890308,0.09758538074789867,0.7056826073277122,0.4381194569152235,0.4381194569152235
214,0.008534715473279353,0.0063472114192756335,0.2550449225613902,0.26173374839667674,0.07468378460423047
77,0.05378477668893627,0.1985831555714257,0.3034322345142,5.697529661109037,0.3034322345142
109,0.10752792189984235,0.005739989351899855,0.34898609872102093,0.3425980619237269,0.3236711804819433
90,0.053627702582713946,0.16330285812398615,2.2948345320464587,1.2866779782531086,1.2400793008895048
153,0.07162676668889416,0.04040566707221556,0.2987055736500635,0.17824751195726918,0.11160644310718547
110,0.15857105678350988,0.07004329958208398,0.207001411806839,0.32954506314543763,0.07182791842863104
144,0.17923271073085603,0.07603844329859973,0.3786497374709136,0.3831372612852785,0.24159539574700262
119,0.02622212913477384,0.11126470317977528,0.33200631974068723,0.4023291282406353,0.045591689203287905
190,0.05591661676293727,0.07353495870556646,0.31060951556090266,0.12329938712496108,0.06851855430415929
67,0.01451422527489279,0.03299381293616439,0.2565897408576333,0.16785153907274267,0.16784862267902081
144,0.1901933698421748,0.1720663625873383,0.13380560988319357,0.05207800627482153,0.0638341105454018
117,0.16681731151233664,0.0026967300655742045,0.9296677956522359,0.4347548573833978,0.4342004139439346
107,0.047820001386080224,0.15253121060567978,0.22093330718899915,0.3372562036601542,0.2795330677461403
139,0.14925381857358827,0.03411414061249285,1.8485372537048765,0.8975009836523106,0.07201399649615055
97,0.1425199907579387,0.1958891191996176,1.6076141106088195,0.34408242341722006,0.3678875688820153
94,0.1868106528748431,0.1606271247815394,0.5951771782594878,3.6357529674086053,0.5951771782594878
163,0.12800385666507333,0.043181408748884056,0.1856950252384422,0.09542186711600482,0.10572483837286742
123,0.15915277076278578,0.021768841301170207,0.545558598714883,0.03577946298002724,0.12419189384271702
60,0.023201235003316147,0.004061579218702338,0.4542553477010296,5.068453837165373,0.4542553477010296
97,0.10680411547635496,0.17909316960463928,0.32620703220068265,3.448944399482188,0.32620703220068265
169,0.11197049320328314,0.10515256469442436,0.17957527696865686,0.1281416954670378,0.08072262943016163
98,0.13641105223643304,0.029015654167836514,0.20632225636240897,3.7504662959050146,0.20632225636240897
195,0.1146697193084513,0.0892213256775658,2.4939897748148048,0.3953351384453277,0.0560974291735518
55,0.1374821795367391,0.015259592181613813,0.23516998702889852,5.529989105555218,0.23516998702889852
121,0.04342204734407418,0.01455717094948541,0.1988642857334667,4.416288092404741,0.1988642857334667
105,0.14494436245671202,0.029763648862168913,0.6913879705477461,5.946186083804627,0.6913879705477461
206,0.018721371892168295,0.17103655665159825,0.26326527409181544,0.24805985915209677,0.14963276048206753
166,0.12501232447972382,0.06299677232987966,0.6549435497985493,0.632259953163316,0.2231245452801638
194,0.16267497824302157,0.03280335340180085,0.3647326597925025,0.3717522061951274,0.1968550014717496
116,0.15028901218551002,0.05471118570751288,3.7906837486632177,5.274783646073255,4.897088337882358
145,0.12560149426685283,0.07737538395231065,0.3253410898185165,0.23237292845978286,0.18223796387203162
93,0.06928014489586203,0.16088016513129721,0.7412346952999653,0.2701475701325677,0.2701552854539662
61,0.1126618456086179,0.18252838878230265,0.6353430592651655,4.139752726431845,0.6353430592651655
73,0.09066720318393162,0.14816014448739143,0.6672251273912746,4.122040166461889,0.6672251273912746
193,0.03578293375378501,0.032235804119248916,0.2805593757473024,0.07606873692944367,0.029752512255811332
196,0.06535571439182374,0.1494333045152749,0.3391597451882577,0.3246573310297661,0.07215203086493689
153,0.01552968420163452,0.17532112363940608,0.31649280623566667,0.1591566197318686,0.16932095369254097
119,0.19287321745436314,0.18601764467752396,0.3111435620773099,0.16828656997061509,0.17745186757362144
144,0.012664508649139594,0.04990299490516384,0.17354624749910727,0.07469352670990376,0.03037694022186441
202,0.1848328221516847,0.08719134483713598,0.46294728831082205,0.16128037634247555,0.1600208128069602
92,0.1111006434757837,0.13132874867291353,0.3682393760192861,5.481360399483783,0.3682393760192861
122,0.18970653803268855,0.006577845024420492,5.491403005216776,3.257359725967662,3.263964808807002
133,0.037871644210081074,0.054449717718671575,2.3854504190667334,1.9588629129810502,1.572676442261619
93,0.051768546875507075,0.08599315628079332,0.945679848044679,4.888737159172682,0.945679848044679
146,0.045834009368498754,0.1428552638806619,0.42066219799111776,0.3775102942941345,0.20952748761826342
157,0.03374214551643728,0.19874833460595132,0.8562014460721629,0.3813018773441286,0.12477988400601639
84,0.14607811472593604,0.1306413631633568,1.7749346677964104,0.17088387368960162,0.18199714659877025
181,0.1151519698558708,0.14263074019803404,0.1257629991321538,0.14542809862020484,0.17006606569062557
157,0.14623532794945962,0.19855923529088373,2.439499912797598,1.6458340198791879,0.09402434784385758
147,0.1080515570293811,0.03911945704582727,0.7639776439722273,0.6803608147623751,0.16430726850376415
136,0.022233862134970785,0.1049167564765776,0.41907205015737103,0.185318367546247,0.11465826889219942
151,0.029639818616876437,0.1852849770186312,0.28345277093341487,0.2520652385653155,0.007452061245586934
86,0.04184069188916831,0.059950678973586795,0.47958702613200316,0.058981722472445146,0.05898673180606061
110,0.023619569798754084,0.07757077476249674,0.7306375033884067,4.731911011669435,0.7306375033884067
72,0.04002303194802277,0.19731924319547783,0.320579920624533,6.209138737430749,0.320579920624533
121,0.02179053448620534,0.12688874220299926,1.0297955954690443,0.24022807379361455,0.14470870943876252
133,0.13977934328675198,0.19548339020214348,3.709647695242062,4.249746921909499,4.182432195270569
107,0.19214418917210763,0.005059732488869173,0.20424592958788787,0.34435497101888807,0.3445556444809851
87,0.07204371995187751,0.14179713216293524,0.5969350351405489,5.337285154685887,0.5969350351405489
111,0.1287272079598277,0.11530212325932694,0.7368369651643069,4.060578285255101,0.7368369651643069
179,0.1959356220995552,0.03640532695947161,0.4196675528522557,0.35908239370939093,0.08928371213916592
110,0.045631722274562116,0.12879394101360242,0.5277789772406538,0.12505948329459468,0.11922307379205592
189,0.16495579974553776,0.08683723340126498,0.45987010113905474,0.42494635577731843,0.15297809132437118
127,0.15367595826077607,0.112161120076897,1.3447799611680056,0.13309475634078394,0.1793382345733405
123,0.1908529160357511,0.12433615204059525,2.2365167926284406,3.20374388584099,3.2253968555137655
142,0.04601352945037556,0.1645675405997692,0.4587113081143095,0.2735286100581725,0.1462143924470515
136,0.19350934298524253,0.07694336748497932,0.3106348837152354,0.28796278420781607,0.13075546826795173
75,0.18073618914574346,0.19994296054741734,0.3767191877982305,5.1714769359087285,0.3767191877982305
74,0.1385211774246827,0.1813914248092655,0.6182744493875051,5.498367458396986,0.6182744493875051
172,0.04490139844724109,0.05958365390052953,2.23874821686447,0.32422059088123184,0.04158224567106376
180,0.04648577224676651,0.09658077158941875,0.571744650998803,0.18075891303518873,0.14939184663657534
135,0.058237539279866614,0.17720000381773487,0.5269965083351806,0.4678392920961916,0.11035586586750874
85,0.05182260853423957,0.024293750636870604,0.29615054860471945,4.561197019053776,0.29615054860471945
130,0.18571379651239847,0.023901177081156067,0.6442158740204439,0.6269743176718766,0.28853499571843366
86,0.0008231181843024516,0.11414138322462714,0.2912869110244351,0.10709788195213582,0.10709957506781141
96,0.1171272992349548,0.168394629284228,0.31217486274333284,4.23126430641961,0.31217486274333284
108,0.1528703165839008,0.07618041111550718,0.5233280672747816,0.5145343908969792,0.16947352009487154
104,0.19999777273267377,0.03798985328719393,0.35597869253194936,0.29237212851452776,0.2768826289093231
118,0.0808078507077596,0.047712675045013156,0.5009544024074203,0.05199539572488314,0.07249316790137397
102,0.09323702861729477,0.07647812602033639,1.1554421564948794,3.4287653830962785,1.1554421564948794
155,0.09527377456021052,0.10179863686402793,0.4159753963862005,0.26199026097370276,0.07957524180022331
175,0.17075592277763665,0.19814892355982433,0.4151268906120699,0.2646107924642971,0.07474286563991075
225,0.17488951446552134,0.05110920421602714,0.23438673900943655,0.2943264533099278,0.041450587895474324
174,0.10431241864336516,0.14861664979379063,0.265065593917395,0.11840745228388497,0.047070924376393895
89,0.10416602596023708,0.020944711556950747,0.24687076765294216,3.7542990618064325,0.24687076765294216
155,0.10382097009603937,0.08026061257730831,0.34573041213843714,0.24643132931943504,0.260240640528733
84,0.01247756135340421,0.07013733194694438,0.6509208829383598,4.334053471513787,0.6509208829383598
198,0.09491943445364125,0.15279558807678406,0.3472639781073202,0.24863620989956567,0.05275504696387442
168,0.11888371545412996,0.18719642909366452,0.4268492833269915,0.8584665514035396,0.4086014755693604
128,0.075409264750651,0.005943847126339797,0.5019294215324042,0.4004535174540439,0.2972246651777347
80,0.04071454519201581,0.14731428777779557,0.44998350662303294,0.3448675036267707,0.3448743075764574
93,0.06531060980445039,0.19618506166706154,0.6014949307260775,4.6157936574741125,0.6014949307260775
134,0.07579338897637425,0.060406936154876384,1.098180511660419,0.17940104859895772,0.16324748018200827
75,0.10174921764953289,0.14226225883309748,0.48167959761864626,5.364975783053064,0.48167959761864626
133,0.06030903443101095,0.11286498515597716,0.1491525502965477,0.17449230495932197,0.09199885019427287
87,0.10172248431580935,0.1949995691827535,0.40016666953215074,2.9410822590408445,0.40016666953215074
117,0.09590732991060057,0.024363205412445188,0.9255027346846406,0.12364720757297909,0.09330237098059142
192,0.15373867024200366,0.1341471456145039,0.16210339790155318,0.0544091527815717,0.05840487403162785
65,0.10110145767840324,0.009628637874127667,0.47755929515064943,6.044340721856757,0.47755929515064943
82,0.11077114312972446,0.06407992887369673,2.179513789623574,4.634441725935152,2.179513789623574
115,0.12661735833759832,0.17614450153989156,0.2738602597845265,0.3257682629756345,0.35820481331371484
191,0.07950441076723616,0.023752848238844937,1.9162231711214686,1.2446727993729232,0.01759336882678802
101,0.035352438787174846,0.03957768871027548,0.30015379857895086,4.835828381662148,0.30015379857895086
165,0.1645589742535536,0.15318170121015492,0.9915495750873586,0.8882588731812608,0.12711738275868534
153,0.1793611109341441,0.16872669719078773,0.40747090925753937,0.23597285370861754,0.24356598715189512
150,0.006619047770011899,0.1433656585984962,0.2488870374745808,0.13950272554059698,0.08848016224242003
75,0.175177423224221,0.07041848525119446,5.110761751929625,5.22583812082312,5.110761751929625
72,0.05555102726849486,0.13641925708555416,1.199977798366007,5.792192450458775,1.199977798366007
113,0.12629043051810904,0.04197187167105892,0.20180098243627873,0.12119686932265387,0.07628528444246796
62,0.1667342399266254,0.19285185934487728,0.5646783090364159,4.106753154180413,0.5646783090364159
91,0.056084256031454977,0.06305662239482875,0.7570712704441922,6.084604397049528,0.7570712704441922
69,0.056149102322901205,0.15196858879074027,0.6388408860176512,5.805153345551233,0.6388408860176512
111,0.12411232902625438,0.1728846884644538,0.5863437124685752,0.7779186767786166,0.3062022437089882
110,0.06105000772450067,0.1600917895116458,0.10258730488009812,4.3275698666151055,0.10258730488009812
99,0.02018759420877987,0.046123491180679356,0.526981605755141,4.74860249576485,0.526981605755141
76,0.08499438411148841,0.07091611029192278,0.7784117201284492,0.10329219751143438,0.10324222561591766
181,0.010910638628165015,0.1558319978922574,1.125586636002212,0.18800714310626804,0.0688505713854208
116,0.04328141765393641,0.01439646560310921,1.7051745322639584,0.2383823274926774,0.165485723912268
73,0.096835597448159,0.008216319922914873,0.555038197848788,0.20358905674734365,0.17051678546970575
80,0.13689767516046555,0.03158367280439916,1.3736599167371875,0.28292373461266046,0.2877058230626301
153,0.1525576057243533,0.1783252668138861,3.2480013629191817,0.16567278050498166,0.11941504001069045
86,0.18680603190327372,0.18198045102456564,0.5347272904284706,3.3409458035331574,0.5347272904284706
185,0.16083148569925404,0.07140186472318492,0.31842500630639287,0.29285755440865613,0.12863948320084023
114,0.05308240676348517,0.062307992791974055,0.44575898302424954,0.07536645114713045,0.06932089263250968
115,0.0780899140004535,0.08780414190584858,1.9873094315055462,0.11261957996541341,0.10567255219605218
154,0.04860586083330274,0.186339400599546,0.24822895860974412,0.12353187529597402,0.11209464775516821
176,0.07726984154732582,0.012771996605073312,0.3035602044725699,0.26130198765481405,0.038498475432660356
187,0.10838510284933339,0.07026938388171249,0.22464195064901848,0.30346349877533935,0.060433530686407826
81,0.04353326111722422,0.016482904221387408,0.17614234891331557,5.454192541049864,0.17614234891331557
67,0.006231031463298887,0.18111081128654793,0.555059166105094,2.1439524466488202,0.555059166105094
138,0.04148513427597278,0.02390920092694018,0.2049436993966856,0.16192901276439842,0.0407023294989036
212,0.1663589668476423,0.08107373942471952,0.10827131083537671,0.12377248974152219,0.07345606361918791
207,0.07631654865069229,0.054189218519339735,0.2847313600668991,0.21311638564083152,0.06355167767568033
187,0.06353261179466585,0.04705649814212694,0.26047903583426896,0.14370905603525252,0.10089374849028267
140,0.15870670431815997,0.034382284176604515,0.23912329411227753,0.26292768473922534,0.2038450783536653
149,0.10658009971238785,0.14729589549635125,0.2317980463181816,0.2655370955813309,0.16647247966179643
212,0.07856059220309707,0.045227933886023135,1.0842412812805058,0.1952265028511566,0.1141531597806658
183,0.0035965487862076096,0.04309994077660331,0.7100046255740168,0.2848859295231065,0.05416240276843636
136,0.020894900709786945,0.13505219535771726,0.2716955203332127,0.26164426141406616,0.12198041919052233
138,0.1513140674618234,0.10435880071215309,2.552112466659301,0.18646429578053203,0.13215071215566426
133,0.13299437907662898,0.08451470843487739,1.7711614928088197,0.28841490906200273,0.2838689413565004
143,0.13144045782753896,0.17440615262292847,0.4874914544917356,0.47413587132438634,0.28255166801633796
209,0.15497885687551713,0.01679586674056213,0.32314562212689213,0.2559673023420284,0.08940217980527422
158,0.10871861868240117,0.0899396366539212,0.9714352189181366,0.978499497472647,0.2742131317831139
110,0.1582409447198294,0.09667646966780037,0.5136045876265041,0.4720732437170304,0.3485028093806796
121,0.11284047576442136,0.12460856950513388,0.8005902417541392,5.721683440306446,0.8005902417541392
132,0.03976850914010393,0.0063841727511504635,1.949950702274732,2.1588991322393465,0.11041882212117636
99,0.020322414705440828,0.149459052633949,0.08885165591958576,0.0318367170131608,0.037851621468756494
92,0.0766124513315208,0.047105706294575826,0.5020820469260066,5.1040937794858925,0.5020820469260066
105,0.15981259725143668,0.04915815717812382,0.4771105149273771,0.31316043472911237,0.13196409497482545
116,0.1904433700096547,0.045008113333063184,0.2569609539837039,0.10279959242829857,0.12760206816683656
75,0.10814938456639774,0.0049192054847309935,0.32661097918092025,3.9762911281747626,0.32661097918092025
88,0.03552126579401649,0.12308490516425961,0.4486023843717232,4.135925576555512,0.4486023843717232
131,0.09714564138893281,0.14066383881649722,0.24574420909228345,0.18432194704495053,0.19974994918447855
81,0.16904850273325067,0.18028695060475075,1.3147788906370315,4.724402122160108,1.3147788906370315
138,0.1332913534173476,0.09227743401806021,0.638686435637436,0.4036014958373579,0.10058988589130376
81,0.1387422505409095,0.11362956304506551,1.4441930573825965,5.280732656027478,1.4441930573825965
90,0.0631842362920406,0.08940060029010022,2.47670399666798,1.3835961229665594,0.3146010663037237
154,0.18077479357778853,0.07777506566702597,1.0586845456372858,0.8089761868247494,0.17383877000723452
91,0.13779690794644067,0.06785424747144611,0.40270479331180137,4.0489041354983275,0.40270479331180137
104,0.04910226002690437,0.01187753757505241,0.532843331792057,5.585238582592559,0.532843331792057
90,0.062283614099513177,0.04729300874994851,0.5146533455354092,3.2386869073718376,0.5146533455354092
179,0.19756062107248562,0.014863765300105648,0.4221160331464863,0.29927963897187154,0.12397620324388757
71,0.006499478341813192,0.10976516377497575,1.0771530645542957,3.0188185898120157,1.0771530645542957
108,0.0006796642097073313,0.0855759838162909,0.24169987729082462,0.03727100348525251,0.03223646527807265
139,0.0825499692748444,0.1775531455635598,4.911371687141917,3.487725068663565,0.2158145925090103
137,0.06320243766479848,0.1881484728617387,0.9928837305920696,0.423539825521643,0.19833884884728967
79,0.1584045573904155,0.1920982189462417,0.373208294576914,4.26320869495458,0.373208294576914
71,0.04727242714932234,0.1499094726427866,1.0902386212382196,6.351948594309522,1.0902386212382196
122,0.1375688930617674,0.011713413345542701,0.41622083465824417,1.1930877977339283,0.41622083465824417
194,0.12782048591363945,0.12558879399764986,0.3101888409662842,0.09020132350403484,0.06427117201726794
82,0.02180055232970124,0.14357251116087497,0.7465131045988233,0.24904642297694018,0.24880163135884184
214,0.18997562181926272,0.18291889176463183,2.9863777073201603,3.2738981426111855,0.04020184828839511
131,0.04380784632696877,0.009601709537562854,0.30522157716072135,0.522269031920283,0.032256395547182064
99,0.19113708658708783,0.020629940048063733,7.551574119424611,2.7357802554586153,7.551574119424611
141,0.0657457661035951,0.0638212250196091,0.44808400544435356,0.3838208494236711,0.03987124073248499
154,0.022868497369087627,0.014604992692185138,0.33363624799939473,0.2422536150349107,0.05997529962470778
154,0.18180200281781797,0.1843834855190939,1.819987892643571,0.33493232268776435,0.17466408094512806
82,0.04204511520287853,0.16270481459337774,0.333768131343307,0.2850065990305578,0.2694131790010998
101,0.055796812172037406,0.0653989068512849,1.3192401268629148,1.0768249995453625,0.18546224610706188
154,0.027446588883292947,0.14971741298017868,0.09232263074673534,0.09483477889258704,0.09322408849949554
87,0.19464116414787408,0.08909248067431064,1.9832964960098793,1.20507758511292,1.9832964960098793
128,0.03093719537929154,0.16438128725898388,0.8487343089789561,0.13058439335758795,0.3178668503213375
101,0.011003273844714046,0.10676839217051957,0.955533798894656,2.8185029500115433,0.955533798894656
134,0.17016364448263857,0.15871619298144446,1.381268040600726,0.6074254705253026,0.19297410389468325
78,0.19975472913923187,0.10854551763522285,0.698612191103974,4.33010836758204,0.698612191103974
248,0.08445541486337754,0.014766488003958656,0.7718581802446831,0.4431923901064214,0.041409334355257184
118,0.16238036137932385,0.1372329304208047,0.7320433218665793,3.043886347356589,0.7320433218665793
78,0.180584984386439,0.124647588995332,0.2760702752749591,3.7762484843136694,0.2760702752749591
168,0.04954822797601313,0.12227880739571313,0.20948869702756776,0.1850891684184631,0.07332446524945162
104,0.1329609672894718,0.18770275264026365,0.6265973374256313,0.511362047914351,0.05574947399823404
151,0.11613670083104755,0.10283338078802065,0.8080435394070928,0.11000568123339594,0.059321098611039534
121,0.17556164049694284,0.09764340211972114,0.38176786935071777,0.3351006201692239,0.21859027614631366
144,0.0036047357297444684,0.12536618540119054,0.26131548349958456,0.21759048164830813,0.09960911816934104
147,0.0352616432082127,0.049364874252515616,1.5207041956275087,0.13529573486583088,0.08027793076888615
86,0.07848619808944862,0.040628725797290294,0.5008048823254498,4.732863461762257,0.5008048823254498
88,0.025271734786777647,0.04634514653650097,0.42062572740911186,6.033859501699161,0.42062572740911186
146,0.19808188640691862,0.11126484784318401,0.3723123399217791,0.18334998722541093,0.2422033842168432
161,0.07063454762221795,0.039397878634985006,0.6533011967568536,0.47113085446352204,0.19506692138800855
110,0.07332496482720872,0.1981548452472346,0.3397169278673238,0.3701954270532969,0.33249548171383636
132,0.10223895864696982,0.08734149814286928,1.3460641598553225,0.4203225136488526,0.2152971774216629
111,0.07091027684790445,0.1701655491044145,0.37827081115121447,0.32089915452470114,0.262338209714835
141,0.06807869940742849,0.11041074212209899,0.4465299155430764,0.282620023276114,0.17837869225603356
134,0.00012493382159375343,0.03264688427793361,1.385879207883577,0.013396709196386558,0.006147077227654476
172,0.17137421304010383,0.05522423222714321,1.953465007943125,0.1718007244356067,0.17275633008504934
48,0.07514516827122189,0.13106325790540257,1.2528314768931406,6.556870507854867,1.2528314768931406
87,0.17474793082885806,0.15957731779249384,0.2552109364437746,3.957431256246932,0.2552109364437746
133,0.14066597430621483,0.17977378496719795,0.2390038546909471,0.5365601937113142,0.1275551255500513
99,0.11379764539618478,0.09344898778680968,1.5007233278533698,4.23990379314794,1.5007233278533698
98,0.07921400979190754,0.01213804045111584,0.32604182752517585,5.545123401529757,0.32604182752517585
96,0.1325762601026737,0.1584641844822597,0.9566298800879595,3.9117942654058675,0.9566298800879595
119,0.07534162013092341,0.1901924935189112,0.4283393557133664,0.20304896434851938,0.14738651989824272
75,0.07587811165353445,0.14686240643562704,0.2059483249658205,6.043924145588368,0.2059483249658205
79,0.06476790847069801,0.17277563405557866,0.9991279437540601,4.96493119078156,0.9991279437540601
72,0.09672798681737436,0.10246146435624529,0.13448576322996122,0.15431225850343896,0.15390454507006648
153,0.06816658233378362,0.03376020699210909,0.4493916544681717,0.16767790533896942,0.0926674507130613
102,0.18295536520514122,0.06852706402129109,0.5535335002821409,4.782816012503938,0.5535335002821409
64,0.07649611203912246,0.030195149547145528,0.9547602171547842,5.687363071846942,0.9547602171547842
66,0.05873202750204492,0.11677325636035625,1.0532083120651246,0.19605142844742285,0.19600506269147955
155,0.11681766657818854,0.06878291400938633,0.48784617911715483,0.42608884712773576,0.16771469605258568
125,0.17966699137480652,0.18298787877426279,1.0758379352176155,0.08694483591799743,0.08935610621462986
166,0.1471173691894659,0.16339405261663412,0.4000108074951484,0.3080109576976335,0.17889998773889565
101,0.17826489032704804,0.0902185769957197,0.381801108188482,5.2316140576537205,0.381801108188482
118,0.07031752320960416,0.038895590306050526,0.37817074167443293,0.4102493747515102,0.2275068412658145
94,0.0038735686038257723,0.07659495757865414,0.5282289717594751,5.83135968877174,0.5282289717594751
129,0.046905058102526986,0.030916662037460463,1.5302566185762987,0.2894852322966012,0.35930595290937384
166,0.1970570138343095,0.12262032284359914,0.19344433549005388,0.13713421911686235,0.13060057123295304
89,0.14418429188866547,0.030335098408446927,0.8666239196756983,5.918843708036914,0.8666239196756983
171,0.034231072715508425,0.027013591571540554,0.5802595011587613,0.25583166791923123,0.16840245195554146
122,0.04527666309448297,0.12556200222844818,2.088415506351319,3.4756742119021324,0.011749925220464873
147,0.07018624714321996,0.042568713750504084,1.8606731145599178,0.3273432631235456,0.27004565580331896
89,0.046376996297312914,0.19247357253781394,0.3307782578830684,3.948165940036709,0.3307782578830684
158,0.11945133194986682,0.1673976091103333,1.8834716009119754,2.3563166388331602,2.7359900283794856
130,0.17731610214913113,0.17954304140259697,0.31785946920934577,0.2130378465832672,0.07745551842453573
192,0.1399558981314943,0.15119564400620003,0.585875112423772,0.03981309564356768,0.05233902487982554
84,0.005195377464302342,0.011372473072505352,0.669040185505561,6.035433521192683,0.669040185505561
102,0.18789210589639707,0.05011349160725827,3.2719469983410683,2.577069750419849,0.16270833201887808
88,0.08396863955653758,0.059060907890714054,0.5187151862683219,6.778504252292564,0.5187151862683219
83,0.15201827737228443,0.05459348552427972,1.2290449441688072,6.9514246992482684,1.2290449441688072
150,0.08186719284639898,0.17563372095982657,0.4659339224331023,0.33179598561622653,0.2673333063441802
86,0.019704788731806568,0.009709867258405414,0.6562846538033769,5.429731628585368,0.6562846538033769
154,0.10362090477327122,0.04262595716926572,0.6908102369520892,0.44686480865447736,0.16187556391090058
91,0.13658583090502247,0.03142660521104106,0.7878769279681015,4.786578227714361,0.7878769279681015
106,0.11878541412513366,0.1602039909903227,0.2924157770773112,4.917034567407667,0.2924157770773112
91,0.1831535393748683,0.0033360846623881504,0.7809403939877564,4.90645340359031,0.7809403939877564
140,0.17723404487285735,0.09148712116081599,0.4486984712712887,0.36095634557083095,0.2863343494073115
203,0.14050061367644218,0.07882519143285856,0.37853353163599845,0.2315328349103139,0.11643842547461365
126,0.10064899993174058,0.11994026618164227,0.9770204597716686,0.29923251661332156,0.2471696753881054
89,0.18030923486213113,0.09421264706167864,2.49385469286358,0.28527101105675956,0.28520534980291967
147,0.04385887428634046,0.0429137394367654,0.3353862608490384,0.30727874097314706,0.02294977122189945
205,0.12420454418287129,0.1647664080575892,0.49501917184205935,0.31694148219902374,0.17559167469504838
96,0.0330723193119149,0.17660221135485915,0.30305307183621477,5.734884931929371,0.30305307183621477
162,0.1115309728631921,0.0014416321200647177,0.24188811690494902,0.23381449154070633,0.09838766696449203
111,0.012878715611033221,0.11320943265386688,0.08267085576852291,3.502533739289724,0.08267085576852291
119,0.17480653828143483,0.1563559986377398,0.34108794078628396,4.495735421737688,0.34108794078628396
76,0.04773961534615159,0.0208840614315476,0.3961147224147621,5.4256936988813464,0.3961147224147621
142,0.19297096216166323,0.06663467081631928,0.47798246186969007,0.4123827054568333,0.13495190343603897
121,0.18329609470988584,0.14813683576074482,0.373430937162688,0.32062044445479015,0.2686548521224343
103,0.07587057398035071,0.0669825404416615,0.29613480619246313,6.080514039624981,0.29613480619246313
141,0.13966961797591287,0.10340694118767196,0.4629419334050718,0.4369844070737837,0.39663016392774425
103,0.13547562853010497,0.09208585726302838,1.8162216575946672,3.9058833059349802,1.8162216575946672
111,0.11835012696799936,0.08312701408480426,0.37906747197969554,0.33851899228155213,0.12108661457458793
112,0.056691673227698886,0.19148762264804486,0.1204873849274707,0.09314822355191783,0.06914182681933757
113,0.13402865346020265,0.029678271860185637,0.4530241933012333,0.18000239753387917,0.1060330327529752
131,0.1661780886254128,0.17043677118070225,1.1014308528891021,0.22727851777057972,0.22325413242412676
75,0.14865798151236845,0.15021030416854317,2.1506613499648384,4.726856453518071,2.1506613499648384
85,0.16697313181645573,0.13461338295983413,0.5038664096526188,6.792967430281002,0.5038664096526188
90,0.12613502700838802,0.18907918470517404,1.6570113693793191,4.3212071683237285,1.6570113693793191
150,0.19405503559965787,0.002416254031936527,0.15095233022522986,0.12932774200589675,0.12443528771274777
114,0.0692412475822581,0.035255622131237785,0.3599007124143178,0.22442097503777175,0.12032092728209663
103,0.015048239759536243,0.15477327902916266,0.432232166918522,4.351297146360588,0.432232166918522
145,0.12567744850136475,0.11424410421707516,0.20743038931700084,0.06906186379296539,0.08140729198553008
192,0.005265001946930737,0.1863189622688023,0.9405579790711006,0.3948105021792325,0.16158045897380638
119,0.19179660944697147,0.017654217120272264,0.62484601269964,0.6335148834444709,0.3071089364109046
130,0.18636070391545612,0.18172014070589876,2.000155013791022,3.2851765614153856,0.2523850387678064
212,0.049660925748479225,0.1354351695956294,0.4612098207496408,0.4167064103445707,0.15715112225575667
153,0.0665443580316512,0.07926908024209318,0.26329406341665346,0.26493396533858266,0.09864288852340256
118,0.1818793928105878,0.1547031201859962,0.23890973439263974,0.23250557066873193,0.1704364205026777
83,0.07724131105536275,0.17432295125805555,0.4984378496309007,0.21499014598059243,0.25237766322328137
118,0.1315233831281186,0.07694493551169462,0.4599329124503029,0.1715751474990521,0.11897629671125508
140,0.16354265115334488,0.06551872893144742,0.39271759306883214,0.317631132046177,0.4359425871337646
241,0.053751623080585724,0.08113311629745604,0.3232513380352353,0.1288167155459133,0.0390105187165568
145,0.19913807545583492,0.01699227670428276,0.7223020886306727,0.6720643602298803,0.10347677960549874
89,0.14563199324456008,0.1645106318959335,0.6037747729081167,1.1796280855041104,0.6037747729081167
127,0.15258885199368152,0.16926557479234547,1.0008556338779033,2.152926118492499,0.24850870905449737
187,0.17606706355485974,0.10214438032475821,0.4415640143758072,0.43006371482313027,0.1796123440771105
96,0.1263232307126318,0.1227448041680127,0.34639076901563653,4.63467335677931,0.34639076901563653
91,0.08417620803126268,0.13572432297000886,0.5074924330029416,4.865032755681548,0.5074924330029416
77,0.023793890047118228,0.14161195764686177,1.1233478217121333,4.376736716417889,1.1233478217121333
89,0.003922857717184459,0.14221128441899308,0.7023838411143465,5.717502718532198,0.7023838411143465
101,0.0661207339509829,0.08680099455728747,2.5785596071443915,0.12411436671903432,0.0634466660874432
96,0.1013382310457141,0.09384887041584872,0.6125136440050553,5.213985749704384,0.6125136440050553
203,0.14685226309312047,0.15650313206467667,0.18183247256839452,0.16015768629902574,0.0833459697472331
203,0.06916361122476278,0.13832348184006546,0.6145331216229338,0.40775173308340545,0.030657775012832896
226,0.17773041164067546,0.013703327159305868,0.6324819535455973,0.13950540979801576,0.1001491627965709
117,0.05820922198262673,0.18385699486482276,0.6665626090468049,0.40776152931484266,0.20132377018631706
78,0.10032599796427466,0.15003933906287917,1.433782053550287,4.441867367122773,1.433782053550287
81,0.01564157530143866,0.08961495017324278,0.8808787840172234,4.97236771213995,0.8808787840172234
179,0.1547271379773827,0.15866396168657768,0.10250105338836649,0.12519648557152938,0.08130097648788581
154,0.14647507068122054,0.07063421902752653,0.3537118206262502,0.29219733937979064,0.13503440778841438
86,0.1357408924091758,0.13348582965812558,0.4818234437188652,4.984708290881816,0.4818234437188652
195,0.08535008302921576,0.09448847542585859,0.5024263977537152,0.13489901753461042,0.031662795114954234
132,0.10556633373055394,0.05505494851009618,0.3891135740456511,0.4091266554041912,0.16002922435796385
214,0.04548132676023562,0.05999198421976422,0.8353581119999394,0.2624586425642051,0.018651452069938554
132,0.0892371641375801,0.04762157825625884,0.21201188855282557,0.13732211714928352,0.10885117368114292
75,0.18982424504636727,0.07611586582371835,0.6639333577202547,3.2071163260264117,0.6639333577202547
108,0.12216147401374156,0.14457679641470192,0.6789711002625526,0.504435076379452,0.3025877174718588
175,0.17636109382857523,0.19877444299289304,2.0972048743172547,0.2525808337944325,0.03296463117160263
111,0.11685799560417041,0.10771553752123189,0.8910159432943696,6.241619704236416,0.8910159432943696
129,0.022414308377982885,0.06447588795435709,0.5909676466367779,0.5877602152761294,0.0847767256359857
152,0.1644729258986718,0.0345652605749841,0.5211017522306626,0.27222896040528083,0.23477502883349136
195,0.09447080309749936,0.020339737322294684,0.28066091044970315,0.2362548848673612,0.13980274292831033
95,0.038249588865833656,0.008865911912098711,0.4693479364077498,0.3230658198392793,0.32306495075628966
118,0.11798775669524375,0.01712211398105894,0.3611335276172664,0.5167390023676828,0.128575879352821
87,0.014703891090333987,0.19106526467557955,0.7617268552208277,5.102311326303481,0.7617268552208277
141,0.013253518596144166,0.05965064472820767,0.3171534672104059,0.16635346371989462,0.06513323628525163
83,0.049079127710099396,0.030387203079575677,0.8100427535128445,3.8814174898656493,0.8100427535128445
83,0.08205039135729664,0.004399359140078918,0.925706965236155,0.45783142225400736,0.45783142225400736
99,0.01622856858350279,0.059710816485839896,0.5184842480524616,1.9016732367923326,0.5184842480524616
168,0.1712378917276504,0.1476607833589114,0.3118970983038996,0.16174236140126413,0.06453210247392967
152,0.04889078899176478,0.17396557073258828,0.27142401330535615,0.16395672362317854,0.12719056935059542
114,0.03891221795489397,0.019388925935545333,0.646259250189557,3.667732862242466,0.646259250189557
152,0.10176383132782707,0.06915399722169573,0.909121900599087,0.0761243980395032,0.06255080209634217
118,0.11713502747320328,0.08260068247696031,2.0728331876667494,0.5258808935083104,0.2694563427675471
183,0.106069578963707,0.08992338314830622,0.11858919485334703,0.107151924795848,0.034419468322932696
188,0.12426648974283681,0.04719035569750729,1.5994455559537775,0.3421569254817528,0.048591916759017174
82,0.11911731620027106,0.11065194426047437,0.4723911392385969,6.364776754904922,0.4723911392385969
88,0.12583487564182802,0.09237185314629442,0.6225522471702258,5.262740500432446,0.6225522471702258
175,0.17122609867129446,0.17855649405604326,0.058356278260996756,0.05897656346094525,0.028376776981590298
218,0.15096005199496337,0.13649749174699996,0.5308304113170135,0.242995006752655,0.04426132190663419
113,0.19523053632443055,0.1441582385391623,0.5742480936896402,0.10379312301365862,0.05566749279358385
76,0.12115423532409296,0.17162581865896184,7.582563334863393,7.10976062776429,7.109659523947782
120,0.09916201863006491,0.08935709693763966,0.39027041463985057,0.11373546117853231,0.09147341379293916
77,0.04673050410203788,0.1675492856639791,0.17622440081644108,2.3154586539668736,0.17622440081644108
96,0.1003280133979137,0.15754522907321683,1.487279361557352,4.127354867220128,1.487279361557352
137,0.15520342833704728,0.12025418764245882,0.4231033143313162,0.6872592022664271,0.27885163838100785
142,0.061331505847966164,0.10006481827024859,0.311742656169611,0.3052019578466772,0.17258466996266378
128,0.08478692570762413,0.016088107177186384,0.38709539541157606,0.3826220609839235,0.21675032109942835
153,0.12763577948602464,0.14141227181549562,0.49677316880338507,0.2715392085754716,0.10447690363583056
74,0.04660642445928098,0.14881510999266187,0.6184853594175845,3.546387768420556,0.6184853594175845
124,0.15998701005591504,0.03811200868515938,0.7262110080694479,0.5727739219168038,0.21442534909518582
166,0.1998111547427132,0.04489840925954258,0.6928446247235671,0.14213781462717154,0.18352330608148096
137,0.10271440904708012,0.17466273326033394,0.2904362052351468,2.886504254456249,0.2904362052351468
167,0.04374114594328076,0.041663332648665424,0.19379391094860915,0.2031071484151302,0.09161704680532194
145,0.1487975389114724,0.16381678099812627,0.9657558280219196,0.32764990058725457,0.056681125433308596
200,0.12335406567133221,0.10422259093421447,1.7843919511269437,0.5713270421524094,0.0648163169550523
180,0.1304298506205483,0.14265522874583578,0.5819053445746263,0.25223990037435484,0.10947069222586849
134,0.00931208745474823,0.1217419367215409,0.153995165100153,0.14211897825723302,0.05876462039140538
110,0.18051617609223952,0.16742427997132714,0.8287080658998742,0.7592509928791719,0.15244984709530315
168,0.045324576119506445,0.021579692604702962,0.36859723868302824,0.3236195003083259,0.11024110044127111
173,0.04984048555549241,0.10430260787654165,0.733842357782981,0.2085297282800619,0.07006787388464628
106,0.19451791594538564,0.09385304686323225,0.47733936137230304,0.44804209855137833,0.38072173941006143
92,0.027251991924235643,0.023178813340412052,0.640572224657846,0.16693477461659165,0.07593822450960394
85,0.1731368574718377,0.0032405488168464336,0.979002423642549,0.27869454831743873,0.27869454831743873
71,0.01859781596568939,0.18092184349407378,0.2066953519499441,6.245783366387318,0.2066953519499441
111,0.13167412779103713,0.12697568559582215,0.2108134990511248,5.314536413707132,0.2108134990511248
163,0.11864066695537341,0.007638730601446798,0.9997275743377781,0.8828334493720081,0.10979273085630552
116,0.1185282353681802,0.042363168202391215,0.25398478345993497,3.6747929651543005,0.25398478345993497
91,0.03192290769358524,0.011478896692424613,0.6689557791939627,4.76846857300172,0.6689557791939627
153,0.13350472357261442,0.008029567630279622,0.3974813442856278,0.22390205870354024,0.13628380328655623
139,0.020700080638386867,0.0006915155833557397,0.07288846784240363,3.5813788564292253,0.07288846784240363
157,0.11800712990315954,0.02658273977304304,2.552901609532825,1.674746290419826,0.1223303515333754
85,0.07622300883379728,0.03277667306640249,0.4692554560671694,3.792575653564058,0.4692554560671694
129,0.17288871294078043,0.1492203097179083,0.38644492466594077,0.3047313087906648,0.24421444560292355
129,0.1632396650196132,0.09157057057468372,0.1590645958864503,0.3505056201072702,0.2519178130695287
76,0.12873050273536105,0.17542509387885732,0.43670783963439275,6.241518793104226,0.43670783963439275
78,0.01923711423629766,0.18918822494386867,1.0494731660563852,6.285190232814529,1.0494731660563852
137,0.1425362116091222,0.043357035224261375,1.4700443338105347,0.6407962715022233,0.13118466758555808
79,0.02103399568056126,0.17867624685166544,0.10986849943512854,6.198885568937656,0.10986849943512854
158,0.06008339220192416,0.003759734295560602,0.4286590514494909,0.3969480631079528,0.23443727984447332
116,0.07294538895704182,0.07274375687844757,0.10680818329273066,0.12946075735825277,0.11091370951981196
174,0.037998304913494235,0.02882938349378472,0.11024547217031244,0.0892534497112388,0.0402855460578051
126,0.18553184599084205,0.12660590976319977,0.24916639027055412,0.2770670127106461,0.15083917180576634
105,0.12539116607239176,0.06212597924996042,0.40514197420496345,4.177558179829984,0.40514197420496345
121,0.19281698340231998,0.1374372913363137,0.4517688321152819,0.3530652772825138,0.21388478819989412
190,0.043137199343401766,0.012330294597955628,0.924303293609077,0.3256595983681569,0.09980099218234811
132,0.1722120267966162,0.1005120878077117,0.8606171788440682,0.18143903014835763,0.17533669880638172
154,0.051591281887051046,0.048809824779761125,0.5506471485142446,0.48896752890985035,0.04846201482118938
88,0.031668691295349105,0.04593422989231826,0.7397246319426745,3.651819987788456,0.7397246319426745
142,0.17703028008148147,0.10262884297805941,0.44290975515836123,0.36296589002164575,0.4226051032731395
83,0.16363186010359806,0.17126595349897744,0.6033673950857136,0.35210866672634195,0.35210857605005247
149,0.1493227949362752,0.09364230231605537,0.22717556996616686,0.1748720828517344,0.04255372256722779
164,0.01973407645120715,0.17552715860533308,4.287008365248181,0.2922788911322141,0.11415724560569133
135,0.05712179846353341,0.08352034922111239,0.3679862360075908,0.23626737609198822,0.13267777044818632
140,0.18237884326710493,0.009239105474877607,0.39158360931248776,0.578150897286292,0.46575797850904943
99,0.08739467422701402,0.10521772402697566,0.4909167589695492,3.0610444914487087,0.4909167589695492
228,0.17651781509186504,0.002409108219608025,0.19109593374467115,0.20086421666158907,0.10512175667749646
160,0.11213284300345013,0.1879448987279251,0.19972245771791997,0.21402098741413098,0.05714637318612914
193,0.18635127522074557,0.11363507904427682,0.1979102432856485,0.15289466371180194,0.022712639451662003
179,0.11674330914443656,0.1761687131613071,0.6082075705814326,0.3732569724799918,0.26723917400594466
90,0.19958041066837084,0.14547985921775883,0.34095881519552246,4.546285609268368,0.34095881519552246
99,0.10361174627294097,0.16154862983452545,0.6946995837744621,0.45913510421075643,0.45864962878526727
89,0.02335361571392827,0.00279509410036205,0.5648207008951392,0.5565946286705902,0.5519052078593077
145,0.17548932403954426,0.1625901738349451,0.399918841107574,0.658783641255612,0.20041896771841528
214,0.19935090688698243,0.1472686471101746,0.24552516493235926,0.1843901212135555,0.0347964462737848
178,0.09968246357823161,0.11549303179845194,0.2131478242861787,0.22694546145839292,0.025877771725618594
132,0.04131203653175086,0.185157240506303,0.601541050275673,0.6122116931020595,0.3341113606687475
135,0.166048764381087,0.028173421938289245,0.4186101677494809,0.4896628517289096,0.17759556194674184
113,0.09738182019863398,0.14513187776562375,1.0689244580839892,0.40485969305244957,0.21655028822083539
110,0.10024601914779561,0.02390741382826809,0.3825719287513467,0.31742652194545334,0.17779463201850845
133,0.13682952009105517,0.11533363244792172,0.9918304032457157,0.4757381147726546,0.32467442376998074
206,0.1640440707711297,0.08396678624108676,1.9054358194617387,0.17648495791873633,0.0909015006721831
194,0.1587682199438703,0.06920169276894717,0.6468314545750546,0.13613070325437893,0.061123450776675824
123,0.10674438455842204,0.19414453952995503,0.22543943916599138,0.22249011611162767,0.14269087310905706
89,0.03397698577881643,0.17411765719160857,0.43007876397338424,5.032188464517068,0.43007876397338424
142,0.0526698114015594,0.11645400192344324,0.6923411344087719,0.3487080213798725,0.21591775133506566
181,0.01963613919418561,0.09580250001755973,0.9943547720158877,0.09986512058113604,0.04900010761562675
135,0.14072273404159544,0.03630812480700696,0.788046240272958,0.20582984539879895,0.06646045782119683
88,0.05789723176459134,0.06417719646215206,0.557429190122248,0.16128226161847592,0.1610935634895177
108,0.15207842053073992,0.1339785359826919,0.9697830720360531,1.9042998038906982,0.9697830720360531
90,0.11334124984003534,0.012297707221075305,0.15996320179569903,5.282791666972766,0.15996320179569903
108,0.11084506823763529,0.08875661193867745,3.3161070260962604,2.6524521077427283,2.6495182662551184
59,0.15219749033975016,0.1688645558824116,0.5632051610290081,6.285620392942077,0.5632051610290081
107,0.1114621372082494,0.02400717283302254,1.7926346458509688,1.5984902634281046,1.7926346458509688
109,0.08508785145560434,0.1432307780422973,3.23639152268049,0.11087966836851747,0.14441888159630006
60,0.03686964201663739,0.1198403108439409,0.5247624490901363,6.355439471950124,0.5247624490901363
96,0.05453957246711281,0.11341667880943468,0.43532511939493557,3.559761074879795,0.43532511939493557
89,0.0006279454105060146,0.03921059079788636,1.1878919500242395,5.281609720653216,1.1878919500242395
75,0.14602566789385613,0.0744875374584238,1.046313288359028,6.5090280467477335,1.046313288359028
169,0.04220404048834077,0.09824033672473123,0.4538858150215504,0.25526612428438566,0.0736334245995223
145,0.12388997044102722,0.004661596190645412,0.7387021507033918,0.051467568829678255,0.04455575672893818
128,0.15778898848670198,0.1684137754218787,0.15275414207367286,0.31896381363405246,0.22046298289612884
97,0.18520090751076854,0.0581189308286956,1.6267230961073385,0.3432625209851699,0.18818338797174672
124,0.146121579199957,0.07218363921229141,0.2125613391818243,0.3003137088815432,0.055814052956796256
148,0.036252943117403125,0.09059202165658353,0.8992556162803881,0.13037108781375764,0.04663614181770716
130,0.04782981630826888,0.0944329831016868,0.6812957347078313,0.2352045045298251,0.2201044449030811
76,0.00795671308781607,0.1062739632932319,2.9128179262835467,4.525147950922323,4.518059557099087
120,0.11755899593333533,0.13159336680859743,1.0238225106600134,0.07055637119679166,0.11882669001791969
219,0.04142037379602488,0.15369447285527998,0.2379011862394786,0.14082185850975731,0.03092038498755653
176,0.16913846545350328,0.14588090730496833,0.235928441278514,0.26774748103700546,0.17993804205676742
130,0.16822608682463291,0.03545643488364003,0.36051369435539443,0.18980103304530946,0.15176976630161534
173,0.02476277815687258,0.021893173552220403,0.07914051543553725,0.07381331172230027,0.008863678764088334
174,0.17846061305096173,0.1442963159736825,5.097721779144073,0.15602508656559125,0.3079836645122774
114,0.06830822361940321,0.1260948374527748,1.26816904252725,4.551434293047386,1.26816904252725
80,0.14372372933683839,0.10382794513475956,0.1927938080381061,5.7413641989608,0.1927938080381061
98,0.17100525864747748,0.019652618811131208,0.31903385365173986,5.414909208295211,0.31903385365173986
86,0.17427354698337477,0.18283703332880033,0.6033220300523525,0.5906297221070205,0.5906297221070205
180,0.104523592660484,0.126819661557338,1.0026780997059268,1.110163389655837,0.04110567779027815
161,0.18303017565419225,0.029365301540260028,0.23577286919688337,0.20597952549447687,0.20465105297715172
130,0.08235879611365345,0.02926880095441904,2.790033407708247,0.3267601372687932,0.07211847444877675
74,0.1410980433972834,0.12878781863874128,0.7225983646562644,4.465950411003255,0.7225983646562644
73,0.14046318034034883,0.016406145572210984,0.07706973484840067,5.381775703775149,0.07706973484840067
214,0.017506218098656046,0.03400621610347725,0.3307940124822957,0.20606151996952243,0.029153084859049577
151,0.05443310241277193,0.1721367649907754,1.005127871987016,0.2089055663837743,0.16596754537392935
110,0.019775014258145207,0.19062127871843548,0.6496358738357866,0.24486679596024083,0.24383338603818255
113,0.01981559351294948,0.10691350545934314,0.177289249501733,0.261162179999089,0.14098550129188975
78,0.04366581026238119,0.06521693707629349,0.5974412702253183,6.757211419688684,0.5974412702253183
74,0.0016127498890802006,0.19467466326201066,0.7061082297609486,0.3589665762966333,0.35896571411879996
102,0.06564458227510349,0.08938436165173583,1.1143114671755094,4.499819031557417,1.1143114671755094
88,0.01820953485878829,0.08890134390993419,0.5676496064391666,4.040357897659995,0.5676496064391666
109,0.14174143712607443,0.042297094251816186,0.22889517896701359,0.1606839460941702,0.1592285189307703
136,0.06250738588733784,0.0693828128498367,1.0965745278318153,1.0259716113083956,0.19413539867567745
72,0.0357686775841505,0.1577143020021507,2.2551438947140103,4.5687395616251445,2.2551438947140103
182,0.020312514928347736,0.16705976633055444,2.1971514973978756,0.04682288722832346,0.046904909589624795
163,0.03141642418246193,0.19677674499469489,0.4106935058012867,0.40166293328179314,0.06305404718591964
68,0.1691138386466402,0.1971383573689095,1.3864979153742354,0.4261568819699366,0.42673153587246815
76,0.09205374270198557,0.15066639689176975,0.3700740197544385,4.365782648238052,0.3700740197544385
90,0.10099374345682649,0.075229290215789,1.6135592613501923,2.906901440782233,1.6135592613501923
103,0.12513642732181027,0.001805274529813339,2.7010850525962473,0.1723383335842642,0.16923450957232966
85,0.009128082836448993,0.04181206307900165,0.2167338980942972,6.09910868828039,0.2167338980942972
152,0.1312027452954341,0.13234700642375122,0.5832307960927184,0.21979850383149482,0.1599650864548196
81,0.11315042311537744,0.1838244661107142,0.659621269907345,4.82376800647477,0.659621269907345
202,0.16760009554769217,0.1013258440589619,2.375498717394634,0.3906430846016107,0.09288081250968533
120,0.02522901102613764,0.032480996564568466,1.3012641709623625,0.08519827876822211,0.07695170775055137
123,0.09746225413389493,0.08883560785637479,0.38134077969993835,0.3065829906370988,0.18565874377176628
123,0.14889768947100243,0.015027426368455178,0.21279033973142086,3.735990543079249,0.21279033973142086
158,0.1414605558238144,0.0033623010612275684,1.112464661920002,0.3346152483194319,0.3211021818793601
141,0.014335515775917207,0.199553679748386,3.502892114384306,1.5366021515177555,0.06733973339136178
92,0.1984347493344568,0.1269912954864373,0.3460842786394013,5.013565758667391,0.3460842786394013
102,0.15759738123734754,0.14478899919548274,0.20394579220155104,0.1608892275106183,0.13704077897632283
92,0.19681629215529317,0.11424548158571438,0.6687088329818157,3.886149854592605,0.6687088329818157
111,0.03840256417754287,0.021648436644246406,0.11983125696979109,0.12131770590499177,0.08662013757631104
93,0.11725286735221496,0.09886934115693123,0.1977122660755773,3.8421744942846505,0.1977122660755773
102,0.055456073809717094,0.07989188239814271,0.46741771913041885,0.061320350071353176,0.05958764938102092
200,0.00630312643982649,0.1816428547440923,0.8693925546604251,0.28570426393735887,0.022870321488847677
87,0.02638406806784659,0.06528842222532692,0.6213139764889918,2.740496773800654,0.6213139764889918
75,0.06250258435294112,0.0915968516996478,0.5007295791694109,3.9338395931385026,0.5007295791694109
89,0.002284332708179471,0.04320445105396995,0.43989924892606536,4.995768845303909,0.43989924892606536
84,0.013323182852877459,0.1500703940545679,0.5627192616484985,3.7137104037909463,0.5627192616484985
82,0.01671644573154383,0.17369816995401352,0.5090182636692848,6.229060149589726,0.5090182636692848
116,0.04802596905704213,0.022566319545139303,0.7844857543465263,0.40941756548808317,0.3779992825570149
131,0.08001006037448669,0.07624104512991768,0.22920693144769694,0.1715596212829617,0.15325229870779244
132,0.19701711237427788,0.031577257551059446,0.9145352291214379,0.21063028331012942,0.11591593944633022
97,0.07298413553340591,0.0984613506126012,1.5922254862838112,2.9583623012983353,1.5922254862838112
101,0.1249699774426327,0.18081638553722243,0.7204277694055111,0.1879060206275171,0.14393414473328583
116,0.12099865993920025,0.18552997839447305,0.28543705055751994,0.21997297773963498,0.2264406528938296
89,0.16471767421097044,0.07310324574327647,1.3092743939885754,3.333849821853289,1.3092743939885754
120,0.08007256557989051,0.016201491447423933,0.4347977014581177,0.20153982959932976,0.1931067778408951
131,0.15338274060034346,0.19830359483893223,0.8158313623284634,0.3471373825234272,0.12568815087098134
79,0.029744895331645572,0.15042815727156522,0.2559340292959909,5.758038440996294,0.2559340292959909
136,0.12433539649073476,0.1218865299842382,0.4316381864741313,0.17787824495547172,0.2607884770147741
111,0.12849998520726438,0.009489696155328353,0.7428372383915192,0.16617016676299565,0.13208540143038158
125,0.04168392027963966,0.18458780590307897,0.6164943940811404,4.381549881002033,0.6164943940811404
115,0.06832004440795783,0.05357680574886423,1.6611031811940586,2.4808339667813133,2.4808386309655597
73,0.03800681638558423,0.11609525044215308,0.4783036193171036,6.030130321453384,0.4783036193171036
119,0.19986743926306474,0.021264849374800665,3.4691047010921774,3.151920488342764,0.1202239266878803
151,0.0950449942592401,0.13349925740799853,1.0205367984502867,0.28884252124316606,0.08423511596094878
91,0.017915240268648703,0.045617526773819694,0.27368064494490946,0.15135742084491785,0.15135683268578354
127,0.030596480026457564,0.19047542649173194,0.26702155267851774,0.2969718182290518,0.09424736528814061
123,0.10915086165023297,0.09007241325975246,0.38409230050187365,0.1449111712340922,0.06816987035770478
108,0.1946097489365101,0.11854981761874782,0.22628799621464316,5.245519860129425,0.22628799621464316
