anchor_id,range,tag_position_x,tag_position_y,tag_position_z
1,4.812306,0.6280431802689641,3.490618856755526,0.24095180744728478
2,3.147229,0.6280570914082264,3.490598460318897,0.2409701782484812
3,3.334844,0.6280570914082264,3.490598460318897,0.2409701782484812
4,5.328246,0.6279348233500945,3.4905109699449,0.24101966320863277
5,8.639637,0.6280363873048047,3.490576727219321,0.24095920239053334
6,1.285158,0.6279267082843097,3.490469714248822,0.2410226499127735
1,4.816997,0.6280416251551042,3.490594280199494,0.24106711982469686
2,3.1613,0.6280546455774908,3.4907544558849217,0.24108978207431148
3,3.377057,0.6280546455774908,3.4907544558849217,0.24108978207431148
4,5.351697,0.6279211931131927,3.4903105750151022,0.24112642095160858
5,8.634947,0.62797864926279,3.4904963249274377,0.24112490650275836
6,1.271087,0.628046062163172,3.490597977245592,0.2410825364774707
1,4.812306,0.6279879018390956,3.490904936631493,0.2410330659048544
2,3.15192,0.6280057441095122,3.4907612441312623,0.2410117718582987
3,3.400509,0.6278375719942769,3.4903103504600534,0.2411219394835875
4,5.356388,0.6278320873065242,3.4903462106852743,0.24113055935652206
5,8.663089,0.6280594949232152,3.490632382417764,0.24097402675909507
6,1.266396,0.6278427270069007,3.4903981949312053,0.24111507489931888
1,4.779474,0.6279710272939423,3.4906355299878,0.2410787290631468
2,3.15661,0.6278747434228216,3.4905320084430755,0.24110699216305434
3,3.353605,0.6279477311367627,3.49063988723058,0.2410744026433081
4,5.337626,0.6279926679405259,3.4906096197448515,0.24104265145490572
5,8.66778,0.6279926679405259,3.4906096197448515,0.24104265145490572
6,1.280467,0.6279863425104533,3.490845468937115,0.24104518426603835
1,4.770093,0.6278677716847264,3.4904966129298876,0.24114394298775071
2,3.170681,0.6278990406037274,3.490531018638507,0.24109944354581142
3,3.54591,0.6280185145055968,3.490671813730888,0.24102494846358985
4,5.342317,0.6279186066503615,3.4906354637086694,0.24105281058629602
5,8.644329,0.6279182562901998,3.4905944115461325,0.24101664274804857
1,4.807616,0.6279460729550868,3.4907140484186856,0.24100170988417036
2,3.15192,0.627870795961809,3.4906810457837385,0.24108363194751908
3,3.316082,0.6278037854745246,3.490607341071424,0.24109235246553945
4,5.342317,0.6278942833932218,3.4906926871458666,0.24103967971641826
5,8.625567,0.6278190933112651,3.4907381551823584,0.24112630422269518
6,1.271087,0.6278787976295646,3.490669451635867,0.24108551283732993
1,4.765403,0.6278601466645655,3.4904952424261633,0.24109307599363772
2,3.114397,0.6278808350302927,3.49067094929743,0.24108609148482174
3,3.353605,0.627540083545528,3.49079155131223,0.24147547591888724
4,5.295413,0.6276048067498825,3.4907342924178018,0.2413449637807928
5,8.677161,0.6276362016248128,3.4903524951586173,0.24128079859863416
6,1.266396,0.6278226255101358,3.4905391410370252,0.24115118089336313
1,4.770093,0.6277282948828182,3.491096460027208,0.24066862326841235
2,3.175372,0.6277857432448681,3.491280640938663,0.24060972163320427
3,3.325463,0.6276838404953113,3.4910431960564123,0.2406615775989575
4,5.351697,0.6277709723196104,3.4912632532723853,0.2405940573514776
5,8.677161,0.6277592053703696,3.4911697439453033,0.24059171895459502
6,1.275777,0.6276047973222607,3.4913961573489485,0.24064980600754465
1,4.816997,0.6275734670318127,3.4903567527146517,0.24181582135109878
2,3.137849,0.6277918089640339,3.490234773977179,0.24165565503068326
3,3.339534,0.6278524137533852,3.490038269277508,0.24162929059192895
4,5.276651,0.6278634189253903,3.4899880931807923,0.24164607704589203
5,8.686541,0.6277168983846267,3.4902087735816814,0.2417960598889461
6,1.242945,0.6278184216652802,3.490131467280388,0.24173814638787
1,4.929565,0.6274584821457827,3.490713070701396,0.2415866727663523
2,3.306702,0.6273736899582733,3.490606358306593,0.24146529197011662
3,3.362986,0.6266002253957129,3.4908293125240015,0.24228975509069167
4,5.342317,0.626802530083538,3.490583799720539,0.24224516385609424
5,8.686541,0.6271822110976873,3.489262255081898,0.24224746644116427
6,1.430559,0.6280722013094179,3.4898653836537776,0.2416262078670247
1,4.971778,0.6277023313663407,3.4903725329568966,0.24082625669501664
2,3.212894,0.6275919825093461,3.4904332471348507,0.24084693521681938
3,3.381747,0.6277779111799917,3.4904316901768495,0.24065610370506668
4,5.365768,0.6274398700697668,3.4906845848995047,0.2409205779719097
5,8.569282,0.6274778225336564,3.4907554920636885,0.24086220587735435
6,1.421178,0.6272332356881068,3.491006972546346,0.24106402598725063
1,5.042134,0.6272532837056367,3.4895018859531284,0.24292498407036117
2,3.28794,0.6272225681096975,3.4892208954990758,0.2430381211045548
3,3.691311,0.6274565783858927,3.4892321403986677,0.24298040893322134
4,5.323555,0.6271705592948046,3.4885367309049453,0.2431503487940182
5,8.630257,0.6277539145908637,3.489236152467962,0.24269020830042168
6,1.383655,0.627767157432164,3.4893147138517357,0.24259003894802555
1,4.953017,0.6347488927717495,3.464302880598643,0.30110646783420175
2,3.198823,0.6345449437238853,3.462848726017633,0.3047235720097775
3,3.245727,0.6345175100871361,3.4628532606645157,0.30648732568921927
4,5.323555,0.6343574831753709,3.462608309495112,0.3083169546112432
5,8.517688,0.6344345861728631,3.4623268808991643,0.3102103439639595
6,1.228873,0.6344420701917409,3.462052204326859,0.3119213893598589
1,4.723189,0.6247985664433094,3.4343992988121386,0.46431497071787364
2,3.175372,0.6248266114223016,3.4333143614254724,0.4705522291468417
3,3.306702,0.6249954735468064,3.4325889927126854,0.4732945212496475
4,5.239129,0.6249948271363646,3.4322731892028853,0.4765168522825118
5,8.555212,0.6249775376433611,3.432080180898161,0.4793281367224492
6,1.486843,0.6247706121842531,3.4313106053089193,0.4823709045516788
1,4.60124,0.6315732070810729,3.390540724971159,0.7128504922299024
2,2.818904,0.6316211763178544,3.3897086433939463,0.7170424667224564
3,3.29263,0.6319590862419843,3.389610472968455,0.7208735623452256
4,5.2532,0.6323456702841141,3.3889684674100455,0.7249995535542864
5,8.52707,0.6317496124436555,3.3880489738377086,0.733776964048132
6,1.05533,0.6314381216753447,3.388112725332111,0.7383246832670072
1,4.437078,0.6371226178177135,3.3552127520579083,0.9819770840260859
2,2.696955,0.6374168354002734,3.3549438289744202,0.9854837820545423
3,3.058113,0.638065997778343,3.354178911409184,0.9885818990960745
4,5.286032,0.6385319440853708,3.3539752197151254,0.9922587953966514
5,8.54114,0.6385921367607329,3.3534477260644118,0.9959840481775203
6,1.027188,0.6390200060570164,3.3531229808237666,0.9993399552680821
2,2.462437,0.6605898468589911,3.337903617768754,1.245746989623506
3,3.02528,0.6610414837153753,3.3364096044457283,1.2546513114558788
4,5.431433,0.6612667890893958,3.3359009030147138,1.259310643334875
5,8.53176,0.6612379470087598,3.334915074390765,1.2637148388591144
6,0.984975,0.661084034885691,3.3339825489481862,1.2684704195410188
1,4.216631,0.6682965549112821,3.3023661188283873,1.5385932647557017
2,2.453057,0.6687561546106463,3.3022677979336152,1.5420413534503776
3,3.011209,0.668993580584034,3.3022490608491046,1.5462316817652555
4,5.483027,0.6692927089973992,3.3022429261670396,1.5498827203088463
5,8.597425,0.6694730830660526,3.302114455207277,1.5540783979522144
6,0.984975,0.6698959812601575,3.302155531881717,1.5575228119171094
1,4.160346,0.6851086462233995,3.300729927223756,1.693336660165808
2,2.387392,0.6855553220855609,3.3008495152045967,1.6940253679081771
3,3.198823,0.6856684423968421,3.300901569243202,1.6947341472039525
4,5.38453,0.6857222323982375,3.300898464753681,1.6954037050241912
5,8.611496,0.6856557696551246,3.300836939114079,1.6961535727226225
6,0.970904,0.6856585067969099,3.3008381297094544,1.69670988369263
1,4.282296,0.696097576927721,3.405336525979947,1.6911704187280214
2,2.467128,0.696439860308515,3.411237831547286,1.6911513094663948
3,3.072184,0.6969394771755401,3.4144084613490064,1.6909364804701434
4,5.637809,0.6977622281503005,3.418150171727737,1.6905322037653079
5,8.470785,0.6980168431183984,3.4208751003402185,1.6903859524858038
6,0.994356,0.6983859809979082,3.4240444863433175,1.6902519551389246
1,4.404245,0.7373291779956875,3.590429201323274,1.6812607374859465
2,2.640671,0.738264473881235,3.592845437314145,1.680746215519472
3,3.470864,0.739284542783698,3.5952670586406414,1.680097260119931
4,5.567453,0.7401989481699662,3.597666371853512,1.6795307081889426
5,8.672471,0.741368487192112,3.600176670356751,1.678818733172164
6,1.013117,0.7422806784174717,3.602579679757569,1.67830863154243
1,4.573098,0.7802496630211952,3.7503397682817567,1.6690761943003325
2,2.804833,0.780863198419438,3.753205363970949,1.6690766188477832
3,3.062803,0.7812934890796842,3.7559456275419225,1.6692272142095466
4,5.501789,0.781745568885456,3.758093393737596,1.6692781665837804
5,8.733445,0.7827134558456904,3.7631193465393133,1.6693406204292163
6,1.078782,0.7830740364392492,3.765244333647396,1.6694967855048863
1,4.629382,0.8579237372520548,3.876985411672292,1.66241943676425
2,2.912712,0.8624141146763575,3.8794170422659664,1.6625522816603173
3,2.809524,0.8647621412709928,3.88049806593184,1.6626294875976388
4,5.511169,0.867063620391895,3.8811760543785487,1.6625324381992141
5,8.649019,0.86911281760137,3.8820928290249426,1.6626938686461068
6,1.172589,0.87127179834906,3.882918422909054,1.6628032782195337
1,4.60593,1.0416997139458783,3.890829587023248,1.6814741033028124
2,2.922092,1.044337530124026,3.8908154186270973,1.6820484391943438
3,2.603148,1.047497857030236,3.8907276534848725,1.6824753051109975
4,5.361078,1.0500277210832483,3.8905306477417816,1.6830265680885144
5,8.498928,1.052892546814081,3.8902322169996273,1.6835619019182773
6,1.374275,1.0548890438440688,3.8897226499370365,1.684278206467274
1,4.666905,1.237906519786173,3.902375373135712,1.6946517376683394
2,2.856427,1.2407251538507542,3.9028775427197084,1.6951219328474223
3,2.401463,1.2464956640433758,3.903239065181059,1.6963047552543533
4,5.164083,1.2490764733895412,3.9035977361810907,1.697050021020687
5,8.339455,1.252169025459148,3.9046528982423356,1.6974381085309946
6,1.57596,1.2555164830949974,3.905221156257928,1.6979806939336501
2,2.987757,1.451254027446425,3.9186338557744476,1.711875156848981
3,2.209158,1.4577228664521642,3.9180339940387525,1.7123800111996081
4,5.004611,1.4611373918727513,3.9178136258178395,1.7123813123127491
5,8.203434,1.464705270519695,3.9174711180385633,1.7124812581124687
6,1.744813,1.4675597736492971,3.916773971705584,1.7128421000946792
1,4.638763,1.6600694791001298,3.898367361769087,1.7150311953123412
2,3.011209,1.6635276767527083,3.8981269345275895,1.715452472543099
3,2.026234,1.6667224620640335,3.898058463693377,1.7156997506622707
5,8.029891,1.6729726956736812,3.8977898615780218,1.716353881119167
6,1.979331,1.6767041244567364,3.8978037951264537,1.716524309728934
1,4.816997,1.8734200370209517,3.8878733281964664,1.7247607953075486
2,3.067493,1.8802540189877002,3.886156614601895,1.72416801077746
3,1.768265,1.8840093358311634,3.8852390446923484,1.7237396449758304
4,4.779474,1.8870437314569588,3.8843494797103513,1.7235157468473434
5,7.893871,1.8900419616896522,3.8832849171646426,1.7232564251079803
6,2.241991,1.8900419616896522,3.8832849171646426,1.7232564251079803
1,4.680976,2.0057544748450336,3.7373020592305157,1.7081328111691199
2,3.039351,2.0074970201744544,3.734435177852112,1.7077128084228452
3,1.726051,2.0074970201744544,3.734435177852112,1.7077128084228452
4,4.648144,2.0108513119490667,3.729011217391684,1.7073302155641372
5,7.673424,2.012532590504552,3.7260450491625403,1.7070964452824642
6,2.298275,2.0138844968035037,3.7238796178983815,1.7069106459500538
1,4.610621,2.0490244588374438,3.5639110294419036,1.6966138936987403
2,3.044042,2.048204191700134,3.5613508090921484,1.696272473613106
3,1.500914,2.0469315488348743,3.5585419359186456,1.6959875235093742
4,4.718499,2.046128325271147,3.556046529325138,1.6957510433613923
5,7.62652,2.0454702465695,3.5530797866297643,1.6951532559572673
6,2.612529,2.044732643630005,3.550465542006068,1.694892960823271
1,4.493362,1.9553954142374064,3.3706488870583393,1.6938453893461576
2,2.89395,1.9531403478007943,3.3675142781345637,1.6935040862360955
3,1.514985,1.9507464266433314,3.364525493190008,1.6935714682228795
4,4.549646,1.9467481119136,3.358253255086158,1.6931170324190914
6,2.317036,1.9443791166347295,3.354709327213198,1.6927942911218739
1,4.235392,1.8567152255818353,3.1610274700962906,1.6902542142727124
2,2.589077,1.8560228056163242,3.157264022951034,1.6905216814768467
3,1.669767,1.8554451523067776,3.153874337254476,1.690732719393428
4,4.498052,1.854873103139174,3.150622483322017,1.6910389941680735
5,7.513952,1.854242943355553,3.1476752087844937,1.6915888298678217
6,2.256062,1.8538896426351268,3.1439147573242523,1.691960936317344
1,4.043087,1.8517211247987126,2.952462883919611,1.7028103135611812
2,2.462437,1.8518237951602559,2.949309608274448,1.7029558722150084
3,1.744813,1.8515195381249634,2.9459696534129374,1.7030653013191845
4,4.352651,1.851232369305381,2.943415623968812,1.7034278803418081
5,7.49519,1.8513699257458112,2.939916912662302,1.7032416734167943
6,2.307656,1.8512835684746711,2.9372071892273133,1.7036746463797257
1,3.780428,1.8333950612327452,2.730011099399998,1.7057476196997965
2,2.260752,1.8332255771917112,2.7267634496069615,1.7059032321228351
3,1.819858,1.8330209130856223,2.7207064711546534,1.7060571798800523
4,4.73726,1.8327190852466573,2.7173238160165276,1.706004236414648
5,7.293505,1.8324418028731602,2.714430384669017,1.706000550642822
6,2.340488,1.8327164685888544,2.7111208503181543,1.7058759834315942
1,3.653788,1.8506158860645876,2.553580718508238,1.701651012094759
2,2.044996,1.8511494029256401,2.5513573918051384,1.7021014225951843
3,1.646315,1.852331578136209,2.5466159641980615,1.7026360877462663
4,4.366722,1.852848576270916,2.5443880122289304,1.703039757834958
5,7.279434,1.8532460622132898,2.542268194018405,1.7036207714789966
6,2.36394,1.8535965258391345,2.5395723454752415,1.7036623769965247
1,3.513077,1.8763286723685682,2.4137110023886037,1.714518858708023
2,1.993402,1.876765764605481,2.411996333950434,1.7148427020836832
3,1.796407,1.87692118095465,2.4096977733285363,1.7146307636330618
5,7.143414,1.8769984819046983,2.406594599617671,1.7153370063897724
1,3.480245,1.9441718870636318,2.336968621278757,1.729069495678992
2,1.894904,1.9467946102678244,2.3365060276498286,1.7291081813289948
3,1.693219,1.9490293457369163,2.336491039558413,1.729321548543596
4,4.052468,1.9513288835343268,2.336230292857912,1.7293346084105052
5,7.237221,1.9565583246477574,2.3357644849911225,1.7294665243994494
6,3.259798,1.959213887395219,2.3355653415497466,1.7295291919437976
1,3.588123,2.156644854712226,2.349558584161942,1.7244040985357283
3,1.44932,2.160516884085608,2.3495262073862255,1.7244776271386395
4,3.892996,2.1643028345306883,2.3495056047891856,1.724495929172432
5,6.754114,2.1678935122437024,2.3495224921746822,1.724577086756387
6,2.926783,2.1716044606410323,2.3491418381105054,1.7244482730977764
1,3.564671,2.4004414692064757,2.321621423187563,1.739332583952185
2,2.213848,2.404137161473613,2.3216442735719327,1.7398759674447952
3,1.242945,2.4083469827122936,2.3211514306837824,1.740101886281459
4,3.606884,2.41207958714205,2.3208092205746884,1.7402632278256494
5,6.951109,2.4159130885510094,2.3207518199205577,1.7406687788799466
6,3.114397,2.419949237634172,2.320394490429328,1.7408149840900784
1,3.771047,2.6800742223839555,2.329531239952136,1.7269090373819442
2,2.335798,2.6843137880349683,2.329776871274429,1.7268985478309369
3,1.05533,2.6892130258497904,2.3299262606439086,1.7268244257954928
4,3.330153,2.6976861850174263,2.3298388822207063,1.7264052265957326
6,3.428651,2.7026691177294344,2.329851362905108,1.7262492018966658
1,3.80388,2.9496311872779364,2.307112849004076,1.7290599841333074
2,2.570316,2.9496311872779364,2.307112849004076,1.7290599841333074
3,0.825503,2.953861450338095,2.306498550582278,1.7290889445495983
4,3.062803,2.961312458783396,2.3056624608132483,1.7293864935379286
5,6.453931,2.965287296514519,2.3051789218068777,1.7295561692868906
6,3.630336,2.9694212809264973,2.3047302734876824,1.7297207527240404
1,3.963351,3.2101723367856625,2.313174549391441,1.7318381628622015
2,2.706336,3.2138762322476895,2.3137991242585763,1.7317432998632079
3,0.698863,3.2182054488942606,2.314597604749644,1.7317079811946714
4,3.208204,3.22188505856053,2.3150978882163766,1.7314323976351695
5,6.472692,3.2260689369085096,2.3158812048316104,1.7313621596982642
6,3.93521,3.2296089391702805,2.3166768104896414,1.7313483539713004
1,4.094682,3.4518151385353137,2.3389225464185084,1.737219046792872
2,2.950234,3.455269472270896,2.33897166227086,1.7370281132198322
3,0.511249,3.458807035258553,2.3388150041924733,1.7366585281858873
4,3.756976,3.4618895617235528,2.3387197167519846,1.7363758749012193
5,5.825423,3.4654893260551924,2.3387798147654313,1.7361453908266662
6,4.057158,3.4688919397906135,2.3385574595701106,1.7357405126627776
1,4.291677,3.67105175368419,2.3187937866328427,1.7281483499048473
2,3.170681,3.677842534186635,2.3183598574094533,1.7278747079046033
3,0.581604,3.6809203832986026,2.3183583591451167,1.727906288384685
4,3.5506,3.6809203832986026,2.3183583591451167,1.727906288384685
5,5.361078,3.6844757701511384,2.3181634854624114,1.7278095935008615
6,4.268225,3.691079819593763,2.3181879785771358,1.727858909927234
1,4.394865,3.8943324750761827,2.3399252063786165,1.7151700850879272
2,3.41458,3.8974870929462,2.340580559642127,1.7153808006939557
3,0.515939,3.9003550844376895,2.3409605417963966,1.715444098735538
4,3.02059,3.903516203625507,2.3415244456634046,1.7156164814092447
5,5.276651,3.906062868179661,2.3421264464313443,1.7158604718299757
1,4.516814,4.035357480135212,2.36147104894779,1.744224067828372
2,3.470864,4.036563202145132,2.3617737384559483,1.7450428612289726
3,0.487797,4.037862651838219,2.361778904787113,1.7455740199492242
4,2.739168,4.039189460432715,2.361788597359779,1.7461308406104927
5,5.286032,4.040157630241822,2.361986454843583,1.7467505095567422
6,4.718499,4.041285720620391,2.3621590322841683,1.7473657294140368
1,4.502743,4.080087746464216,2.309262977903457,1.7584721644138392
3,0.595675,4.080611284549127,2.3054386373949667,1.7584622132772256
4,2.786072,4.080859244137348,2.303088152209608,1.7583280958806244
5,5.201606,4.081074387803599,2.3008098173347054,1.7580479846914199
6,4.73726,4.08119345634895,2.2989518555361506,1.7580799332663755
1,4.413626,4.079514487811637,2.1483829357331343,1.7697423930141283
2,3.41927,4.079504911786164,2.1459464177501966,1.7698853768765346
3,0.750457,4.079019827278461,2.143045546253368,1.7699601531653446
4,2.682884,4.07876964134289,2.140524313501191,1.7701037122116219
5,5.117179,4.078692174516626,2.137949264215774,1.7702641322208856
6,4.690357,4.078821624698604,2.135133669796849,1.770520293011658
1,4.34327,4.1042831151366626,1.9658386614339953,1.7774213359431372
2,3.428651,4.1047841179412226,1.963129804817851,1.7778387890617655
3,0.961523,4.105326125216809,1.9601575636204756,1.7783351848717337
4,2.481199,4.105937900495821,1.9574255415772601,1.778795661298205
5,5.074966,4.106392038405837,1.9546003036873305,1.779228922955848
6,4.85921,4.107022632643561,1.951637464150255,1.7798670275514823
1,4.268225,4.125007717163279,1.7868907793491569,1.790761210079686
2,3.391128,4.124429880577993,1.7841790671279458,1.7910987802489495
3,1.106924,4.123679789677,1.7817388613810157,1.7913889812179677
4,2.481199,4.123049805888225,1.7793458099921098,1.7917312956241107
5,5.032753,4.122278490600805,1.7769820924892237,1.7923531243406563
6,4.910804,4.121401538339865,1.7746423545880854,1.7926944986552924
1,4.061849,4.048295321174971,1.6778420309571307,1.7979280194392113
2,3.344224,4.046074655645741,1.6767896643267213,1.798079461219006
4,2.434295,4.041892821218918,1.6753154837797226,1.798561013223909
5,4.985849,4.039559878193054,1.674478908335722,1.798839080024481
6,4.896733,4.037417875094731,1.673829393732358,1.7991571901942698
1,3.916448,3.9033542712889244,1.6444763989725448,1.8068790451359642
2,3.29263,3.9011846600769893,1.6442813324743497,1.8065612385238892
3,1.346132,3.8993005162613636,1.6441380850179481,1.806302715264569
4,2.415534,3.897079907546088,1.6440135727037548,1.805931389290689
5,5.079657,3.8952405315386796,1.6439067440178903,1.8055913016888039
6,4.831068,3.8910679970489594,1.6437817117219768,1.8049532918203062
1,3.892996,3.7556486686827597,1.6716850666205072,1.8142519261066112
2,3.133158,3.7530268617306106,1.6721784040153578,1.814591771851335
3,1.397726,3.7504996755459765,1.672579598083644,1.8147412932017033
4,2.560935,3.746816697955472,1.6730010332454288,1.8151340413720716
5,5.023372,3.7430990258067167,1.6735903457717753,1.8154109270182097
6,4.610621,3.7430990258067167,1.6735903457717753,1.8154109270182097
1,3.756976,3.5442395722279563,1.718636022418327,1.8150668872225069
2,2.945544,3.540659108283237,1.7195545239401469,1.8151422264196113
3,1.3133,3.536690740192484,1.7205188228656803,1.8152784527446042
4,2.692265,3.5329323273903834,1.7213432719548327,1.8152390332993629
5,5.234438,3.5293948467766256,1.7222863349452084,1.8153663021177395
6,4.638763,3.525482977733535,1.723093753250606,1.8155884598567327
1,3.630336,3.3087380642090496,1.7609975630637413,1.8339129625155712
2,2.818904,3.3048659252869554,1.7615075354834822,1.8343659694381034
3,1.285158,3.3014796085582874,1.7619450081132622,1.8348321709755002
4,2.89395,3.2981614327583,1.7623840937118727,1.8353019102765282
5,5.426743,3.2948201953566123,1.762765878588028,1.835835543545908
6,4.352651,3.291155582860914,1.763106996785024,1.8364711719143685
1,3.405199,3.0975417180984492,1.7737928383429615,1.860059315636927
3,1.280467,3.0941637317981994,1.7738293414891764,1.860373451269778
4,2.795453,3.091194916331743,1.7739265220292424,1.8607072681231704
5,5.633119,3.0881302841307776,1.7740895447773466,1.8609552538730887
6,4.249464,3.0816643540477604,1.774242211088761,1.8615488754787703
1,3.297321,2.8924049949371486,1.8070867709296619,1.885329342627971
2,2.354559,2.8891513492449437,1.807384104627899,1.885500806421769
3,1.30861,2.8860660427207554,1.8077875402766115,1.8854680709115195
4,2.903331,2.8826525460115078,1.8082090971840588,1.88545086152384
5,5.91454,2.8765573452943607,1.808873431792986,1.8855115622286374
6,4.033707,2.873343228055201,1.8091120980278677,1.8854645358528261
1,3.217585,2.6786869249684346,1.8070783287957204,1.8782749928376876
2,2.091899,2.6749021491529836,1.8069437313718473,1.878642576305097
3,1.848001,2.6715869499810743,1.806776799727831,1.8790258021067783
6,3.822641,2.6611161186177297,1.8062969123120483,1.88011427425628
1,3.048732,2.434354637799593,1.8079914251402645,1.8841183398331902
2,1.866762,2.4300038421974532,1.8081100514208193,1.8844765913884438
3,1.543127,2.4267122443555653,1.808200973855471,1.8846366516600792
4,3.137849,2.422642927084034,1.808372269711252,1.8848767850731998
5,6.271007,2.4154878387913294,1.8085924981936523,1.8853923720585255
6,3.672549,2.4114369796674304,1.8087545402356988,1.8856189471602485
1,2.987757,2.21445691927223,1.8093840398037466,1.8910378750781844
2,1.688528,2.2117609675868417,1.808761354665318,1.8910882190885987
4,3.569362,2.206198150500591,1.807587727035473,1.8912315228035501
5,6.472692,2.203557822902986,1.806943150572203,1.891321948822564
6,3.41458,2.200746814532348,1.806178294595413,1.8915165856364133
1,2.753239,1.998660599881159,1.7684885059625925,1.8978601225440652
2,1.519676,1.9950327860868693,1.7683220020485757,1.8979677939423623
3,1.791716,1.9909479747347394,1.7683647324683456,1.898017154532398
4,3.470864,1.9872055382552416,1.7682809708314216,1.898087786680728
5,6.519596,1.9833603373241082,1.7683426431369549,1.8983147576454205
6,3.255108,1.9796957346616533,1.768487007510334,1.898365869370681
1,2.715717,1.770916061054303,1.7590751851634057,1.8973040036267075
2,1.247635,1.7676495990137946,1.7586546819928421,1.897108112031126
3,1.998092,1.761910792718219,1.7576347306375653,1.8967495205960274
4,3.780428,1.761910792718219,1.7576347306375653,1.8967495205960274
5,6.801017,1.755793004163057,1.756276661141864,1.8962930861815817
6,3.15192,1.7531037962266964,1.7556320757839234,1.8961858113227343
1,2.621909,1.5820174617731764,1.70174690271935,1.8963661558186165
2,1.125686,1.5787490749710371,1.7009180270077398,1.896312996731029
3,2.213848,1.5757903604083903,1.700110723235891,1.8962609959275687
4,3.916448,1.5727806454042135,1.6992963307018716,1.8962118345561287
5,6.927657,1.5693460278395386,1.6983564644166271,1.896122703783167
6,3.067493,1.5663207061744422,1.6976994738946916,1.89601540441604
1,2.579696,1.3705839430797218,1.6942270319591166,1.8948168072115497
2,0.970904,1.3669821287472474,1.6942558540558021,1.8945328553564096
3,2.471818,1.3639174333466269,1.6940814732897507,1.8944559612217893
4,4.591859,1.3603679270158375,1.6939113807436708,1.8942648977074836
5,7.087129,1.35718925583925,1.693660778579908,1.894146057674751
6,2.861118,1.3540229182719539,1.6934243098956545,1.8940466634987327
1,2.546864,1.1710177348728743,1.6710723309352689,1.8965538938269184
3,2.49996,1.164764738723327,1.670440353560158,1.89691548943326
4,4.258844,1.1618388122537409,1.6701665516261137,1.8971553691588905
5,7.030845,1.1586554374574827,1.6697642754767106,1.8974373898610237
6,2.729788,1.1556702608328684,1.6695361218586158,1.8975656855484817
1,2.49058,0.952587386568235,1.683947049661253,1.9000352407075425
2,0.698863,0.9495203374488909,1.6846398381971257,1.9001646746105434
3,2.748549,0.9461037653582677,1.6854173403794865,1.900263198466862
4,4.46991,0.9434531350357057,1.6860141551758783,1.9004378781338767
5,7.748469,0.9401183554167523,1.6867276019923843,1.9006831710495216
6,2.584387,0.9369723021421137,1.6874338687528474,1.9007673796428235
1,2.570316,0.7366690316824811,1.6705244096779492,1.8797471199834734
2,0.675411,0.7341022231702894,1.6696744700440302,1.8798466074807456
3,2.898641,0.7314707588388364,1.6691472484714804,1.87986593290922
4,4.624692,0.728610442998411,1.668398111928974,1.879813812111487
5,7.739089,0.7257680053963343,1.667435607567124,1.8800070505135547
6,2.49058,0.7230984937141269,1.6668170500060282,1.8801252702888067
1,2.523412,0.5245717439104762,1.6457002955078706,1.8788066767599618
2,0.619127,0.5181956450149895,1.6461388841826758,1.8782811754723978
3,3.105016,0.5146137667373745,1.6464460991396193,1.8779723063059548
4,4.821687,0.5114219780676361,1.6467094714611274,1.8777031375362376
5,7.88918,0.5082921753976948,1.6469616968639962,1.8775244265607922
6,2.284204,0.5047327524480018,1.647269132972517,1.8772904621306437
1,2.528102,0.33793385829578765,1.6136180362254844,1.878488098044669
2,0.703554,0.3359943244377488,1.6121746465610403,1.878106698362121
4,5.2532,0.3320015776864338,1.60878260477235,1.8773285049782371
5,8.029891,0.33022441544688547,1.6071659644206593,1.8770094021924522
6,2.256062,0.3280090864060335,1.6053317894240489,1.8764600710048263
1,2.420224,0.23661598375749485,1.4881194299632186,1.8760618540185579
2,0.684792,0.23481748767568073,1.4863103984066257,1.8761623368195304
3,3.442722,0.2334327790038511,1.4847951911356505,1.8763047785010651
4,5.018682,0.23194630273366856,1.4831145157459802,1.8765923830577589
5,8.320693,0.2305519700778101,1.481496331284365,1.8767944640845147
6,2.185706,0.22717264840955173,1.4782136504770804,1.876907469317623
1,2.387392,0.14097354689178032,1.3897216091440896,1.8757974637268964
2,0.708244,0.1402317039046031,1.3879180117426833,1.8756559948283145
3,3.592813,0.13941156211015565,1.3859155954405282,1.8754011243456952
4,5.243819,0.13852521425104036,1.383582207376767,1.8750331368463204
5,8.240958,0.13782534405275107,1.3815949098942641,1.8747909484125198
6,2.021544,0.13709002224998212,1.3793483919846508,1.8745103761400717
1,2.396772,0.1499936308155739,1.2120242578726133,1.8848739267462782
2,0.628508,0.15012267805753454,1.209182313778503,1.8851170678751001
3,3.714763,0.1501414999870594,1.2064828599344801,1.8852063925135485
4,5.187535,0.15026162250733752,1.2033555147569017,1.885264640541377
5,8.367597,0.15024796641304808,1.2006675387383663,1.8852714157673491
6,2.293585,0.15033720983223597,1.1978243245492184,1.8852393305725863
1,2.115351,0.11661551743698981,1.008752075010242,1.8775156404628337
2,0.506559,0.11577702802178269,1.0057849541943433,1.8779222627379761
3,3.841402,0.11496731167820287,1.0029618359699,1.878185646507615
4,5.243819,0.11419957734504371,1.0001674344805402,1.8784850834707745
5,8.27848,0.1133805882862172,0.9966727899969483,1.8786335247395525
6,2.457747,0.11281328468003698,0.9940200702324855,1.8789781093883247
1,1.927737,0.11737336930325623,0.8188922774608213,1.8720948397522035
2,0.548772,0.11781893083394737,0.8159686278529213,1.872047904872986
3,3.972732,0.11807477580404982,0.8134814902468878,1.872053046363917
4,5.412672,0.11835207721931576,0.8110728057177055,1.8720992270084018
5,8.26441,0.11885764271941257,0.8081942267460374,1.8721227038556103
6,2.706336,0.11964838013772808,0.8033458425093354,1.8724222465045819
1,1.735432,0.14845679646859405,0.6173073590156003,1.8696390248003685
2,0.539391,0.14830221822762324,0.6141972434332592,1.8693157567707424
3,4.061849,0.1480414439045885,0.6114025886727213,1.8691552358570707
4,5.26258,0.14792080829667917,0.6080862514797524,1.8689696011535177
5,8.316003,0.14776964827280292,0.6050716738847558,1.8687705271933819
6,2.88926,0.1474959297622546,0.6018935132359635,1.868683715248958
1,1.651006,0.23772241683871942,0.4375757433200719,1.8625027349575796
2,0.619127,0.24032712420571672,0.4357937497960819,1.8623536253412492
3,4.268225,0.24309303944846775,0.43404780740362997,1.8622310509393825
4,5.248509,0.24581914748099107,0.43217920466556103,1.862003062191457
5,8.090866,0.24888244812987972,0.4302069098223812,1.8617878258098377
6,3.034661,0.2519601539255762,0.42860384475073915,1.8617241310037027
1,1.350823,0.45120307975283,0.3403923239915039,1.8572773629510655
2,0.506559,0.45753481165410115,0.3370582796922917,1.856665460353347
3,4.165037,0.45753481165410115,0.3370582796922917,1.856665460353347
4,5.051514,0.4643049878091369,0.3333924028939804,1.8559528939932617
5,8.029891,0.4674751813632169,0.33160654397711303,1.855621267843334
6,3.208204,0.47096294136810946,0.3294487126427116,1.8551520661645493
1,1.191351,0.6499916936398004,0.24093042920055716,1.8647093760058229
2,0.562843,0.6532304929229077,0.24022722545645595,1.864569477306647
3,4.094682,0.656812729406543,0.2395698424033375,1.8644746449031506
4,5.107799,0.6599379189265792,0.2389233717476766,1.8643220982442295
5,7.785993,0.6631859845843325,0.23833340484716292,1.8641763248638177
6,3.395818,0.6664410414266596,0.23788240532669552,1.8640995705788113
1,1.135066,0.8757110591147638,0.2444738415855814,1.8760190661486265
2,0.3893,0.8793411001361575,0.2445844999659863,1.8761267613461743
3,3.982113,0.8834346647375549,0.2447774307024373,1.8762846783043294
4,5.581525,0.8869987870056311,0.2447888761821197,1.8763339398545598
5,7.584307,0.8911652268614646,0.24484547976533705,1.8763955318600818
6,3.466174,0.8948462519013676,0.24470681340195485,1.8763125516419847
1,1.013117,1.1074411284160457,0.2160186776234047,1.8769676569271267
2,0.436203,1.1110176086894048,0.21566963781770476,1.8771143816469014
3,3.846093,1.1150623405489868,0.2150077630039095,1.8771068582921275
4,4.835758,1.1187571655918915,0.21472937518566987,1.8772795222243983
5,7.49519,1.122378199153378,0.21408819104450044,1.8772694413758764
6,3.583433,1.1300798637962297,0.21313476278691634,1.8774314645185792
1,1.04595,1.3302834357325144,0.22626096258372508,1.8822823837093865
2,0.53001,1.3340501030749345,0.22718353338670558,1.8821535812089942
3,3.625646,1.33728314623954,0.22797863445037458,1.8820389598559304
4,4.526195,1.3406798609382635,0.22883555693289043,1.8819264202265285
5,7.255982,1.3443933093505203,0.22967688874531234,1.8817301743825927
6,3.616265,1.3476250029110786,0.2304314913536077,1.8815731914728862
1,1.106924,1.5506321940837235,0.24968258746750888,1.8887005019031233
2,0.637889,1.554327358029177,0.24960667116415192,1.8885832636547726
3,3.522458,1.5580443118854108,0.24948201731732217,1.8884480309180167
4,4.352651,1.5657759837932317,0.24924818449618708,1.8882876933352706
5,6.843231,1.5695068207460061,0.249263708616194,1.8883568633913852
6,3.80857,1.5732437786030742,0.2492759951572354,1.888450403752673
1,1.322681,1.7795887096499903,0.28881159707153736,1.882122451978511
2,0.975594,1.7828133885691988,0.2900833767415747,1.881949844743381
3,3.241037,1.7857775545433776,0.2913203117070718,1.8819357402214103
4,4.010255,1.7888037402838115,0.2925763745987286,1.8819547454109977
5,6.908896,1.792109675454928,0.29380467969746943,1.8819421751663514
6,3.80388,1.7952254321698735,0.2950218843636703,1.8820931811222643
1,1.514985,2.019682296560624,0.32400884767535887,1.883672674751907
2,1.486843,2.023440079083121,0.32353024874330494,1.8834344072977998
3,3.044042,2.0278310390901844,0.3229353344307899,1.8831850817475024
4,4.024326,2.0317469031753954,0.3224042813859662,1.8829602315554634
5,6.543048,2.035741743696531,0.32186655002758274,1.8827872290427705
6,3.996184,2.039608233995205,0.3211945865661329,1.8824679239933408
1,1.655696,2.288557356900917,0.2942605286665486,1.8957995652471469
2,1.758884,2.2923167085868754,0.29433800041564284,1.8957009939176785
3,2.917402,2.2965904298338877,0.2942954114163996,1.8954441738279821
4,3.306702,2.3041036350322637,0.29450689850371814,1.8950527943629494
1,1.787026,2.541326034499985,0.2973148778307657,1.9086561915044131
2,1.918356,2.545338707836377,0.296703919532023,1.9085984897829154
3,2.772001,2.5498891799115846,0.2959099753381414,1.9084560263104031
4,3.353605,2.5581217630743303,0.2944296456965589,1.9082112021097097
5,5.984895,2.562173043454522,0.29365728346897135,1.9080590132091177
6,4.254154,2.566898029999794,0.2929961656302374,1.908111618083321
1,1.998092,2.795081295368008,0.25560356897182224,1.9124229521079485
2,1.805787,2.798610445055441,0.25555810232265747,1.91273441210683
3,2.800143,2.8023918645422987,0.2555505531064849,1.9130868246494421
4,3.231656,2.8057523337645023,0.25538039278581853,1.9132673151818074
5,5.966134,2.809101244884418,0.2553363461760369,1.9135189682572382
6,4.451149,2.8128919810217563,0.25528771514310966,1.9137809287092813
1,2.2373,3.042446649043832,0.30395051140050916,1.9148255227816708
2,2.035615,3.046865164227302,0.30525916523887137,1.9153166047812744
3,2.682884,3.0508032517520696,0.30651667107556296,1.9159077964758393
4,2.917402,3.058636159699376,0.30898781959442784,1.9172733050702255
5,5.548692,3.063061720220237,0.3103461214827438,1.918144833299501
6,4.634073,3.0668872247779153,0.31142762614237085,1.9188467727567764
1,2.471818,3.298296900412434,0.35301721672492326,1.92002104377764
2,2.401463,3.301809542163142,0.3529240738899466,1.9196212236370014
3,2.542173,3.3092345052445555,0.3524637533470877,1.9187510059256068
4,2.612529,3.3126297351894536,0.3522225226859063,1.9183879079036683
5,5.281342,3.3165579564280137,0.3519101926397034,1.918058527808569
1,2.720407,3.5600517184016693,0.3492095439344403,1.9086179208721723
2,2.682884,3.567252954233018,0.3507010519847685,1.9083124657354338
3,2.518722,3.5708794104492796,0.35147518886601203,1.9082277988018779
4,2.978377,3.574383608200798,0.351990883702211,1.9078819311654072
5,5.074966,3.5784274684761805,0.35276720088649915,1.907616197700939
6,4.967088,3.58187566279819,0.3534166356611421,1.9072856044644733
1,2.978377,3.7829519511631435,0.39206050133946446,1.9028006707345053
2,2.917402,3.785996180383898,0.3922638155489488,1.9024587259866272
3,2.523412,3.7893699070614426,0.3925379669705985,1.9020859438355329
4,2.35925,3.7924560956527262,0.3926834265227457,1.9016403779290632
5,4.877971,3.7989251249556464,0.3932079423515448,1.9007586049934473
6,5.173464,3.8021522074794327,0.3934857738397395,1.9003457825885006
1,3.100326,3.975141308374764,0.3737022603184772,1.8810872023722363
2,3.039351,3.977784760973632,0.3730305587907951,1.8813237506363527
3,2.49527,3.982774019370881,0.3719803102571636,1.8818373289325345
4,2.251371,3.982774019370881,0.3719803102571636,1.8818373289325345
5,4.704428,3.9878624254780535,0.37089744739196023,1.8821736445095858
6,5.314174,3.9902950446006145,0.37047254902168225,1.882358192288856
1,3.391128,4.086670861906727,0.3653888673329462,1.8868532556097337
2,3.273869,4.087606941789469,0.3657964189170568,1.887017952480441
3,2.6266,4.088714484492386,0.36611632588098525,1.8872056901289131
4,2.509341,4.0897825312092815,0.36650310684280646,1.8874546533336436
5,4.446458,4.090933052541333,0.36681834584692075,1.8876567091824514
6,5.572144,4.093047518255707,0.36737006651629356,1.8879970968747424
1,3.41927,4.135968465674642,0.305863768239521,1.8808969621550655
2,3.367676,4.136518820959785,0.30356156064431916,1.8805367298715445
3,2.814214,4.137131098342313,0.30117823419162004,1.8802043058110196
4,2.22792,4.137760589307797,0.29904002009391817,1.8800014310277673
5,4.296367,4.1383834563697,0.2965689715126329,1.8797282631148904
6,6.130296,4.139041163933754,0.29414275236321297,1.8795124491028439
1,3.41458,4.216814964053334,0.13074027615561606,1.8832218996347583
2,3.559981,4.218557015329983,0.12811296353074803,1.882854884840748
3,2.973686,4.222016311397426,0.12288372692808708,1.881993546983729
4,2.23261,4.222016311397426,0.12288372692808708,1.881993546983729
5,4.122824,4.225692417181993,0.11733090455187238,1.8809872506335825
6,6.069322,4.227732997532835,0.11450737797230744,1.8805157331241211
1,3.447412,4.3104042960501046,-0.027755447835349008,1.8825125016305875
2,3.738215,4.311650754041734,-0.03276894827964777,1.8814424264622556
3,3.222275,4.3123817958146,-0.03567530009186177,1.8809769399269394
4,2.317036,4.313022476904683,-0.0383806536858167,1.8806277059296228
5,3.977423,4.313495189443596,-0.04111321435720723,1.8801679313549975
6,6.271007,4.314091776007919,-0.04397152012463216,1.8798730048003585
1,3.372367,4.323896741734048,-0.22073830136772657,1.8820614035459076
2,3.794499,4.3242190953574955,-0.22331236487652367,1.882234310453007
3,3.409889,4.3244359650434765,-0.22628450971528108,1.8823289527298745
4,2.274823,4.324741542435045,-0.22897478598958232,1.8824997954761595
5,3.930519,4.325119272642568,-0.23192507174613342,1.8827045438652794
6,6.416408,4.325664373717492,-0.23709347708302936,1.8828825891864613
1,3.452103,4.358614065309411,-0.36053464637949584,1.8772956261307456
2,3.949281,4.359135646892347,-0.36182196554966783,1.8773833190364313
3,3.531839,4.359753802623146,-0.3630064839417295,1.877477161409188
4,2.401463,4.360271519463533,-0.3642452649065822,1.877624281996832
5,3.921138,4.360800290586914,-0.36561833973390423,1.8777325040290513
6,6.402337,4.3611743134274805,-0.3665161989171163,1.8776893369062673
1,3.447412,4.32985796080226,-0.3826983464020963,1.8778347786488512
2,3.953971,4.328299016411786,-0.3823560284272199,1.8778566152299916
3,3.602194,4.326457658270015,-0.3818825162053432,1.8777442330595013
4,2.138803,4.324881994247286,-0.3817694918507668,1.8778081898580248
5,3.878925,4.3231414164573785,-0.38158217869609934,1.877689199914965
6,6.271007,4.319679660778054,-0.38105380794690746,1.8773402876401633
1,3.264488,4.2153285181283415,-0.3558702549860195,1.8747605807647696
2,3.67724,4.213302270445306,-0.3559725568786858,1.874269936980987
3,3.733524,4.213302270445306,-0.3559725568786858,1.874269936980987
4,2.199777,4.209735191426549,-0.35677143590904015,1.8738037439523845
5,4.244773,4.207755236708884,-0.35686031741960933,1.8732752734378326
6,6.280388,4.205949778784845,-0.3573242708277101,1.8730314592777342
1,3.086255,4.083581297344158,-0.3762370918463215,1.872003665893497
2,3.761666,4.081479825429009,-0.3760104397685187,1.871737076795188
3,3.653788,4.078995334315412,-0.3761108729233266,1.87176132078538
4,2.349869,4.0766231038331275,-0.37564315398347176,1.8713167744249533
5,4.816997,4.074493342135264,-0.375557158711044,1.8711767015793181
6,6.280388,4.072260008194122,-0.37541260256329445,1.8710328607080493
1,2.936163,3.8899353982945923,-0.34952855072063876,1.8755388630088439
2,3.892996,3.882801527525572,-0.3482292331485497,1.8750152475192414
3,3.616265,3.87945380236557,-0.3477178431818649,1.874870451124434
4,2.354559,3.8756156371533663,-0.3471014698802753,1.8746543124648098
5,4.709118,3.8722956816694234,-0.34654969279476194,1.874458070729622
6,6.083393,3.868618507307269,-0.346042130863152,1.8743054023432908
1,2.654742,3.6340577554089717,-0.3498173426467263,1.8600644035536276
2,3.963351,3.6304060489975853,-0.34998907686445435,1.8601324276838174
3,3.597504,3.6265947650847665,-0.35019582513978004,1.8602773330244022
4,2.584387,3.622412143230965,-0.350250180188325,1.8602796245318114
5,4.826377,3.6182367385705856,-0.3502391420392383,1.8602455429804308
1,2.467128,3.416702470021405,-0.3183167614443281,1.8637708524961774
2,2.861118,3.4131097214733384,-0.3171673585200229,1.8639831808233738
3,3.531839,3.40897936311865,-0.3157190246067714,1.8641613210334904
4,2.537483,3.40598629925933,-0.3145261395988125,1.8642712475844554
5,4.901423,3.4018196950232813,-0.31327770821075185,1.8647659801377585
6,5.77852,3.398943523116662,-0.3121525796550823,1.8650091614880673
1,2.199777,3.1582720916048523,-0.26348397253281886,1.873259396170735
2,2.701646,3.154413056082011,-0.26320849967986026,1.8725292701911096
4,2.640671,3.1460500227629336,-0.2624098324611969,1.8707957206750438
5,5.145321,3.142426957866779,-0.26217036675585126,1.8699405700188405
6,5.39391,3.1377732038153003,-0.2621406329711745,1.8692162828649717
1,1.923046,2.880449554843963,-0.24265027733502148,1.8436518555312327
2,2.621909,2.8720424994617244,-0.24179479044550384,1.842860821831486
3,3.68662,2.8680331908684806,-0.24083042724348502,1.842237250887945
4,2.851737,2.863976590673194,-0.24024088920112113,1.8419631428414833
5,5.548692,2.859073926278358,-0.2395843612179318,1.8418109352420884
6,5.365768,2.855003695288489,-0.23873700484672417,1.8415498179893168
1,1.758884,2.6001005613864474,-0.2215926464724305,1.8568441166262502
2,2.279513,2.5962400668763874,-0.22219723588731108,1.8566359918347553
3,3.68193,2.592416505947691,-0.22279955480160718,1.8563964122149574
4,3.128468,2.58857413671079,-0.22346438225111964,1.8561917040697677
5,5.801971,2.5842003067755304,-0.22422731859798312,1.855936016483211
6,5.12187,2.579710587940488,-0.22518110182561402,1.855826644349587
1,1.299229,2.3203884596570226,-0.290737606730179,1.8413627934344305
2,1.979331,2.3153514188163316,-0.2911968910253208,1.8410449632003392
3,3.775737,2.3108897538715847,-0.29205164144658424,1.8411402840000166
4,3.28325,2.306370470364329,-0.29265565967417845,1.8409401512687626
5,6.646235,2.3021201095290107,-0.29311636336790947,1.8407503499196138
6,4.957707,2.2979962744111284,-0.293470887823862,1.8404246846368042
1,1.04595,2.023182967609794,-0.29099058507141906,1.832678825147237
2,1.83393,2.0183695462809736,-0.2909891350272308,1.8328563158277644
3,3.93521,2.0135649241080262,-0.29072452166235907,1.8327865492543955
4,3.527148,2.0043763764011366,-0.2907957976200657,1.832908391014172
5,6.271007,2.0000545401968455,-0.2906251403488508,1.8327916312305597
6,4.821687,1.9955866939500175,-0.2903990288910989,1.8325742018428053
1,0.797361,1.7326500662479527,-0.30662781703165937,1.8195819079478706
2,1.604102,1.7288738293577324,-0.3067551533648805,1.8197896973301022
3,4.014945,1.7250929596178586,-0.30697592473537016,1.8200088736799305
4,3.81795,1.721210061859725,-0.307155432780065,1.8202134061221589
5,6.589952,1.7177015037394974,-0.3075326237014546,1.820452069797725
6,4.657525,1.714046801786644,-0.3078613403445502,1.8206792125305202
1,0.712934,1.458520818477535,-0.269672011909318,1.7868315619269706
2,1.496224,1.454238216122295,-0.26827078349001704,1.786110661036699
3,4.089991,1.4501496549766422,-0.26716512969391504,1.7855159644203196
4,4.000874,1.4456118842844008,-0.26582428665754465,1.7848141683181087
5,6.857302,1.4415151276762739,-0.2645316118958086,1.7840760207140767
6,4.488671,1.4371112455326442,-0.2635552907429437,1.7835944471174072
1,0.412751,1.1900615177019187,-0.2454940782293986,1.7243954548282143
2,1.257016,1.1864686035884795,-0.24547799861007524,1.7227084101787467
3,4.188488,1.1830657354135745,-0.24593684892144008,1.7216041319515265
4,4.216631,1.1795776549275723,-0.2461693602674745,1.7204011778017274
5,7.049606,1.1758080006837013,-0.2465706401572642,1.7192614703980444
6,4.385484,1.1727193111134158,-0.2463251509067611,1.7177716991487249
1,0.365848,0.9647441400889059,-0.2667280204795953,1.6544921090602214
2,1.247635,0.9607295879641395,-0.2670565458435379,1.653574707762985
3,4.357342,0.9570922706852905,-0.26719750643094736,1.6526462648627325
4,4.404245,0.9532133791977382,-0.2676367284325467,1.6519123297590494
5,7.218459,0.949176830811974,-0.2674879170057764,1.6505417441353631
6,4.226012,0.9455593199237281,-0.26771850221693405,1.6495582126920219
1,0.454965,0.694011015223688,-0.24720894973094046,1.6001154365212797
2,1.261706,0.6901038417136043,-0.24720488206283564,1.5995916395734417
4,5.107799,0.6829988685739894,-0.24699880016749307,1.59862729503703
5,7.462358,0.6795504717285038,-0.24661318902347823,1.5978902599174558
6,4.104062,0.6757702614511507,-0.24643618309806797,1.5972654662665973
1,0.647269,0.46504825578237347,-0.2548298651377001,1.5252151392335596
2,1.369584,0.46174621923704345,-0.25544004570501544,1.5242647124198845
3,4.648144,0.45478949602672625,-0.2570155107527267,1.5225711360510126
4,4.788855,0.45125256065786973,-0.2578545697220175,1.521678820790448
5,7.706256,0.4478649196287691,-0.2586127145391909,1.520880320625015
6,4.066539,0.4447254255475979,-0.25942692152381175,1.5200730819084447
1,0.825503,0.24732739238032433,-0.3097423365925458,1.5113776446590836
2,1.533747,0.24356783561131562,-0.3098187991082992,1.5109892660520545
3,4.845139,0.2402153015316124,-0.3096229314678739,1.510436843159319
4,4.901423,0.23745440740919851,-0.30978274714758436,1.5100384669267624
5,7.959536,0.23392698515929458,-0.3096954313653795,1.5095501245024938
6,4.108753,0.23090921153030947,-0.3097048288622505,1.5091643880076124
1,1.608792,0.03546563125295612,-0.3125333371236207,1.5048185012443112
2,1.777645,0.0324679853291925,-0.31327886561361745,1.504911705475851
3,4.976469,0.029885963851908254,-0.31366432025197305,1.5046363191653194
4,5.093728,0.026659236215872243,-0.31450959981958,1.5046938979247235
5,8.109627,0.023822387038242833,-0.31507861853259267,1.5046565577074065
6,4.104062,0.021043026350488186,-0.3157761064631619,1.504633915843636
1,1.158518,-0.11478966734810189,-0.3627919417313836,1.50137117752783
2,1.758884,-0.11637117840716282,-0.36236715416600546,1.5009399955521845
3,5.117179,-0.12040715071261013,-0.3618969193422785,1.501112582273743
4,5.379839,-0.1222368315200132,-0.36161375268521656,1.5011228257548006
5,8.386359,-0.1240845712617566,-0.3612799410631384,1.501101435704446
6,3.996184,-0.1261877784130939,-0.3610356681191097,1.501337652352586
1,1.242945,-0.23761604025009578,-0.28503473860205863,1.4854137418829683
2,1.740122,-0.23954224976839045,-0.2835100019843073,1.4854388387910256
3,5.196916,-0.24139706537472477,-0.2821240606067145,1.4855428223926392
4,5.712855,-0.24342423586749032,-0.28066230505479345,1.485573520582439
5,8.512998,-0.24489429709630783,-0.2793584999977415,1.485356695044761
6,3.902377,-0.24638770683413677,-0.2778792003642936,1.4850343440051748
1,1.416488,-0.32412563062978367,-0.22283138656337748,1.4657136152930703
2,1.984021,-0.3257096209901631,-0.22262329937551278,1.466135631680365
3,5.351697,-0.32755975552808947,-0.22236309284046912,1.4667333468898278
4,5.661261,-0.33052565491598346,-0.22174397360067238,1.4675193828203623
5,8.766278,-0.33194206537780224,-0.22140860579387303,1.4678939709355083
6,4.113443,-0.3334688231225771,-0.22096738147046635,1.4682656836210084
1,1.57127,-0.3861451067408337,-0.14307086944284983,1.468236137304248
2,1.984021,-0.38651783556088604,-0.1368044234684985,1.4671561667675985
3,5.361078,-0.3864118183311349,-0.13318156409634258,1.4662520602553317
4,5.773829,-0.38661478839779545,-0.1300996082879566,1.465757032691361
5,8.564592,-0.3865998260709839,-0.12688755677244287,1.465073589508788
6,3.719453,-0.38671283075881113,-0.12341237208752504,1.4645136294035777
1,1.782336,-0.39866045513374865,0.0772255165004975,1.467646622244256
2,1.904285,-0.3995540613752756,0.08028552639181606,1.467655554617751
3,5.25789,-0.4000731242617228,0.08326387987325627,1.4673492442774325
4,5.769139,-0.40105473937811165,0.08597328204939987,1.4674938206942088
5,9.028938,-0.4017224567131166,0.08902730266858477,1.46728067462316
6,3.475554,-0.4028162300791508,0.09209098323984993,1.4674031701442773
1,1.918356,-0.47500091010812034,0.27059742659556274,1.4688833515490567
2,1.885523,-0.4754935198854116,0.27406130854378014,1.4683967784035308
3,5.12187,-0.4759512556198179,0.27578371225272424,1.468415565881933
4,5.77852,-0.4763805459453497,0.2788031207841607,1.4681040678637647
5,8.878846,-0.4768085470482738,0.28146082245382203,1.467837438680009
6,3.302011,-0.47717485400996634,0.2845084160341722,1.4674240234499538
1,2.016854,-0.4604956718099612,0.5041597866480927,1.4623250134281016
2,1.477462,-0.4605534057293804,0.5075956772619742,1.4628151948478705
3,4.99054,-0.4606193259951061,0.511436335098262,1.4632966501601237
4,5.773829,-0.4607573074692799,0.5182217730264004,1.4639840366961943
5,9.019557,-0.4607573074692799,0.5182217730264004,1.4639840366961943
6,3.067493,-0.4609961700880406,0.525462968978368,1.464523591015677
1,2.317036,-0.5085146693635103,0.769396683023948,1.4623786922830957
2,1.979331,-0.5095379501558174,0.7737695931908272,1.4626291563596263
3,4.892042,-0.5103938930750499,0.7775526625144767,1.462739020184788
4,5.792591,-0.5113123971148545,0.7813737258301243,1.4629375352411376
5,8.864775,-0.5123186509802891,0.785678305228248,1.4631320283042717
6,2.790762,-0.5131697998654219,0.789557728056686,1.4632927599221994
1,2.424915,-0.4993320318398555,1.0515240227250793,1.4525143991723912
2,1.491534,-0.49834848012542454,1.0564160539047762,1.4532373846972215
3,4.73257,-0.49754569850299624,1.0607777785212138,1.4539147151719785
4,5.78321,-0.49672976464628826,1.0652535761648785,1.4545640387290895
5,8.972653,-0.4958614864664538,1.0703198760922954,1.4552949702645652
6,2.471818,-0.4952250555739375,1.07473203689125,1.4560297953446637
1,2.635981,-0.4982339800178247,1.3325143828446524,1.4619519200746955
2,1.547818,-0.4990231668469504,1.3367839496850136,1.461940300705033
3,4.610621,-0.4997253612348852,1.3405856813681065,1.4619486047784471
4,5.792591,-0.5005184469301432,1.3444278828119023,1.4620880226625936
5,9.150887,-0.5013044795946261,1.3486736468889822,1.4621690410726935
6,2.265442,-0.5026445317716212,1.3566010853328765,1.462354218571222
1,2.875189,-0.510177775934335,1.6148196849081504,1.45183284193599
2,1.599412,-0.509479918897942,1.6189424085033748,1.4513200289349983
3,4.587169,-0.5087814628064765,1.6229081304922959,1.450875063614128
4,5.806662,-0.5078038645439938,1.627576872422251,1.4502506401673407
5,9.05708,-0.5070028471453905,1.6317691621371573,1.4498962989800048
6,1.829239,-0.5060468891892397,1.6362559298521508,1.449528284816598
1,3.015899,-0.4526927987333119,1.8333405639450737,1.4531514768688616
2,1.632244,-0.4517519090133382,1.8350020476883104,1.4532375230910728
3,4.362032,-0.45050323943163645,1.836177615247726,1.4529380307593769
4,5.980205,-0.4492571208387316,1.8376236094392733,1.4527507018654195
5,9.094602,-0.44825381163467115,1.8390450485761596,1.4527571522705534
6,1.740122,-0.4460948933344455,1.8411868888724767,1.4525029301763954
1,3.109707,-0.3737599420552103,1.822200204443156,1.4470898934892178
2,1.768265,-0.37168535167723715,1.8211398038419044,1.4468967070422267
3,4.249464,-0.370033719294056,1.8202331299951398,1.4467124131710722
4,6.017728,-0.36558087926637,1.818206974460998,1.4462589800443726
5,8.958582,-0.362871599826746,1.817147772160903,1.4458257953804874
6,1.613483,-0.3608728758688264,1.8162959933453433,1.4457820005490374
1,3.090945,-0.20543314033392512,1.778341065224155,1.4442408091152343
2,1.618173,-0.20258309703249353,1.7785044626917395,1.443950093615966
3,4.010255,-0.20001875701919242,1.7782592666184234,1.4432925619202546
4,6.05056,-0.19746849752575815,1.7782444166027631,1.442756825021648
5,8.874156,-0.19450917973238996,1.7782183224687382,1.4421300302589348
6,1.608792,-0.1893010309711869,1.778377689469955,1.4411700075887497
1,2.987757,-0.03162621035864043,1.8203815651294226,1.4385994566979936
2,1.543127,-0.02865350222984348,1.8210524236737378,1.4384180887807978
3,3.860164,-0.025514512112403666,1.8217533678109874,1.4382083981006448
4,5.637809,-0.022535235264637184,1.8225354896027366,1.438171794889464
5,8.555212,-0.019685348229834494,1.8231187265924442,1.4380165624621444
6,1.486843,-0.01624121302923985,1.8238333864779983,1.437816063369412
1,2.945544,0.2530338988472151,1.862672526686687,1.4326814135683963
2,1.3133,0.26211994192207033,1.865636811773124,1.4330345348761024
3,3.620955,0.26652060934201516,1.8672595367066283,1.4332935388353663
4,5.487718,0.2712135636341337,1.8690486296470792,1.4335839772104568
5,8.437953,0.27549865424001113,1.870330846219067,1.4334885576623433
6,1.538437,0.2797125191497838,1.8720240465601372,1.4337352988777206
1,2.922092,0.515358655221335,1.984539654191354,1.4250827249191416
2,1.360203,0.5188472027097278,1.986377623445721,1.425712543326137
3,3.320773,0.522023156342918,1.9881241180704694,1.4263729940849568
4,5.168773,0.525250296757792,1.9898830152536324,1.4272290256658893
5,8.104937,0.5284365717074119,1.9916537687737224,1.4279726370532209
6,1.758884,0.5315853147030426,1.9934475492457604,1.4287913567123898
1,2.945544,0.7259885040711542,2.119532571972929,1.4585181328925072
2,1.346132,0.7286216362161968,2.122175383781612,1.4588968837383656
5,8.039272,0.7363995496743382,2.1311844024299447,1.4600013555520093
6,1.777645,0.7389686988193819,2.1345369122147386,1.4603523823594347
1,3.255108,0.7822070342290416,2.381494120701819,1.4437878852342596
2,1.538437,0.7819545366732695,2.386281129400775,1.443386582717919
3,3.062803,0.7812982859429856,2.3948127731690603,1.4428364384737413
4,4.835758,0.7809563821269585,2.399077154746361,1.442556765292136
5,8.287861,0.7805609070518623,2.403873196046128,1.442283986215561
6,1.716671,0.7801419563751127,2.4082662839444815,1.442113621125082
1,3.508387,0.7720411267862376,2.6492481344534218,1.437299793301067
2,1.885523,0.7720790355544122,2.653010075295902,1.4375241012850817
3,2.832976,0.7723187613251584,2.656910841723703,1.4376863253460759
4,5.074966,0.7725620747585751,2.6603507414833136,1.4378105328141535
5,8.236268,0.7728493030679587,2.664235305540409,1.4379678906284477
6,1.486843,0.7730525125184131,2.6679815624687357,1.438284675080067
1,3.733524,0.7568171012547508,2.9031823219272495,1.4517522679486803
2,2.124732,0.75612702697593,2.9064144303516994,1.4514717129203727
3,3.278559,0.7553134957886457,2.910207499056585,1.45120023189488
4,5.164083,0.7542762858484671,2.9138909899245133,1.4511087995587106
5,8.578663,0.7534501779798128,2.9172462889981614,1.450937280101835
6,1.280467,0.7525505633314599,2.920479005970526,1.4507061860350292
1,3.9399,0.728407981515953,3.1261588038757737,1.4079209914156656
2,2.274823,0.7286507433580891,3.129607785191352,1.4071634633095522
3,3.053422,0.7287346615329685,3.133041546450636,1.4064564715859451
4,5.243819,0.7289969441789186,3.1361827379180007,1.4057588625732285
5,8.663089,0.7291138976626469,3.139920709364348,1.405217934707451
6,1.05064,0.7293849269676597,3.143234814160835,1.4047035832887824
1,4.146276,0.752808342381646,3.2951908917023873,1.3733288158093766
2,2.476508,0.7531009909563148,3.298762479614563,1.371173826123611
3,2.978377,0.7531497451335841,3.300593136277821,1.3701969609586755
4,5.558073,0.7531741706704469,3.302267326565834,1.369022512253414
5,8.386359,0.7531391751538372,3.303527204485667,1.3679358168812177
6,1.064711,0.7532515877367426,3.3053541215192084,1.3667066128162955
1,4.230702,0.7539246204850674,3.3808278974136785,1.2795181787096832
2,2.49058,0.754200471366017,3.381609995185976,1.277698822132785
3,2.973686,0.7542266241990353,3.382116209882983,1.2760782652590217
4,5.370459,0.7546035517078693,3.3828611279807967,1.2739246498601846
5,8.53176,0.7549886692806879,3.3841726030540196,1.2703043716844205
6,0.980285,0.7552300598063099,3.3847794429840286,1.2681902309045743
1,4.310438,0.7789483265074344,3.4115092489680405,1.1340776336643652
2,2.664123,0.77872862202235,3.4116805825999816,1.1325536292505245
3,2.936163,0.7787100302235443,3.4119496609878888,1.130833158452738
4,5.370459,0.7794716142260951,3.4120752958879836,1.1262338049121212
5,8.461404,0.7792438632751484,3.4119301025243374,1.1247533814833421
6,1.027188,0.7795218392814218,3.4126372118658335,1.1226469162519754
1,4.512123,0.7843315748447018,3.410639566056062,1.0064374338452493
2,2.654742,0.7850043896791555,3.4101478980875686,1.0017825317401543
3,2.997138,0.7850519974179138,3.409832578405978,0.9995887709498703
4,5.483027,0.7850519974179138,3.409832578405978,0.9995887709498703
5,8.508308,0.7854722438936376,3.4093694691394787,0.9955947990507182
6,1.064711,0.7855947093681364,3.408980526287411,0.9936320545041862
1,4.582479,0.7952517711710553,3.401223299597811,0.8589915275544198
2,2.818904,0.7954226993102337,3.401644202171707,0.8566369086513093
3,3.048732,0.7950706094343071,3.401278703062224,0.8547048971743376
4,5.201606,0.7952478770621325,3.4013748085751474,0.8519540889463326
5,8.40512,0.7951336782536659,3.4011828858603406,0.8497367086836827
6,1.782336,0.7951554938560766,3.4010651462301364,0.847167182735272
1,4.60124,0.800141292287821,3.40465660139394,0.7015656165713081
2,2.922092,0.8000270417213975,3.404546810869698,0.699681779146613
3,3.208204,0.8003980827690269,3.4044259563011727,0.6951707671084127
4,5.154702,0.8005787157764144,3.4047859095028903,0.6930279247411713
5,8.325384,0.8008841783594542,3.4047464530624856,0.690725294864242
6,1.242945,0.8012437096900216,3.4051360422134067,0.6881370412000893
1,5.328246,0.8073778183798072,3.3948766503076357,0.5642247164732652
2,2.987757,0.8081133181026694,3.394402675266916,0.5614615736260818
3,3.217585,0.8076017676201901,3.394207201954092,0.5599427965854893
4,5.150012,0.8074241033256582,3.3945327605268463,0.5584498920420502
5,8.330074,0.8074508094859192,3.3941533301172893,0.5565839278715805
6,1.196041,0.8074792898489385,3.394118883359141,0.554574894590425
2,3.081564,0.8082910171332129,3.396984353044036,0.43743214640746353
3,3.255108,0.8084052125612973,3.397081573342636,0.43511885082880397
4,5.154702,0.808582521768743,3.3976196180775737,0.4329208960495131
5,8.27379,0.80882126270729,3.398062574845557,0.4306709483567474
6,1.374275,0.8089507806859344,3.3982163590424985,0.4282452819579857
1,4.774783,0.8085270700616964,3.3995938235306955,0.31365844720271097
2,3.090945,0.8084930757436964,3.3991258674788556,0.311065887069219
3,3.372367,0.8084930757436964,3.3991258674788556,0.311065887069219
4,5.12187,0.8084880524494096,3.3984799288934306,0.3086978099141563
5,8.372287,0.8085520059623278,3.3983929767225667,0.3075345229356755
6,1.430559,0.8086873370524907,3.3983865996036258,0.3063527448137558
1,4.620001,0.8050736943628397,3.387083481315235,0.2514684999049008
2,3.217585,0.805122309489985,3.3871502281429495,0.25055205199695907
3,3.358295,0.804931904207583,3.3868760535162026,0.24979024105604564
4,5.196916,0.8046730542313303,3.386463482647398,0.24889848026789768
5,8.391049,0.8045997316309312,3.386250185009302,0.24802204891462654
6,1.716671,0.8045571911850603,3.386037722017509,0.2471117006606574
1,4.760712,0.7897473897702828,3.378512812985226,0.23931153531666893
2,3.306702,0.7896836487167315,3.3792803068277055,0.23909190426420418
3,3.372367,0.7894741584395909,3.379938372156995,0.2390972666577244
4,5.154702,0.7884361022540558,3.379298270284317,0.23949608756884386
5,8.428572,0.7874224770982158,3.379921735613453,0.23955877094091305
6,1.660386,0.786450467762476,3.3796100260815676,0.23983871688866876
1,4.652834,0.7776469342969144,3.3789979194589317,0.2424732120764623
2,3.119087,0.7777393053235235,3.378787988896035,0.24241209958661686
3,3.358295,0.7775314149423893,3.379110825279137,0.2425763876964371
4,5.154702,0.7776987480982602,3.3787618934706805,0.24243890081960282
5,8.437953,0.7776594557253484,3.3788624912301892,0.24247872802664008
6,1.416488,0.7774302137745666,3.379405277343328,0.24260194624365336
1,4.72788,0.7772208212545079,3.3817891859392484,0.24161768208838208
2,3.072184,0.7772187252269085,3.381791336292441,0.24162319774544064
3,3.358295,0.7771441312300239,3.381752299607146,0.24169607772327775
4,5.187535,0.7772101068179106,3.381737773806222,0.24165082248554787
5,8.400429,0.7775900689758666,3.381533428668542,0.24119568128741642
6,1.402417,0.7776140744847739,3.3815337762794306,0.24107712338140208
1,4.638763,0.7777726103718117,3.381457244506533,0.2410183807859147
2,3.142539,0.7777055169600847,3.381553713370049,0.24108905752445875
3,3.400509,0.7776648412512237,3.3815998541323267,0.2411304159706051
4,5.150012,0.7777709210286036,3.3814936825238475,0.2410036327560578
5,8.419191,0.7776625808570643,3.381638096863565,0.24110958939168203
6,1.439939,0.7776523575149332,3.381646067856786,0.2411267485906743
1,4.610621,0.7775748814171508,3.3817406537018844,0.2410073192461144
2,3.137849,0.7776409679056581,3.381627861182714,0.24093135618325906
3,3.395818,0.7775820115710619,3.3817233506974507,0.24100347902203917
4,5.159392,0.777641277322417,3.381658446727259,0.2409316212367713
5,8.456714,0.777567508406198,3.381729409356322,0.24101408333079277
6,1.411797,0.7775561332519603,3.3817501941183132,0.24102782174522983
1,4.634073,0.7776062212136201,3.3815228564172104,0.24097199144864478
2,3.170681,0.777611033586024,3.381520405688506,0.24095648122680957
3,3.433341,0.7775357090771492,3.381622848241347,0.24103812806705116
4,5.12187,0.777525647085074,3.381645781151325,0.2410615510178416
5,8.428572,0.7775295673513495,3.381634810152077,0.2410704809706166
6,1.378965,0.7775352667766476,3.3816288582394156,0.2410746350382275
2,3.133158,0.7775029068108479,3.3816321199702157,0.24101026035426573
3,3.41458,0.7774791817261372,3.381637314446718,0.24104465922526602
4,5.140631,0.777500925373245,3.381585114788657,0.24102840972930906
5,8.428572,0.7774920900926257,3.381621255361015,0.2410507912198159
6,1.369584,0.7775035213423271,3.381584295652895,0.24103007240849628
1,4.634073,0.7774780989847729,3.3813513632856442,0.24131909252184236
2,3.119087,0.7775228612014282,3.3813883863090504,0.2412802263002619
3,3.377057,0.7775193369957948,3.3813646438280056,0.2412753810963839
5,8.433262,0.7776180829285644,3.3812830291258695,0.24113142951531014
6,1.341442,0.7775352922371314,3.3813598975521404,0.2411973843757676
1,4.634073,0.7774634600737361,3.3815247065985488,0.2410453977853165
2,3.119087,0.7774593382495371,3.381535354546224,0.24108329393758066
3,3.381747,0.7774758616789004,3.381509967839962,0.24108130317430096
4,5.13125,0.7775805880178523,3.381366075672034,0.24096511735888054
5,8.423881,0.7775854106468533,3.381372672243526,0.2409281075184127
6,1.383655,0.7775025399558942,3.3815127686151363,0.24101416469861678
1,4.657525,0.7774858441249533,3.381515259741066,0.24103823126056012
2,3.15661,0.7775129583016435,3.38146822460663,0.2409849567424648
3,3.353605,0.7774177106242794,3.3815619561389307,0.24108088197677863
4,5.145321,0.7773760583634874,3.3815903634348774,0.24114081527578918
5,8.414501,0.7773405938930875,3.381348008308347,0.24119217176769053
6,1.364894,0.7775459828675381,3.3813589451508186,0.24099702078044571
1,4.620001,0.7773802848357612,3.3815578271185873,0.24103609337066845
2,3.105016,0.777338209324419,3.3815945012386313,0.24108716257925167
3,3.377057,0.7773630655749357,3.38156250553597,0.24107145146239076
4,5.140631,0.7773837945907273,3.3815320841218823,0.24106515910280804
5,8.437953,0.7773745825499376,3.3815017431332772,0.24108434409924814
6,1.341442,0.7773690761259904,3.381484590820217,0.24109044722440792
1,4.634073,0.7774283356474587,3.3814212463001194,0.2410662085713478
4,5.13125,0.777426850877042,3.3814101048384297,0.24108467739509992
5,8.447333,0.7775553871629053,3.381224182428076,0.24094299250332663
6,1.364894,0.7775432868067778,3.381270517676199,0.2409316919399565
1,4.638763,0.7774439834321992,3.381363572269938,0.24109059555511536
2,3.15661,0.7774716872566878,3.3812997077112352,0.2410375653781478
3,3.344224,0.7774992866741525,3.3812480662797766,0.24098473195711081
4,5.135941,0.7774115341704284,3.3813789356308033,0.24107868372842914
5,8.452024,0.7773972215887651,3.381399377967456,0.2410952915420847
6,1.388346,0.777379353714808,3.3813939724558426,0.24111550484967592
1,4.666905,0.7775455904403722,3.3814307170821376,0.2408299495865005
2,3.142539,0.7772776861917693,3.3813364751468797,0.24111237601807756
3,3.362986,0.7774556634133168,3.381383550657843,0.24097737446583622
4,5.140631,0.7774486415790336,3.381489467388424,0.24100224057426944
5,8.423881,0.7774815609994296,3.3814089528706077,0.24095850293124232
1,4.666905,0.7775067137499759,3.381275244724441,0.24085900384719977
2,3.090945,0.7773687608648826,3.381438254788367,0.24100888074650353
3,3.377057,0.7773417151051488,3.3814458589451313,0.24105586229115508
4,5.140631,0.7774497597018394,3.3813083490750095,0.24094864570260438
5,8.466094,0.7773543539355277,3.381420663440601,0.24105369312805852
6,1.369584,0.7773478446933052,3.381424488663842,0.24107765767865208
